Price,Close,High,Low,Open,Volume
Ticker,SPY,SPY,SPY,SPY,SPY
Date,,,,,
2001-01-02,81.77432250976562,83.89704267195508,80.98078226221816,83.79785014101164,8737500
2001-01-03,85.70234680175781,86.33717900028935,81.04029784379182,81.45690647407815,19431600
2001-01-04,84.77986145019531,85.99992965639328,84.43268757038288,85.66267503028978,9219000
2001-01-05,82.01240539550781,84.82947398916096,82.01240539550781,84.73028143304641,12911400
2001-01-08,82.64723205566406,82.64723205566406,81.06015126726916,82.4488469571147,6625300
2001-01-09,82.42899322509766,83.48043405323969,82.16117339151431,83.19277571346498,5702400
2001-01-10,83.877197265625,83.877197265625,81.77431578261738,81.89334680995742,8746100
2001-01-11,83.95652770996094,84.74014841991922,83.22250324746837,83.22250324746837,7245100
2001-01-12,83.79785919189453,84.88897715012233,83.341573500272,84.23430637518565,7244000
2001-01-16,84.33349609375,84.55171967809045,83.49035951788917,83.79785638673253,8542200
2001-01-17,84.72030639648438,85.7320698026946,84.20450544429879,85.6031195646482,7851400
2001-01-18,85.5634536743164,86.14868944602804,84.3929821308931,84.71039814266892,8107000
2001-01-19,85.07744598388672,86.45622236161321,84.98817269324255,86.45622236161321,7782500
2001-01-22,85.64286041259766,86.19833877524596,84.78980435567347,85.22625164061142,7050900
2001-01-23,86.3173599243164,86.75380715905209,85.16672630546779,85.36511141216582,8463100
2001-01-24,86.57525634765625,87.17041163877214,86.2380016826906,86.4959023088408,6199900
2001-01-25,86.35704803466797,87.13075005014053,86.11898587606103,86.49591762718869,10818300
2001-01-26,86.25780487060547,86.41651288324688,85.35515304870746,85.80151933426141,7136800
2001-01-29,86.71809387207031,86.9085358078593,85.93724318824788,86.0197744849377,6705900
2001-01-30,87.47986602783203,87.55604278068459,86.20384729693646,86.52761787009823,7069100
2001-01-31,86.9847183227539,88.05123186187582,86.71808993797343,87.22594799273351,9706900
2001-02-01,87.56243133544922,87.57513069618865,86.4959175159137,87.03552894943819,8239100
2001-02-02,85.57540130615234,87.60051801914032,85.54365775182124,87.22595957686966,8276600
2001-02-05,86.20384216308594,86.2990727852494,85.54362107522161,85.57536461594276,4352900
2001-02-06,85.9499282836914,86.78155688787584,85.84200797572865,85.89279571243529,7106700
2001-02-07,85.50557708740234,85.95630266460313,84.86439016700528,85.52462128436724,5748700
2001-02-08,84.50885009765625,85.95626658000226,84.49616042952255,85.57537311383042,5943300
2001-02-09,83.69628143310547,84.65488432919919,83.32807756605395,84.65488432919919,9913000
2001-02-12,84.6548843383789,84.7501053010873,83.6074053147296,83.6074053147296,5804400
2001-02-13,83.96292114257812,85.17545322729279,83.79786822271095,84.87708125489132,6587600
2001-02-14,83.83592987060547,84.21047850396711,82.9471687597864,84.21047850396711,8400100
2001-02-15,84.64852142333984,84.76279625403082,83.79150378362452,84.33110533008889,5929800
2001-02-16,82.7821273803711,83.34712773536202,82.08381766804332,83.16303063202047,6434900
2001-02-20,81.50611114501953,83.25189981013635,81.32201405705929,83.18841271124178,5760000
2001-02-21,79.7475814819336,81.7917360407598,79.67139991369712,81.19499737474716,10910800
2001-02-22,79.86822509765625,80.33165466259572,78.0970429542004,80.21103501349137,21281600
2001-02-23,79.32862854003906,79.69683236642655,77.32256137211459,79.4048101451698,20173000
2001-02-26,81.01728057861328,81.01728057861328,79.03660253061308,79.8618862614594,11503700
2001-02-27,80.26819610595703,81.15695743512758,79.67780188393033,80.4967361172826,11415000
2001-02-28,78.68744659423828,80.52211120278443,78.25576051908712,80.46497863153957,14825800
2001-03-01,79.10011291503906,79.10011291503906,77.29084161591068,78.75095801500329,14672000
2001-03-02,78.47162628173828,79.76668484226919,77.63999746254589,77.76696199375256,12564300
2001-03-05,79.18893432617188,79.21432818481328,78.59854043206332,78.8143858088236,5293200
2001-03-06,80.03965759277344,81.09982637197486,79.66510401699573,80.21106018278284,6917000
2001-03-07,80.6109848022461,80.64907317959775,79.83648884019783,80.56019707018743,6371700
2001-03-08,80.69986724853516,80.77604400922016,80.07772959042543,80.3697518076165,6055000
2001-03-09,78.31289672851562,80.05233551483263,78.15418868631993,80.05233551483263,10020300
2001-03-12,74.96101379394531,77.76697194582252,74.75151793159674,77.66539643314914,13972900
2001-03-13,76.19257354736328,76.45920680494866,74.61184241359852,75.79898060546543,12888000
2001-03-14,74.68800354003906,75.72912788029487,73.48182148436176,74.30710521808437,19883400
2001-03-15,74.70704650878906,75.45614862852517,74.50390041750731,75.19586512602223,10370300
2001-03-16,73.20864868164062,74.72998267360818,73.08133745142621,74.55811372692543,58514600
2001-03-19,74.69815063476562,74.91457728917487,73.08770127491013,73.68605189168238,10067800
2001-03-20,72.69302368164062,75.40469132129205,72.63573728850254,75.04822970240983,15083900
2001-03-21,71.4581527709961,73.3677773410441,71.22899743407622,72.68031133028448,19004600
2001-03-22,70.73247528076172,71.67455374212146,68.77192679268605,71.30535860025817,28624800
2001-03-23,72.87129974365234,72.98587744986988,70.97440324214604,72.08835127509451,12861700
2001-03-26,73.80061340332031,74.0106683799395,73.05585625492746,73.64783996669196,9943800
2001-03-27,75.30923461914062,75.52566128698021,73.38051436155827,73.59694102939785,12880700
2001-03-28,73.22772979736328,74.4435214549136,73.13861438189575,74.41169729591857,10953300
2001-03-29,73.50780487060547,74.15707497822272,71.38175401541639,73.01129848663274,12060300
2001-03-30,74.27803039550781,74.27803039550781,72.8840029338091,73.55237346223552,9183600
2001-04-02,72.69302368164062,74.71722546508319,72.43841101468207,74.02976446529964,10561000
2001-04-03,70.26779174804688,72.66118832873052,70.05773195939541,72.55297747630688,12836000
2001-04-04,70.56063079833984,71.35630774657648,69.57399429638242,70.3823999389631,14884300
2001-04-05,73.23408508300781,73.51415997778598,71.61090267969793,72.1201377079903,21522800
2001-04-06,72.12017822265625,72.8203731375851,71.3308629997501,72.55938870345615,14937800
2001-04-09,72.92223358154297,73.19594677430142,71.78918985314765,72.56577169569157,9034300
2001-04-10,74.25253295898438,74.9527273172021,73.3104498333726,73.48868059476358,17873600
2001-04-11,74.30348205566406,75.74206216750648,73.9279200927136,75.6083890521455,12722300
2001-04-12,75.6529541015625,75.71024536023647,73.81334960862493,74.0297762376667,9233200
2001-04-16,74.85730743408203,75.67844685905514,74.4180969371359,75.29652278745623,7350000
2001-04-17,75.91394805908203,76.16856565521823,74.48809146329,74.67268909907808,10924700
2001-04-18,78.93111419677734,80.20419668382215,76.82416423477397,77.05968138676572,32481600
2001-04-19,79.9814453125,80.10238490248834,78.66380452158941,79.09028618699503,13809900
2001-04-20,79.24943542480469,79.82232388108875,78.71474276989115,79.50405305608953,7626700
2001-04-23,77.81080627441406,78.8611003788506,77.60075133866648,78.7083318283729,8451800
2001-04-24,77.39071655273438,78.70835726036486,77.08517449662857,77.98906225895115,10044700
2001-04-25,78.40283966064453,78.72111050917172,76.98971631615538,77.28889169079939,8249000
2001-04-26,78.75291442871094,79.70772666988071,78.61287452297785,78.75928120345141,10590400
2001-04-27,80.06422424316406,80.10241519587444,79.05848706607804,79.51679792431615,7938700
2001-04-30,80.62435913085938,81.01264502808058,79.35763788568039,80.49068112494452,10766900
2001-05-01,80.87261199951172,80.93626518805075,79.31308216995694,79.61225749816009,10578000
2001-05-02,80.7261962890625,81.27998916606619,80.20423243099088,81.10175831547001,9572900
2001-05-03,79.70136260986328,80.29971318876659,79.07118786902608,80.28697963885193,9926200
2001-05-04,81.05714416503906,81.06351093605922,78.57463767374554,78.70831072662878,12145300
2001-05-07,80.35702514648438,81.0826823167246,80.3506632259304,80.75168276008593,7185200
2001-05-08,80.31881713867188,80.90443422950018,79.92415960889096,80.7516656093769,6952600
2001-05-09,79.9814453125,80.5543336686408,79.60588327930849,79.72682772572335,9507400
2001-05-10,80.21697235107422,81.15905608004701,80.05783694699569,81.00628745193123,6872400
2001-05-11,79.66317749023438,80.51614085260054,79.18577131852672,80.20423684688436,7734400
2001-05-14,79.82229614257812,79.84775838250113,79.2239456454516,79.50402542817902,7914000
2001-05-15,80.19149780273438,80.52249723557091,79.4722028220826,79.9177847720244,9782200
2001-05-16,82.08200073242188,82.24113606137689,79.32578052580406,79.4658155358876,14909000
2001-05-17,82.2093276977539,82.80131632081093,81.83377055819258,82.11385036154411,11824600
2001-05-18,82.58489227294922,82.58489227294922,81.5409646701486,82.17113449746095,6683100
2001-05-21,83.80069732666016,83.92164178409881,82.20934333479153,82.64855859060391,11531500
2001-05-22,83.6924819946289,84.08077273662403,83.43150733553325,83.91527542684953,8342700
2001-05-23,82.27301025390625,83.41878719421057,82.27301025390625,83.41878719421057,12330800
2001-05-24,82.51488494873047,82.75040221615569,81.82741890323847,82.41303596876425,7902800
2001-05-25,81.54092407226562,82.55938407047002,81.41361293017245,82.52755507084085,7425000
2001-05-29,80.89169311523438,81.7001035211417,80.77711545362648,81.61735001994225,9003900
2001-05-30,79.75865936279297,80.89806448085494,79.5676949523367,80.5797937010456,10041800
2001-05-31,80.17242431640625,80.68802639027192,79.7332138504667,79.84142477276865,9874200
2001-06-01,80.66891479492188,80.90443206622558,79.64408248516152,80.33154368554794,8848300
2001-06-04,81.05714416503906,81.11443539137379,80.25510584773963,80.71341623272407,5623500
2001-06-05,81.98654174804688,82.26024991286833,81.01262923773001,81.15266913554392,9115400
2001-06-06,81.30547332763672,82.00566822505773,81.0699511507578,82.00566822505773,12064900
2001-06-07,81.59823608398438,81.70008502966226,80.84075033388643,80.87257934351703,7355300
2001-06-08,80.84078216552734,81.3945750987545,80.29335600801828,81.28635933725475,8170600
2001-06-11,80.26793670654297,80.83445863788005,79.82872607554708,80.65622767383192,7012200
2001-06-12,80.12784576416016,80.67527186653452,78.95661168419502,79.47857554268843,9364400
2001-06-13,79.44037628173828,80.57341930538095,79.34489409129543,80.31243497526557,7629400
2001-06-14,77.65806579589844,79.12211324117857,77.49893041516914,79.04572651011499,12603000
2001-06-15,77.78318786621094,78.1342834036553,76.8575794423872,77.18314031617753,16821100
2001-06-18,77.40655517578125,78.15981063612185,77.18313297784944,77.65551203493938,11368300
2001-06-19,77.74491119384766,78.44709760522004,77.17039326809189,78.121536635585,7732300
2001-06-20,78.15341186523438,78.4279033368411,77.30440279372546,77.36185698883457,8787200
2001-06-21,79.04072570800781,79.35351675019142,77.97467928957934,78.01936372417701,12259100
2001-06-22,78.42149353027344,78.89387235328371,77.9810342355385,78.83003816696927,12212000
2001-06-25,77.70020294189453,78.79816911482132,77.55976472857985,78.69603046141462,8406800
2001-06-26,77.59169006347656,78.12790342314477,76.9661029402909,77.17676027597744,8005800
2001-06-27,77.54698181152344,78.03212569174954,77.1831214662349,77.62358091353917,10105100
2001-06-28,77.97470092773438,79.11735163837758,77.83426270281606,77.87894714981375,10269300
2001-06-29,78.2619400024414,79.16201849657384,78.04490269960112,78.3896133013813,9824200
2001-07-02,79.23858642578125,79.3598747944883,78.27467896682835,78.38958245554122,8522200
2001-07-03,79.21947479248047,79.21947479248047,78.54920817751774,79.14287567662119,3303100
2001-07-05,77.6746597290039,78.93221375678219,77.6618948338526,78.56196848429384,5517900
2001-07-06,75.99578094482422,77.55335596781295,75.99578094482422,77.43845245322679,11665900
2001-07-09,76.4107666015625,76.94698505373478,76.09159045891563,76.27671320607979,8339300
2001-07-10,75.49150085449219,77.01077669961792,75.4595813097914,76.78735449742865,8630700
2001-07-11,75.56810760498047,75.89366848691671,74.74463294492949,75.38936982516894,15328600
2001-07-12,77.36188507080078,77.54062286226507,76.16178012198701,76.28306856772616,12002800
2001-07-13,78.03213500976562,78.08320433069972,76.99800804716197,77.13844137437299,10433800
2001-07-16,77.05547332763672,78.05768582474946,76.78736664260416,77.73212492421591,6915300
2001-07-17,77.77680969238281,77.84702880592934,76.49372560719151,76.72991274344845,7469800
2001-07-18,77.24697875976562,77.64913877624676,76.64054142289352,76.95971743064536,7709300
2001-07-19,77.92362976074219,78.50453242826417,77.08739018510087,77.99384887154682,10082900
2001-07-20,77.45760345458984,77.8406184227709,77.1894968730532,77.33631992688763,6705800
2001-07-23,75.9319839477539,77.80235588426036,75.9319839477539,77.7512914152212,8065200
2001-07-24,75.1978759765625,76.09156498053919,74.52760435334018,75.96389651432531,12269000
2001-07-25,76.0276870727539,76.27026383754593,74.98079066643035,75.27443186622969,12088500
2001-07-26,76.82562255859375,77.14479839379376,75.68297248414933,76.00214831934933,12898200
2001-07-27,77.11930847167969,77.464019158056,76.54479553129208,77.13207823982673,8478800
2001-07-30,77.14485168457031,77.46402774025347,76.7937609454629,77.36189393495971,8547700
2001-07-31,77.46400451660156,78.31301373904404,77.11291388275087,77.24058231865318,11918100
2001-08-01,77.94918823242188,78.32581369609235,77.59171255568505,77.85981931323767,11940800
2001-08-02,78.26832580566406,78.67687062660097,77.80871166455044,78.664105731676,11070100
2001-08-03,77.84064483642578,78.10875150893901,77.17675816860304,78.10875150893901,10816300
2001-08-06,76.79373931884766,77.56614457164768,76.66606601038562,77.46400592487805,8550100
2001-08-07,77.0937271118164,77.36821851784993,76.54474916998598,76.77455128481168,8865100
2001-08-08,75.66383361816406,77.34270187023091,75.59999941597144,76.67881545290528,15183800
2001-08-09,75.88726043701172,75.94471463169154,75.23614374214628,75.77235691788985,14118500
2001-08-10,76.14897155761719,76.50006205516877,74.90418287474316,75.83618060192006,11173300
2001-08-13,76.16815185546875,76.50647759807642,75.84259100851628,76.34688961607365,7431600
2001-08-14,76.13623809814453,76.82565940165718,75.83621676017502,76.69160607101401,13178100
2001-08-15,75.4787368774414,76.35328084478633,75.37660309299537,76.11070884526777,8520600
2001-08-16,75.74044799804688,75.80428220901737,74.68716647120027,75.19784989944047,10734700
2001-08-17,74.52758026123047,75.24253610353189,74.05520124465468,75.10209791395141,11604600
2001-08-20,75.21701049804688,75.26169493917929,74.39992079148891,74.55950877699598,10417400
2001-08-21,73.93391418457031,75.67023206890181,73.92114928993773,75.19785304368284,14480800
2001-08-22,74.6999282836914,74.96165486918294,73.90837338578753,74.52757543415734,11752300
2001-08-23,74.43179321289062,75.01907549730998,74.36157414951049,74.66160017118274,8744100
2001-08-24,75.97663879394531,76.04685789053003,74.52119728334965,74.82122344689563,11687700
2001-08-27,75.5234146118164,76.09154743487215,75.49149993774192,75.94472921960444,7425100
2001-08-28,74.41905212402344,75.63830149855399,74.41905212402344,75.50424820838492,12046600
2001-08-29,73.75517272949219,74.80206936530074,73.5189807936405,74.77014982496686,16180000
2001-08-30,72.3380355834961,73.88284597997156,71.52094594801282,73.31471319060465,17692600
2001-08-31,72.86784362792969,73.26361854378948,72.21672220145601,72.38907987856122,15985400
2001-09-04,72.40185546875,74.1573228091963,72.36994080288434,72.67634692042928,24473400
2001-09-05,72.58057403564453,72.89336982217965,71.46345875005488,72.58057403564453,21477100
2001-09-06,70.71025848388672,72.32529335385172,70.71025848388672,71.9103635235483,21653000
2001-09-07,69.40160369873047,71.01663286233939,69.34414950816108,70.2314580594738,33133900
2001-09-10,70.25065612792969,70.44215885098262,68.75052467769275,68.75052467769275,23408700
2001-09-17,66.58012390136719,67.92066229550588,63.83520800888901,64.4735600889779,32388700
2001-09-18,66.4205551147461,67.2184954459168,65.98009049346265,66.59929296968973,22029200
2001-09-19,65.07996368408203,66.7077627127269,62.91595148426426,66.45242102016175,42771800
2001-09-20,63.01171112060547,64.99060090013505,62.91595736815894,64.09052731570925,36210900
2001-09-21,62.33191680908203,63.42759446136876,60.102118218345524,60.40967428468099,49782100
2001-09-24,64.52326965332031,64.81801779771644,63.47244417113132,63.89533985686158,25549600
2001-09-25,65.19601440429688,65.356201171875,64.01063330192119,64.55526733398438,25466200
2001-09-26,64.96537017822266,65.61252633815954,64.35025333959005,65.58048701685524,18587500
2001-09-27,65.52922821044922,65.54204589479755,64.07473390182408,64.87566807559688,20536800
2001-09-28,66.91960906982422,70.23867827032917,65.6765584959194,65.98411916469878,21687200
2001-10-01,66.81067657470703,66.8427158748537,65.88800437031536,66.57360335226075,20457400
2001-10-02,67.65009307861328,67.65009307861328,66.41345074083593,66.63771129151816,19833100
2001-10-03,68.78421783447266,69.12381310233798,66.86197604186412,67.02216285791484,32045800
2001-10-04,68.8418960571289,69.8222387091996,68.39977882638554,69.3865303206666,32674100
2001-10-05,68.70732879638672,68.95721982927022,67.6116467124963,68.72014159025947,29796100
2001-10-08,68.2587890625,68.75216707633088,67.83589851058605,68.09219344458843,12970300
2001-10-09,67.89356231689453,68.39975311391407,67.66289296917644,68.31004891074731,15976300
2001-10-10,69.40573120117188,69.55310519684834,67.6116372229566,67.79105053158838,19987400
2001-10-11,70.48219299316406,70.674419111278,69.80940646827857,69.80940646827857,23006300
2001-10-12,70.16177368164062,70.41166453928895,68.7521326954957,69.93751328227803,31360500
2001-10-15,70.03365325927734,70.12976140423704,69.23912341185613,69.60434902823886,16873000
2001-10-16,70.47576904296875,70.8730339872616,69.80939150182212,70.35403042354187,15877100
2001-10-17,68.97645568847656,71.21907149421467,68.97645568847656,71.16781053112575,28542300
2001-10-18,68.82904052734375,69.30319681991173,68.39974121706956,69.0853403011756,16510000
2001-10-19,68.78421783447266,69.14303962661555,67.9256188469274,68.5599572697044,21912500
2001-10-22,70.1425552368164,70.20662894117761,68.69446605340377,68.75213580928606,17540600
2001-10-23,69.78378295898438,70.66160353283439,69.4441828217395,70.45656461538256,22062500
2001-10-24,69.59795379638672,70.1297701896636,69.34165397119195,69.82862315021076,16065200
2001-10-25,70.84741973876953,70.86664137315827,68.39335671919906,68.84828665761462,27467900
2001-10-26,70.68722534179688,71.62912443378384,70.27073871689282,70.45014713660218,18623300
2001-10-29,68.84827423095703,70.83459416017297,68.84827423095703,70.58470318119643,18727500
2001-10-30,68.0217056274414,69.00845173109617,67.63725350667933,68.78419125299283,26178600
2001-10-31,67.79104614257812,69.1109836238645,67.79104614257812,68.49586698534718,28124200
2001-11-01,69.52742004394531,69.84779336748768,67.72691864145116,68.3035916015292,29806800
2001-11-02,70.00161743164062,70.08491279091686,69.11738823447376,69.4826138690114,17575900
2001-11-05,70.91790008544922,71.18060389465893,70.45015247986271,70.55908321881617,15929500
2001-11-06,72.02000427246094,72.0712652345263,70.38609654835737,70.7064702284942,23245800
2001-11-07,71.92388153076172,72.48133341919471,71.53302530240877,71.61632068819193,19716000
2001-11-08,72.14812469482422,73.09643258285091,71.69960366647463,72.3211291546966,22563500
2001-11-09,72.22499084472656,72.37876873086736,71.4048356006278,71.92383902167231,15895800
2001-11-12,71.78289031982422,72.18015524565507,70.48217460696667,71.12292164884818,26068800
2001-11-13,73.39761352539062,73.39761352539062,72.5197878646011,72.68638355034889,15296200
2001-11-14,73.46803283691406,73.94218411563612,72.85932042390289,73.79481019587249,17571300
2001-11-15,73.60261535644531,73.80124537752182,73.00031156542357,73.28224183160602,19470200
2001-11-16,73.2758560180664,73.75000761503959,72.66073924370599,73.7371948209651,18134900
2001-11-19,74.17928314208984,74.23054407885904,73.33349723944593,73.63464913232502,13625400
2001-11-20,73.55777740478516,74.19852457768916,73.45525551063429,73.92300309779992,16209700
2001-11-21,73.07081604003906,73.47448504250016,72.73122078405397,73.36555918463958,11470200
2001-11-23,74.12163543701172,74.16648754495411,73.04517995788136,73.07081043220745,6717100
2001-11-26,74.28179931640625,74.54450304229667,73.73075650969568,74.16646466178052,13726000
2001-11-27,73.9614486694336,74.90334782512618,73.10284488895041,74.0831922004046,19261400
2001-11-28,72.62229919433594,73.79486796789436,72.56463428179083,73.51934642364589,20195500
2001-11-29,73.60261535644531,73.63464977582203,72.404416613682,72.82731201295566,16354700
2001-11-30,73.07722473144531,73.62826774933387,73.05799820787976,73.30148528790845,13680300
2001-12-03,72.6414794921875,73.09640921508324,72.41081021177402,72.8208878461733,15220400
2001-12-04,73.87171936035156,73.87812819888703,72.62866866409072,72.99389424442872,17239900
2001-12-05,75.22371673583984,75.60816404991651,74.04473943235685,74.07677874541025,25204000
2001-12-06,75.1852798461914,75.56973210637678,74.92257601614587,75.1852798461914,17972900
2001-12-07,74.68546295166016,75.0250580531074,74.1344201834023,74.90331945675598,18857800
2001-12-10,73.2886734008789,74.57657682485684,73.2694517643069,74.23057270101886,13862700
2001-12-11,73.14126586914062,74.14723839265018,72.9810791304384,73.62182608524732,20833300
2001-12-12,73.22457885742188,73.54495241202278,72.47490591289875,73.39758331447337,16171500
2001-12-13,71.80210876464844,72.85293347565133,71.7892959753243,72.6927467222849,19026700
2001-12-14,72.48774719238281,72.71841663343133,71.76370443429485,71.97515223667506,16721900
2001-12-17,73.23741149902344,73.27585476910522,72.34036438517845,72.39802929030111,13925900
2001-12-18,73.673095703125,73.7820215250454,73.26301310625594,73.44883033168527,13663700
2001-12-19,74.192138671875,74.2754340702366,73.04520029120712,73.10286520810796,20143400
2001-12-20,73.46165466308594,74.19851479245165,73.39758093194811,74.00628871052587,14867900
2001-12-21,73.90721893310547,73.9843748226198,73.42500566062675,73.95865619278169,14037700
2001-12-24,73.76579284667969,73.96510614765695,73.68863693727155,73.83008698518897,5728800
2001-12-26,74.17085266113281,74.7173602136004,73.71435788646795,73.71435788646795,10304800
2001-12-27,74.62092590332031,74.63378767623482,74.100136922852,74.13228644980917,9407300
2001-12-28,74.58234405517578,75.06455748656701,74.5309067785485,74.76880050395317,10593800
2001-12-31,73.48929595947266,74.8330610979557,73.44428958893319,74.6787542425813,14619500
2002-01-02,74.28015899658203,74.4216090599936,73.17428203390489,74.0101206420666,18651900
2002-01-03,75.12242126464844,75.19314629416917,74.28658758763883,74.35731261715955,15743000
2002-01-04,75.62388610839844,75.85534882324667,74.93592884630121,75.33455526217513,20140700
2002-01-07,75.0902328491211,75.86177193256466,74.94235199037604,75.6753155912452,13106500
2002-01-08,74.91664123535156,75.2638353309646,74.56302116218511,75.09024073582127,12683700
2002-01-09,74.30583953857422,75.72676051966664,74.15795866482868,75.01951547054877,16610300
2002-01-10,74.63375854492188,74.80735316887687,74.13225751424389,74.38300802958288,12823400
2002-01-11,73.90080261230469,74.76235475050085,73.7464908131099,74.71734836873429,13708400
2002-01-14,73.4378662109375,73.83649270350313,73.27069757242421,73.71433534545575,12301100
2002-01-15,74.03579711914062,74.19010396165574,73.23210849410724,73.65002756018981,20219900
2002-01-16,72.5377426147461,73.55360652594881,72.45416073799939,73.48931239727229,17067000
2002-01-17,73.08421325683594,73.45069500156993,72.91061870630936,73.14208137722821,17283400
2002-01-18,72.74990844726562,73.19997219637072,72.44128980121715,72.65346481379255,17028000
2002-01-22,72.2484359741211,73.25143838559228,72.02339910536327,73.13570696078185,11689300
2002-01-23,72.80138397216797,73.00712820923593,72.02340851713366,72.4156092355022,12438900
2002-01-24,73.02637481689453,73.45715080406885,72.85920618555569,73.06495030669319,12142800
2002-01-25,73.00711822509766,73.41217575680734,72.67921170590664,72.73064898447169,12810700
2002-01-28,73.20640563964844,73.41858065964242,72.60203009372394,73.23212426982896,10589200
2002-01-29,70.9046630859375,73.38002441809756,70.75678704537825,73.19999885289737,27720800
2002-01-30,71.92692565917969,72.90420896000968,69.69588504318754,70.97535608006164,34711800
2002-01-31,72.76920318603516,72.84635908129373,71.76620107431104,72.10696436071335,19909200
2002-02-01,72.428466796875,72.84638613373558,72.11984800655864,72.71136204055831,15838500
2002-02-04,70.62818908691406,72.15841609852991,70.36458164289311,72.15841609852991,24243400
2002-02-05,70.19096374511719,71.03965892032082,69.77947547261405,70.33884464242011,33614000
2002-02-06,69.88876342773438,70.55743297686533,69.47727522908859,70.49956974830245,29486000
2002-02-07,69.45157623291016,70.63460881737714,69.43871936914891,69.90164494979567,23445400
2002-02-08,70.78248596191406,71.20683605276777,69.63160778167736,69.84377792177649,19277800
2002-02-11,71.65047454833984,71.77906281050636,70.60889196561111,70.75677288189759,18792400
2002-02-12,71.42544555664062,71.82407706155372,70.7439188629028,71.34186366760828,13942500
2002-02-13,72.18412780761719,72.35772737557555,71.592613891205,71.67620068515839,16781100
2002-02-14,72.04910278320312,72.63419067194886,71.74691496420942,72.33843373781168,20453800
2002-02-15,71.29685974121094,72.16484289920567,71.1811283264564,72.10697964449264,18366800
2002-02-19,69.92735290527344,70.91106716127831,69.83090927314363,70.82105441271099,15988100
2002-02-20,71.10394287109375,71.10394287109375,69.32297090632451,70.1138027294439,29242800
2002-02-21,69.6316146850586,71.12968720488007,69.60589604924546,70.67962334147074,26288600
2002-02-22,70.4931411743164,70.68602841982916,69.35512016070514,69.66373386713384,26572900
2002-02-25,71.65687561035156,71.88833832602657,70.53171153900259,70.55743016355825,17458700
2002-02-26,71.50898742675781,72.03620687670882,71.09106843348957,71.75330696028259,22346500
2002-02-27,71.78551483154297,72.56348532896774,71.14256352074604,71.98482816818466,28597900
2002-02-28,71.46402740478516,72.4927483515463,71.38687149427992,71.9012344203247,23755400
2002-03-01,73.12926483154297,73.1999898527942,71.69548646689294,71.83050562419217,26273600
2002-03-04,74.42158508300781,74.57589196368396,73.07138884010509,73.23212660486321,27184600
2002-03-05,74.18367004394531,74.83948268212264,73.9200627364894,74.15152544345482,22718900
2002-03-06,75.0645523071289,75.32173376719116,73.9843940991301,74.00368185020231,20143200
2002-03-07,74.90379333496094,75.54674435071168,74.30584869409967,75.45673160093273,19330800
2002-03-08,75.21884155273438,75.8039293595768,74.89094005087156,75.4695920684305,19930100
2002-03-11,75.37958526611328,75.80393534484435,74.85879644705932,75.15455336314723,15621800
2002-03-12,75.33460235595703,75.38603963703953,74.54377500696215,74.64664466379806,17153600
2002-03-13,74.60803985595703,75.06453450930154,74.35085845687259,74.98737861797804,17175300
2002-03-14,74.50516510009766,74.8587901358936,74.34442733934081,74.60803962153908,11168100
2002-03-15,75.2150650024414,75.40849984940523,74.7314705059654,74.77660579552807,21220100
2002-03-18,75.22795104980469,75.80181606711511,74.86041946659041,75.50521206306298,17548900
2002-03-19,75.73090362548828,75.91789410616734,75.32468597948916,75.63418865218713,17912000
2002-03-20,74.30590057373047,75.1699252475178,74.27366389417361,75.11834065697404,17114500
2002-03-21,74.338134765625,74.73145862042011,73.58372865175639,74.34458406864469,25846800
2002-03-22,74.17692565917969,74.75723986073545,73.95769366331369,74.47352960233572,15235400
2002-03-25,73.25493621826172,74.38332401593134,73.0550519540191,74.20922714372357,17499600
2002-03-26,73.68045806884766,74.16405258337493,73.16462687164525,73.1968635543204,19947600
2002-03-27,73.87393188476562,74.1576423715611,73.35165114260128,73.52574308352938,19020300
2002-03-28,73.84168243408203,74.64767357753524,73.82878874031377,74.13184219735291,17532900
2002-04-01,73.87393188476562,74.21567137874378,73.18400358955122,73.65470463179098,17711000
2002-04-02,73.46769714355469,74.1189343645038,73.35807862295212,73.49348944726242,15669500
2002-04-03,72.95185089111328,73.64177893257917,72.31995675486584,73.51282235112654,25658500
2002-04-04,72.64881134033203,73.11951229903937,72.36510582326409,72.60367603629537,23549000
2002-04-05,72.66172790527344,73.26783000646275,72.3328820835409,72.98412441929896,19404900
2002-04-08,72.81647491455078,72.88095323176192,71.72032876382048,71.77835777349642,16470100
2002-04-09,72.30704498291016,72.97762990702819,72.1716391212196,72.97762990702819,15122700
2002-04-10,73.12590789794922,73.20972913834659,72.27477721371939,72.28122651509628,17199300
2002-04-11,71.3076171875,72.89381144412302,71.24958820998766,72.79064225826434,25453700
2002-04-12,71.84282684326172,71.99113138120018,70.95301437376989,71.5849086882355,14950600
2002-04-15,71.29476165771484,72.12654521622616,71.05618647725836,71.97179627399015,17394900
2002-04-16,72.99055480957031,73.06793172907412,72.00402245294927,72.02336545298036,15040900
2002-04-17,72.83583068847656,73.29363321613906,72.60370477031233,73.11309192854046,12920100
2002-04-18,72.51985168457031,73.15819522035213,71.66872533040159,72.79711280324386,25204800
2002-04-19,72.78421020507812,73.01633600889933,72.5778767038347,72.99054370632156,10499200
2002-04-22,71.57202911376953,72.49408337930772,71.46885986365419,72.46184175880154,13922900
2002-04-23,71.26248931884766,71.88149465969947,71.03681285050483,71.63002097282826,16967000
2002-04-24,70.54676055908203,72.0942588598903,70.54031125567181,71.2882681118122,18902700
2002-04-25,70.58546447753906,70.75955635883717,70.10186990580408,70.41781698191166,25451500
2002-04-26,69.24429321289062,70.93365199335443,69.179814921595,70.79179680087708,19769800
2002-04-29,68.90254974365234,69.80526052623787,68.75424525505224,69.59247775017695,17724400
2002-04-30,69.54733276367188,70.05027022289724,68.76068497590815,69.00570440186024,19473500
2002-05-01,70.39849853515625,70.4436338474824,68.86389299668679,69.61829961101546,24575600
2002-05-02,70.12767791748047,70.8691907441392,69.49577870432115,70.34690514447934,15666800
2002-05-03,69.36682891845703,70.12768482010871,69.12180444136483,70.02451558356884,18185500
2002-05-06,68.00630187988281,69.63117767832004,67.90313266378953,69.40550116733972,23630400
2002-05-07,67.76773834228516,68.55438653164966,67.63878171950206,68.41253129496033,21910000
2002-05-08,70.28887176513672,70.51454828456974,68.85743081419129,69.02507833693261,27917400
2002-05-09,69.4764175415039,70.34688675420395,69.36680395665995,70.05673198976334,18085600
2002-05-10,68.16749572753906,69.66986413493248,68.0901188204215,69.61827953018744,18958900
2002-05-13,69.55379486083984,69.60537454148006,68.21262477663001,68.48988585250629,14677700
2002-05-14,71.0690689086914,71.16578882033204,70.28242084243688,70.68219418150794,34201200
2002-05-15,70.79179382324219,71.51396344576095,70.46939746094637,70.60480334278525,29535300
2002-05-16,71.15934753417969,71.23672445608852,70.49521160911253,70.73378184275047,28092000
2002-05-17,71.5075454711914,71.73322203980013,70.99170909775985,71.35279652691403,27823700
2002-05-20,70.7337875366211,71.37213612515018,70.59838160191553,71.33989450858122,13833800
2002-05-21,70.08897399902344,71.23670929248688,69.84395451087023,70.99813419025296,16877200
2002-05-22,70.24371337890625,70.35977625353014,69.63760670927287,69.77946188041068,15844200
2002-05-23,70.99168395996094,71.15933145987009,69.94712280673724,70.4500603870862,13879800
2002-05-24,70.08253479003906,71.05616842865405,70.03095018260308,70.91431813727345,11877000
2002-05-28,69.70211029052734,70.36624617884418,69.28299392896079,70.31466648647208,24236900
2002-05-29,69.18626403808594,69.65051068577688,69.07664553186584,69.39259752129689,14773300
2002-05-30,68.99281311035156,69.32165873718174,68.2835421837468,68.70265838745154,18217900
2002-05-31,69.13467407226562,69.99869392885381,68.89609900232007,69.2507369550259,19826300
2002-06-03,67.29703521728516,69.37971348218532,67.1422813828427,69.05086773321923,26056300
2002-06-04,67.46465301513672,67.83218462786256,66.76828069375655,67.15515529882943,25856200
2002-06-05,68.09654235839844,68.13522833762926,67.28410235891337,67.67097690935209,19695900
2002-06-06,66.71025848388672,68.09011459931398,66.51037430211443,68.05142860784278,22998500
2002-06-07,66.63288116455078,67.00686214435964,65.58832004633902,65.6270060375681,24011600
2002-06-10,66.89083099365234,67.35508278622054,66.42657920108414,66.56843446207783,18759900
2002-06-11,65.7430419921875,67.40660780468248,65.59474247365674,67.142240521267,19990700
2002-06-12,66.1428451538086,66.2911447397036,64.98221617151552,65.58187365913717,31266000
2002-06-13,65.47874450683594,66.41369258026191,65.34333362009258,65.85272078457761,21043900
2002-06-14,65.38198852539062,65.48515281156078,63.51208848953866,64.67916184088135,39267500
2002-06-17,67.13587188720703,67.27772226343154,65.6721885218668,65.71732385052503,17647200
2002-06-18,67.68392944335938,67.72261545341377,66.8199041702258,66.89083180157932,21628500
2002-06-19,66.10417938232422,67.3357364329995,65.92363812072125,66.73607871731508,21540700
2002-06-20,65.25948333740234,66.44590473182978,65.0982851259417,65.93651779328866,25691000
2002-06-21,64.23908233642578,65.30671514443772,63.850853570765956,65.00907292621197,31190700
2002-06-24,64.57559204101562,65.15146614667957,62.92561256467975,63.80560096051225,37169700
2002-06-25,63.12615203857422,65.28082820848329,63.11321321977491,64.8990713464506,33355000
2002-06-26,63.22969436645508,63.50792592124539,61.592659495762156,61.59912643809418,37913600
2002-06-27,64.33613586425781,64.37495725688946,62.485573787674376,63.73437959548633,31616400
2002-06-28,64.03202819824219,65.02848518046379,63.98026304515612,64.21320129744672,28184200
2002-07-01,62.78325271606445,64.57558375234599,62.69266612252666,64.1744110262507,20270200
2002-07-02,61.45027160644531,62.89318875267164,61.32085878702513,62.67319436454878,34213900
2002-07-03,61.79973220825195,62.0132549057364,60.64151239087271,61.223858239917945,30565800
2002-07-05,64.25847625732422,64.40082791943954,62.54379924528597,62.62144201618865,19013500
2002-07-08,63.456153869628906,64.5108429370484,63.12615719244743,64.04497137329395,19118600
2002-07-09,61.85794448852539,63.63085911677839,61.47618757115942,63.23616337873772,28620400
2002-07-10,59.60621643066406,62.162060611922755,59.554451273103076,62.11676733320618,50522500
2002-07-11,60.09147644042969,60.40205737183794,58.441498581315564,59.37325124873012,59476500
2002-07-12,59.4315071105957,60.751488938912715,59.21797954941276,60.389142728369684,39018600
2002-07-15,59.748558044433594,59.78738437754677,56.86918928220526,59.29562529641903,77317200
2002-07-16,58.596771240234375,59.774400531864046,58.15031066993413,58.95912213222355,53282400
2002-07-17,58.71329879760742,60.36974967995635,58.072720863367664,59.82622526863298,48880600
2002-07-18,56.81096649169922,58.94622757195367,56.77861203157213,58.68740670072957,32656700
2002-07-19,54.81158447265625,56.64920835458193,54.54629663859319,56.13803845276523,77572600
2002-07-22,53.18747329711914,55.58803157390583,52.70218611398266,54.416868481717515,78134000
2002-07-23,51.73160934448242,53.86040294800478,51.6022014096297,53.413942117145496,74484100
2002-07-24,54.818031311035156,55.07685208362898,50.2628024978091,50.55397278160487,107022800
2002-07-25,54.35215759277344,55.549198171485585,52.79923781708931,54.52685878436231,87176600
2002-07-26,55.38745880126953,55.60098640813521,54.2227721882346,54.77276350021759,41206800
2002-07-29,58.085628509521484,58.45444650843201,56.487420471972996,56.61682839079941,53492900
2002-07-30,58.84270095825195,59.14034322614319,57.406249842683145,57.79447867312399,47532200
2002-07-31,58.98503494262695,59.2373838533541,57.74916802485395,58.55150802468909,44669900
2002-08-01,57.445068359375,59.107985797792196,57.153897985318736,58.80387166596618,66571900
2002-08-02,56.157447814941406,57.52919504795028,55.40040080004307,57.26390228362307,51772900
2002-08-05,54.203369140625,56.2480492390719,54.061022306243714,55.96334569711117,47191300
2002-08-06,56.02802658081055,56.87566497551839,55.070395867460356,55.148043602298365,64730000
2002-08-07,57.00508117675781,57.26390206039554,55.497454095921,56.856262500869605,43289400
2002-08-08,58.84914779663086,58.94620620523302,56.810945898964086,57.21211341417929,48339800
2002-08-09,59.06915283203125,59.48973601844968,57.81387515039362,58.29916230320039,41879200
2002-08-12,58.63562774658203,59.056205974309414,57.94328497574675,58.22798340021816,25841700
2002-08-13,57.56798553466797,59.30854998909513,57.360929925474025,58.331504019182226,49690500
2002-08-14,59.67090606689453,59.93619379658537,56.953295187309934,57.60034469150685,57423600
2002-08-15,60.4991569519043,60.81620997507318,59.65799022820108,60.072101709735456,45551500
2002-08-16,60.31797409057617,60.8744372299646,59.52857266322992,60.0591532221122,36517300
2002-08-19,61.72853088378906,61.95499724933941,60.240314876007055,60.4732531196007,33669900
2002-08-20,61.07501983642578,61.728541405490155,60.576793747291816,61.353251400554385,30508300
2002-08-21,61.954986572265625,61.97439726645384,60.5444185343053,61.508520859553826,39628900
2002-08-22,62.55680465698242,62.8609189976864,61.515053587873325,61.786813448527724,38399800
2002-08-23,61.21088409423828,62.213812832898014,60.919713782547966,62.1232262943012,33716400
2002-08-26,61.63792037963867,61.88379734715293,60.4991121798884,61.41145410211309,33830100
2002-08-27,60.92618942260742,62.27852064417173,60.499134340052535,61.922641408709325,35335700
2002-08-28,59.59326934814453,60.492667930049514,59.39915742301644,60.356788101480795,38970600
2002-08-29,59.619136810302734,60.20795418808178,58.75855984428519,59.05620200329817,42965700
2002-08-30,59.38623046875,60.427981052459245,59.1403533193807,59.3215264754,30366700
2002-09-03,57.12156677246094,58.88154336396499,57.03745205911669,58.70684205575796,76586400
2002-09-04,57.93679428100586,58.39619868659216,56.97915915537353,57.33503824112069,51099500
2002-09-05,57.445068359375,57.865651628142956,56.61684557960884,57.25742336449092,67250900
2002-09-06,58.234474182128906,58.60329232115183,57.807419001893145,58.07271175384522,38622200
2002-09-09,58.66151809692383,59.107978956361514,57.45800546668963,57.65211738139401,33998400
2002-09-10,59.33444595336914,59.386211105810354,58.596809809170054,58.97209975947391,41416600
2002-09-11,58.96564865112305,60.38916122508972,58.94623794626959,59.83269798183159,27711200
2002-09-12,57.878570556640625,58.77796888522867,57.580928405998115,58.71973680507046,43601700
2002-09-13,58.020938873291016,58.16976245961643,57.102129587655334,57.386833003270795,41131000
2002-09-16,58.16330337524414,58.16330337524414,57.23802200755722,57.78801332421634,28167600
2002-09-17,56.830345153808594,59.00443134784726,56.77858002142798,58.810314569717306,47609700
2002-09-18,56.26094436645508,57.26387292911726,55.82742244544688,56.29977068803755,54719400
2002-09-19,54.80509948730469,56.16390760506,54.805099487304695,55.63979406890417,48510500
2002-09-20,54.82331085205078,55.37576765600445,54.62832872292294,55.19378235199408,46325600
2002-09-23,54.37485885620117,54.63483507796329,53.74440610509804,54.36835796303855,46893800
2002-09-24,53.49741744995117,54.368353590745166,53.198440851985524,53.58191417808437,69507000
2002-09-25,54.82331085205078,55.09628880806634,53.32192713523759,54.18636228801448,59294400
2002-09-26,55.72023391723633,55.87622057984263,54.888293479640645,55.258764902534736,53638000
2002-09-27,53.783363342285156,55.65521758645872,53.783363342285156,55.24575086518717,64648300
2002-09-30,53.159420013427734,53.815871012001345,52.58096481308021,53.29590894127903,73096400
2002-10-01,55.713722229003906,55.74621675810567,52.95143436034626,53.57538584857244,67198100
2002-10-02,54.04337692260742,55.5902570943559,53.685902217986026,55.04430113681927,56749100
2002-10-03,53.49741744995117,54.98580450586776,53.26343490219924,54.036877488308576,55547000
2002-10-04,52.5159797668457,53.89387105985362,51.72303970493839,53.81588020702776,68483700
2002-10-07,51.43056106567383,52.775957873532114,51.05359369247035,52.035014991449394,53188000
2002-10-08,52.23649597167969,52.84744574812645,50.82610036050968,51.87252051134895,79531000
2002-10-09,50.7611083984375,51.80102770149751,50.553124537825504,51.404557692404886,79956400
2002-10-10,52.40547561645508,52.69145525182358,50.09165481022138,50.65711319141115,76749000
2002-10-11,54.699806213378906,55.070277595173856,53.17892030582917,53.360905551801984,82308300
2002-10-14,55.005287170410156,55.1482770169817,53.971868666287,54.07585812642196,40631900
2002-10-15,57.65058517456055,57.66358695644377,56.44817820415941,56.539170842434515,82320300
2002-10-16,56.25318908691406,57.06562679782428,55.8437173070305,56.812146628718395,62977800
2002-10-17,57.37110900878906,58.04056196222845,57.098131081402386,57.76108314360101,68534100
2002-10-18,57.61161422729492,57.91709176790813,56.50019942289488,56.968164595006265,47448700
2002-10-21,58.60603332519531,58.82051817271555,56.91616307661993,57.273637822487,45859100
2002-10-22,58.183563232421875,58.502042529393044,57.533612769796065,57.87809068031969,40966800
2002-10-23,58.6254997253418,58.67099603607944,56.98762758006086,57.696070841364936,54905800
2002-10-24,57.42959213256836,59.08046600748316,57.26060371547725,58.982972499210376,54987400
2002-10-25,58.6254997253418,58.74899183679795,57.156616002254644,57.33210035546383,43672100
2002-10-28,58.24205780029297,59.33397470925519,57.748094090381244,59.24298204673569,39416100
2002-10-29,57.56611633300781,58.16406961066549,56.54569423312697,57.89759248074953,59508200
2002-10-30,58.125030517578125,58.46950323496363,57.34509247665719,57.63756800232126,41688600
2002-10-31,57.5335807800293,58.69049612556822,57.31910101525128,58.274528457471924,41620600
2002-11-01,58.6710205078125,59.028495211801214,57.22813478313597,57.423116928170515,51878900
2002-11-04,59.229984283447266,60.40639800086876,59.08049845289779,59.66545486505095,49080600
2002-11-05,59.697933197021484,59.84092305434302,59.041482015103135,59.041482015103135,37270800
2002-11-06,60.47134780883789,60.49084551518839,59.00896032785089,60.10737740036198,65013100
2002-11-07,58.98945999145508,59.93838634176288,58.63848641661937,59.80839337401371,51572000
2002-11-08,58.26803970336914,59.515942967556,58.18354299902537,58.839994126439755,37905400
2002-11-11,57.36461639404297,58.20954883130686,57.0656398431286,58.1770542906779,33505100
2002-11-12,57.819541931152344,58.449994121248004,57.43607387417203,57.624559938335366,37724500
2002-11-13,57.878089904785156,58.32655234605244,56.83816521153548,57.40362389158536,63891500
2002-11-14,58.96998977661133,59.14547416647417,58.33303633451711,58.54102022114904,31896800
2002-11-15,59.40543746948242,59.50293097185838,58.46300689148213,58.495506378515955,39152100
2002-11-18,58.80752182006836,59.892937935409385,58.72302508378342,59.892937935409385,28934800
2002-11-19,58.729515075683594,59.21047695486322,58.339545850437204,58.50852937418308,32806600
2002-11-20,60.03592300415039,60.06841755041338,58.46303919491932,58.48254187315102,36688400
2002-11-21,61.153831481933594,61.21883048968779,60.07491638366144,60.18540676287864,55128200
2002-11-22,60.71833801269531,61.270794613782215,60.620844504568026,60.75733839118172,32513800
2002-11-25,60.757362365722656,61.26432285755758,60.29589324240854,60.724862863947486,33846400
2002-11-26,59.60044479370117,60.73785790013614,59.54845253461142,60.49087855359506,42284700
2002-11-27,61.27729034423828,61.517773649541965,60.07488373517064,60.13337685988685,37764000
2002-11-29,61.08232116699219,61.71276868729294,60.94582726312478,61.61528012556827,19385700
2002-12-02,61.17984390258789,62.42775273571207,60.58839147660318,62.05078022405238,49911900
2002-12-03,60.36088180541992,60.70535464625154,60.02290489683753,60.60786111651712,34407700
2002-12-04,60.08787155151367,60.536338608712825,59.42492477709828,59.64590538232853,64040800
2002-12-05,59.42497253417969,60.315406476164256,59.210487685867335,60.26991014095212,36724900
2002-12-06,59.814918518066406,59.90591115302757,58.48252352971992,58.573516164681074,49824100
2002-12-09,58.170528411865234,59.444429891536146,58.15753159294193,59.190949773366825,36789600
2002-12-10,58.95050048828125,59.21048164528277,58.339550471865046,58.50853400899712,33319900
2002-12-11,59.002506256103516,59.548467260744964,58.599540115185796,58.768523676789876,39201000
2002-12-12,58.995967864990234,59.46393272618096,58.62549650966852,59.27544660382771,34465600
2002-12-13,58.06654739379883,58.80749516986726,58.02105107900507,58.43702376119625,36862200
2002-12-16,59.56794357299805,59.65893621461276,58.274543916851414,58.378533382099484,37098400
2002-12-17,59.04798889160156,59.62644431214252,58.97649395569401,59.38596585384229,32353900
2002-12-18,58.365516662597656,58.755485702116104,58.06003934471183,58.70348850785354,35612600
2002-12-19,57.9495735168457,58.95049265642317,57.58559796190825,58.073060707001254,39264200
2002-12-20,58.776466369628906,58.7960599054032,58.19516822054069,58.260481667487205,31176900
2002-12-23,58.7960205078125,59.08993829677052,58.33228886720043,58.5151683893468,22599300
2002-12-24,58.35844421386719,58.691549213581084,58.2931307782418,58.515197455987256,10937000
2002-12-26,58.38453674316406,59.181373151970384,58.02530558080291,58.58700977117153,17485600
2002-12-27,57.071739196777344,58.31924702803368,57.071739196777344,58.10370824308968,22205700
2002-12-30,57.548545837402344,57.783678188813035,56.967247797274695,57.33953985649235,29968000
2002-12-31,57.62693786621094,57.75756476489935,56.89541427750424,57.47017960806872,34036600
2003-01-02,59.48185348510742,59.63207887243642,57.82939913996713,58.03187228614924,44516300
2003-01-03,59.66470718383789,59.68430070778445,59.10953574527995,59.377327194132434,32222600
2003-01-06,60.71628952026367,61.06245517910725,59.54716070250265,59.59288060115944,40984500
2003-01-07,60.56606674194336,60.984078651196164,60.21989611366352,60.6771000652866,38640400
2003-01-08,59.690818786621094,60.3504955005993,59.46875225933493,60.21986373476125,38702200
2003-01-09,60.6182975769043,60.85996266888343,59.703899895023504,59.97168636383327,34804900
2003-01-10,60.78156661987305,61.16039125837255,59.95860893593691,60.05657652943485,37768900
2003-01-13,60.76199722290039,61.30410804323043,60.37664458058251,61.09510212230845,31649900
2003-01-14,60.95794677734375,61.28451886339004,60.35705533496127,60.539934905852064,30733000
2003-01-15,60.35049057006836,61.11466765119271,60.03045149032339,61.095074133690844,33511800
2003-01-16,60.10231399536133,60.696677479737176,59.73002208180618,60.41582533561005,44812100
2003-01-17,59.214054107666016,60.285210170676066,58.88094917859135,59.42958790121347,35618300
2003-01-21,58.29310989379883,59.38385932556098,58.097164674027475,59.35120511099504,36826200
2003-01-22,57.587684631347656,58.65231215871926,57.47665138710997,57.97956989418693,42286500
2003-01-23,57.94042205810547,58.37802748125381,57.44403106506393,57.9665484243808,55919800
2003-01-24,56.41857147216797,57.92080452018613,56.281411843398224,57.862018974660366,68633900
2003-01-27,55.64790725708008,56.692942403187985,55.190708117980535,55.994078014509036,57884400
2003-01-28,56.05936813354492,56.43166012989202,55.60216420163605,55.92873630310175,46929100
2003-01-29,56.48390197753906,56.94110083825023,55.367021220627485,55.79156586734148,53712200
2003-01-30,55.14493179321289,56.745132126223105,55.12533827630863,56.686351575510336,49845900
2003-01-31,56.2095832824707,56.3075559004184,54.96208056209265,54.96208056209265,55317000
2003-02-03,56.320613861083984,56.69943362452706,56.11813581622818,56.26182830512789,39696000
2003-02-04,55.76546859741211,56.00713382591094,55.06007641334694,55.71974868749033,43633400
2003-02-05,55.419288635253906,56.52310401273022,55.17762845185034,56.00711945707843,55270600
2003-02-06,55.158016204833984,55.445401197969346,54.63550392460795,55.10576846497713,53638000
2003-02-07,54.485260009765625,55.51069567825494,54.19134726382044,55.458447956217114,43165000
2003-02-10,54.870628356933594,54.94900244707069,53.982352126029646,54.51139716682788,45455900
2003-02-11,54.4918212890625,55.438878394231864,54.09993576220258,55.10577843710309,46861000
2003-02-12,53.623146057128906,54.61592818410208,53.61661321885926,54.31548240394049,35873600
2003-02-13,53.78646469116211,53.98894293532442,52.90472034863786,53.655837745269096,57934100
2003-02-14,54.96209716796875,54.994751395087675,53.44026966092361,53.7995010409028,59580900
2003-02-18,55.92874526977539,56.0397835892278,55.118847723561665,55.21028752798439,39492700
2003-02-19,55.63482666015625,55.824239088060054,55.04699584650565,55.726266455269105,31432000
2003-02-20,55.07965850830078,55.79158338394101,54.896778906598534,55.65442368266432,29280100
2003-02-21,55.63482666015625,56.00058584060768,54.511417768089586,55.112309274001255,60955800
2003-02-24,54.73347854614258,55.51724948683675,54.596313897581695,55.47152959834782,30628600
2003-02-25,55.17106246948242,55.18412315407877,53.701488789330625,54.17828101502604,56770600
2003-02-26,54.36771774291992,55.2102742958199,54.263217269951824,54.87716938348865,37787200
2003-02-27,55.08618927001953,55.353980831710786,54.315483760205325,54.66817730604424,51126000
2003-02-28,55.45195007324219,55.66748888043696,54.968624703883435,55.171097835014386,43666800
2003-03-03,54.922882080078125,56.02669714544489,54.681221965005236,55.687064423920994,42923100
2003-03-04,54.04765701293945,54.870619711363084,53.98234362041843,54.831427689376525,31440500
2003-03-05,54.50486755371094,54.563653107882125,53.79294294971597,53.9562289579453,43974700
2003-03-06,54.04765701293945,54.55057561675296,53.86477752064363,54.12603607382013,41217700
2003-03-07,54.41997146606445,54.85757685936578,53.18552939654611,53.30309554521902,63538000
2003-03-10,53.113685607910156,54.1195282637165,52.96999308806714,53.94970937816615,41014100
2003-03-11,52.5911865234375,53.55784245792344,52.56506513175365,53.21820955197222,48102700
2003-03-12,52.94384765625,52.96997401254873,51.846565607167946,52.499709565357435,62459800
2003-03-13,54.77268600463867,54.80534521562449,53.25085846166536,53.67540328900116,72117800
2003-03-14,54.9489860534668,55.366997686464806,54.43953468719371,54.99470592010434,63951800
2003-03-17,56.679874420166016,56.79090778042203,54.3546817790556,54.511435051363904,88217500
2003-03-18,57.012935638427734,57.052122680593975,56.35325885776981,56.9214958846446,50792300
2003-03-19,57.45053482055664,57.58116658580659,56.61451145532622,57.00639678489144,49630800
2003-03-20,57.574668884277344,57.86204897700414,56.399007195091556,57.03909077766946,67321600
2003-03-21,58.8035888671875,58.941301592491115,57.66253699810959,58.2330654342421,71165300
2003-03-24,56.849365234375,57.80024081146435,56.62639823503278,57.72154569348715,65398900
2003-03-25,57.393646240234375,57.87892520640825,56.685410322397445,56.88214057611337,61040100
2003-03-26,57.1051139831543,57.61006052822054,56.92149705767566,57.41988442592167,45740800
2003-03-27,57.15102767944336,57.48547570806017,56.390323144265786,56.6591944033779,53120200
2003-03-28,56.862483978271484,57.236277068535344,56.56082683553107,56.705098730577966,32583000
2003-03-31,55.570594787597656,56.783782398580726,55.347632795640074,55.97061954087331,61119500
2003-04-01,56.42311096191406,56.65263214429089,55.682084000758444,55.9050460055855,53574000
2003-04-02,57.78715896606445,58.2134106620742,57.38057480628897,57.406806526583104,50431200
2003-04-03,57.51171875,58.357672825515365,57.478932857527944,58.278982681031856,48755500
2003-04-04,57.852699279785156,58.095333783905,57.45923372989451,57.990411972087585,36250100
2003-04-07,57.74124526977539,59.57742036157965,57.68878183776115,59.24297223647416,69776200
2003-04-08,57.83304977416992,58.13470698260525,57.518274207044236,57.90518573740314,39712700
2003-04-09,57.07233428955078,58.42979397264088,56.901830681104535,57.944519859725986,55647300
2003-04-10,57.387107849121094,57.46579797097353,56.20670598946663,57.11167741307719,41812400
2003-04-11,57.15102767944336,58.167480114733216,56.960851545648964,57.81336455877048,47730100
2003-04-14,58.3314208984375,58.364211782736106,57.05265646177574,57.36087276271127,36711700
2003-04-15,58.875701904296875,58.875701904296875,57.98384412290442,58.25926946631484,49709800
2003-04-16,57.87236022949219,59.059315818449,57.728088389317016,58.960953203043125,51788000
2003-04-17,58.7314338684082,58.836360674527555,57.833021856142366,57.90515778455305,37403100
2003-04-21,58.79045867919922,59.12490663241766,58.403547320929704,58.928171365069005,32052700
2003-04-22,59.89870834350586,60.0429801793111,58.29205563353239,58.42976829411428,59763600
2003-04-23,60.4495964050293,60.56107742768406,59.83316368627653,60.08236244654889,44227100
2003-04-24,59.91184997558594,60.38401071145306,59.64953789975012,60.02333098178048,49692400
2003-04-25,59.170841217041016,59.984004399761204,59.033123457333176,59.872523359224616,43917200
2003-04-28,60.193843841552734,60.456155957741686,59.21673633701605,59.30854482720407,46432900
2003-04-29,60.40365982055664,60.85614785084521,59.938058442994894,60.423332343058796,52017100
2003-04-30,60.272525787353516,60.70533643163984,59.944636964669236,60.272525787353516,48709100
2003-05-01,60.265987396240234,60.81028423039331,59.347897375430215,60.279100752268505,50240400
2003-05-02,61.12504577636719,61.29554939867318,59.99710720342926,60.043011447528485,50201500
2003-05-05,61.00701904296875,61.49885248253243,60.659457546187234,61.29556292853308,35437800
2003-05-06,61.58406066894531,61.89227185744984,60.98730080789849,61.01353250540234,44401000
2003-05-07,61.243072509765625,61.73490573262155,60.967647105731004,61.26274503817005,41413100
2003-05-08,60.626625061035156,61.203712436300535,60.51514409197163,60.672529283778076,40570700
2003-05-09,61.466041564941406,61.511945800485,60.73156879305745,60.875840677104875,33608100
2003-05-12,62.22018051147461,62.37757074693728,61.170937290988405,61.315209171902694,35662300
2003-05-13,62.108707427978516,62.416923757717974,61.81360945445907,61.990667237933344,39253600
2003-05-14,61.97755813598633,62.45627310392547,61.584092476576636,62.35790543827622,32195100
2003-05-15,62.37101745605469,62.515289350584936,61.80704823372018,62.226745561524446,43879200
2003-05-16,62.21364212036133,62.59398944458726,61.813617259320814,62.22675547505011,38905000
2003-05-19,60.75777816772461,61.91850198451816,60.547929596200966,61.74144428483882,41606000
2003-05-20,60.6331901550293,61.00698314904621,60.06266189966222,60.869270467375294,55404600
2003-05-21,60.75777816772461,60.90860417056542,60.27250428417329,60.40365776518134,49333800
2003-05-22,61.361141204833984,61.67591681517553,60.77749924268215,60.95455708380711,38421800
2003-05-23,61.485721588134766,61.62999348976664,61.0791375929165,61.334890508286804,26155900
2003-05-27,62.56117248535156,62.849711173890874,61.03320975880742,61.184040780350216,43719200
2003-05-28,62.73823928833008,63.26286334867493,62.58085407150096,62.85627945174838,37727100
2003-05-29,62.57430648803711,63.49239626214253,62.351344473153084,62.87596362750849,50844200
2003-05-30,63.57761764526367,63.669426082043614,62.666087449245225,62.889054369414076,52529500
2003-06-02,63.83993911743164,64.56129337236598,63.39401021386009,63.95797926847074,50305500
2003-06-03,64.10230255126953,64.161320172548,63.51210132253813,63.70883673317837,38254500
2003-06-04,65.02693939208984,65.1515337917391,63.984249922592156,64.04327253563726,49360700
2003-06-05,65.3482437133789,65.3482437133789,64.44326735585959,64.6465618291849,46262400
2003-06-06,65.09249877929688,66.49586271905586,65.00724447248997,65.84008499007739,60356800
2003-06-09,64.43017578125,64.9875859705774,64.11540020198464,64.77117807253171,37808500
2003-06-10,65.0859375,65.0924966779704,64.39081473074272,64.56787251044881,29965900
2003-06-11,65.77449035644531,65.8335079344971,64.73180144885934,65.02690434867529,37610200
2003-06-12,65.97782897949219,66.16800521140239,65.32861012103282,66.06963750480202,36442000
2003-06-13,65.28922271728516,66.06959973954613,64.88919794143597,65.97779126671385,48628300
2003-06-16,66.66635131835938,66.69257801880853,65.44660461685226,65.55152642820653,36326300
2003-06-17,66.66635131835938,67.00735345924316,66.38436675826502,66.93521752504327,36801800
2003-06-18,66.60733795166016,66.98113102461056,66.23354487870975,66.42372100399142,35521000
2003-06-19,65.59085083007812,66.71223454385643,65.47281070247958,66.653211978465,43551700
2003-06-20,65.44607543945312,66.14370897205725,65.4329097003899,66.0713124709842,41545000
2003-06-23,64.77478790283203,65.59089331141142,64.4457145990933,65.45267810513222,34237500
2003-06-24,64.84062957763672,65.2157731051519,64.51155613170192,64.64318852283323,36213600
2003-06-25,64.18902587890625,65.44608807546571,64.18902587890625,64.8471723639089,47743400
2003-06-26,65.02486419677734,65.14333074574397,63.81387224942315,64.35355207888036,33477300
2003-06-27,64.27460479736328,65.28156837704937,64.22195185981172,64.99198224177633,54208800
2003-06-30,64.25482177734375,64.93929453526083,64.14952097987994,64.64313070730745,33349000
2003-07-01,64.84716033935547,65.05776697465335,63.465053981384564,64.004733798164,51322800
2003-07-02,65.66327667236328,65.67644241478513,64.8735028498752,65.0051301465367,34662100
2003-07-03,64.98538208007812,65.71592507515028,64.43254144665009,65.2025716237502,30792800
2003-07-07,66.2753677368164,66.40700008372436,65.58431674527698,65.58431674527698,31391100
2003-07-08,66.57151794433594,66.66365805051075,65.92653217985304,66.14372172494762,30952500
2003-07-09,66.19635009765625,66.736029814204,65.8343676567522,66.4201174093007,36528500
2003-07-10,65.35395812988281,65.84098519855057,64.91299610021744,65.70935286832957,49777700
2003-07-11,65.97258758544922,66.11079771402548,65.41316420180486,65.41316420180486,39976300
2003-07-14,66.29507446289062,67.06510437599235,66.11078929366944,66.60439898482554,42114900
2003-07-15,66.15032958984375,66.77556697816247,65.78176400462729,66.72291403437997,42573600
2003-07-16,65.76202392578125,66.38726636882569,65.30790606981954,66.34777414824454,39894200
2003-07-17,64.82743072509766,65.73567109410048,64.60366332366222,65.2552269574847,52253500
2003-07-18,65.49214935302734,65.68301241065475,64.80109362786803,65.16965400328179,35698100
2003-07-21,64.68266296386719,65.47901994331009,64.39965965536588,65.45269347027958,34786000
2003-07-22,65.26837921142578,65.42633796739925,64.44569618711742,64.95247174199623,49968300
2003-07-23,65.31444549560547,65.45265563317264,64.682625571902,65.29470190756136,37275400
2003-07-24,64.82086181640625,66.03843210834022,64.74188743242247,65.80808178628683,40896200
2003-07-25,65.96603393554688,66.00552112355135,64.52469131826419,64.93274400559689,43241100
2003-07-28,65.7225112915039,66.45963719485707,65.59746184703754,66.05816741960554,34382800
2003-07-29,65.41976928710938,65.9857757323037,64.94590295892253,65.90679633718595,53472100
2003-07-30,65.2618408203125,65.65014503235338,65.11046484296294,65.551422005496,28363300
2003-07-31,65.41313171386719,66.4135164637486,65.26833878786417,65.8014404718985,54937200
2003-08-01,64.83403015136719,65.50533754835017,64.65632773778361,65.28157008977605,49321000
2003-08-04,64.83403015136719,65.15652061512543,63.84022726936533,64.7023978040348,55214100
2003-08-05,63.45848083496094,64.99854617131896,63.405827912754376,64.76819591323907,61415600
2003-08-06,63.82706832885742,64.53786293927239,63.45850276728811,63.63620518583742,50096900
2003-08-07,64.49834442138672,64.54441446655166,63.68224432649701,63.95208172781787,43427400
2003-08-08,64.68266296386719,64.86036540150778,64.34042885699323,64.7089894368977,27357300
2003-08-11,64.92613983154297,65.1828165118762,64.39303786209388,64.66946315120974,34631400
2003-08-12,65.51852416992188,65.54484562651456,64.7748149789921,64.96567817749344,43285600
2003-08-13,65.1828384399414,65.71593556747068,64.84718227533486,65.69619197330441,36152000
2003-08-14,65.36051177978516,65.65009777778802,64.79450552255672,65.22230165017237,35525100
2003-08-15,65.56458282470703,65.67646657014535,65.23550944076278,65.39346325910284,12567000
2003-08-18,66.13056182861328,66.20953619417048,65.64352980846733,65.76857924894524,22873800
2003-08-19,66.38063049316406,66.43328339772367,65.81462432229176,66.26874683691794,37437700
2003-08-20,66.11082458496094,66.40041069849514,65.9199664878699,66.00552373902312,21295300
2003-08-21,66.32145690917969,66.81506705445011,66.07794578445399,66.50574224794077,46494200
2003-08-22,65.66327667236328,67.01247905881156,65.63695523003858,66.96640900285408,52040300
2003-08-25,65.76860046386719,66.36093350291087,65.34080410115449,65.6238073852942,23473000
2003-08-26,65.88703918457031,66.0713193806615,65.04461256171986,65.48556946254647,45065800
2003-08-27,65.90678405761719,66.05157707772571,65.53164078790822,65.84755328825943,18919500
2003-08-28,66.31484985351562,66.47280362449236,65.59088963017412,66.07791668642061,27402400
2003-08-29,66.76237487792969,66.78870133744884,66.1305549132461,66.21611214073931,28706600
2003-09-02,67.65744018554688,67.71008807225256,66.50568418545129,66.89398808385126,49419100
2003-09-03,68.02604675292969,68.24981423203762,67.64432044252794,67.80885712584652,44912400
2003-09-04,68.05894470214844,68.15108482767779,67.63114839289916,67.85491583453894,28381000
2003-09-05,67.67719268798828,68.15105887958059,67.39418954696833,67.74958919066256,31637300
2003-09-08,68.23661804199219,68.36824531173174,67.74300824858115,67.81540475331545,32632800
2003-09-09,67.78910827636719,68.09185514767152,67.57850153888327,68.03262435647012,35053200
2003-09-10,67.10462188720703,67.6574676023362,66.83478441174972,67.47976522126409,45904900
2003-09-11,67.30207824707031,67.63115157408537,67.0256528362197,67.19677237222047,38396300
2003-09-12,67.42713165283203,67.5521811405107,66.70317124149157,67.07173683115998,42524800
2003-09-15,67.19017028808594,67.54556998219425,67.09803018456813,67.47317346925038,21312800
2003-09-16,68.17080688476562,68.21029406287094,67.24281802922138,67.28231022858537,37892600
2003-09-17,68.03919219970703,68.30903470996034,67.8220076426548,68.10501087526342,31885800
2003-09-18,68.84213256835938,68.90794622335461,67.90098274027348,68.05235866589652,30243600
2003-09-19,68.49200439453125,69.10643080635785,68.31362480940501,68.88840739300765,34331600
2003-09-22,67.75203704833984,68.0229104327526,67.40848416989392,67.95023597925582,36677400
2003-09-23,68.00965881347656,68.24089328254277,67.62646738443348,67.77841930387697,32489200
2003-09-24,66.80067443847656,68.1946954352745,66.77424690292861,68.12862911667312,41694700
2003-09-25,66.25227355957031,67.30934912690918,66.1994185210699,66.9988371169205,52673100
2003-09-26,66.03427124023438,66.50335355496593,65.96820494143157,66.35800467327846,42914700
2003-09-29,66.68173217773438,66.72137094838105,65.92856529223482,66.26550996433792,36771600
2003-09-30,66.03427124023438,66.56941985376874,65.57180210807924,66.38443220090667,70764500
2003-10-01,67.4415054321289,67.50757172831496,66.19943688547596,66.22586441205745,65797600
2003-10-02,67.68594360351562,67.75861803329008,67.14419197099178,67.34239587774661,44591500
2003-10-03,68.30699157714844,68.89499023438096,68.10218452860599,68.49197923912688,48806900
2003-10-06,68.61749267578125,68.7033783442952,68.18144611132297,68.36643877052424,20226500
2003-10-07,68.88178253173828,68.914813164198,67.98987480675011,68.22110939611208,42602900
2003-10-08,68.70999145507812,68.96765351979187,68.32019680762627,68.92801475307743,30920800
2003-10-09,68.89498138427734,69.51601563303029,68.5976805429363,69.29138418624376,40066500
2003-10-10,69.08659362792969,69.10641301667087,68.65055195401474,68.88838965944524,22682800
2003-10-13,69.30461120605469,69.56227331927703,69.04694909283236,69.17908170044632,23825600
2003-10-14,69.5490493774414,69.6547594843235,68.9478395262893,69.23853727967973,38484400
2003-10-15,69.3640365600586,69.95864309416079,69.1328020858337,69.9388237164463,39021700
2003-10-16,69.64153289794922,69.85294802459953,69.1394200819544,69.1592394624944,32772200
2003-10-17,68.88178253173828,69.78690150160314,68.69679486024872,69.68119642098168,32790300
2003-10-20,69.39707946777344,69.39707946777344,68.67034031261672,69.00727985003621,27657000
2003-10-21,69.27816009521484,69.55564150107533,68.92139612745103,69.2517325745804,26729100
2003-10-22,68.40607452392578,68.83551292866574,68.17484001076868,68.72980284234572,33914500
2003-10-23,68.28055572509766,68.67695852966526,67.94361107297438,67.97664674024466,45830500
2003-10-24,68.43250274658203,68.43250274658203,67.50755964394344,67.9369980530829,51723600
2003-10-27,68.46554565429688,68.828917844282,68.22770295549485,68.5382200922939,32460200
2003-10-28,69.39707946777344,69.4697538873425,68.59105775294118,68.69676783250857,34956200
2003-10-29,69.4896240234375,69.65479236300257,68.6241435370886,69.21874552709268,30955400
2003-10-30,69.63494110107422,70.01152454132179,69.238538275635,69.89260318963649,39123100
2003-10-31,69.56885528564453,69.85954792112557,69.51600024627197,69.63492156459321,25761600
2003-11-03,70.02473449707031,70.43435359879597,69.83974685130238,69.86617437791712,37589300
2003-11-04,69.872802734375,70.20974245498753,69.75388135047152,70.02475475570141,31421600
2003-11-05,69.92565155029297,70.01154229528471,69.30462214781667,69.69441693019347,33558800
2003-11-06,70.29560089111328,70.32202841322666,69.43672406429886,69.76706052991449,28392300
2003-11-07,69.77369689941406,70.50704455301917,69.7472693666087,70.45418948740844,31723200
2003-11-10,69.4896240234375,69.92566581880968,69.3773107622623,69.85959949109119,25530800
2003-11-11,69.46974182128906,69.58866311988018,69.23850736306555,69.43009802806993,26558600
2003-11-12,70.24938201904297,70.34187586308025,69.47639559078716,69.5226425128058,28000000
2003-11-13,70.26919555664062,70.38811692343329,69.88600392580469,70.03796096580378,29714800
2003-11-14,69.67456817626953,70.6589694529901,69.56225498534552,70.29560235755336,49158500
2003-11-17,69.32442474365234,69.46316548210103,68.7364261204737,69.31121350022005,44382100
2003-11-18,68.60428619384766,69.66797019365654,68.51179237130212,69.52922945983825,41155000
2003-11-19,69.18567657470703,69.37727234737855,68.6571361645418,68.72981059695289,29827000
2003-11-20,68.56464385986328,69.52922584521751,68.54482447613891,68.70999272788865,53578700
2003-11-21,68.8487319946289,68.92801456838029,68.45893734822154,68.86855137793302,30016000
2003-11-24,69.76042175292969,69.88595116770655,69.1592122706172,69.1658204083771,28906400
2003-11-25,70.02473449707031,70.30882410750974,69.66797044857415,69.8529631348774,37580000
2003-11-26,70.27579498291016,70.32864499673487,69.62833316833724,70.30882561148367,33053600
2003-11-28,70.3286361694336,70.46738192984809,70.16346792569088,70.21632297341691,10507500
2003-12-01,71.08843231201172,71.14128737551003,70.55989679863744,70.59292743292167,38699000
2003-12-02,70.91004180908203,71.20073453230252,70.73826539954116,70.94307243825898,35352000
2003-12-03,70.79772186279297,71.40553981961803,70.73825867107367,71.1214502249336,39078600
2003-12-04,71.08843231201172,71.16771490725918,70.65239063949134,70.80434264637864,36089500
2003-12-05,70.59294128417969,71.22058394516722,70.44098924747742,70.77132589835382,28824400
2003-12-08,71.06861877441406,71.11486569864853,70.48062000606016,70.52025878667922,32482900
2003-12-09,70.52024841308594,71.30645104995737,70.38811580343479,71.2866316625633,43596100
2003-12-10,70.51364135742188,70.67880963049313,70.00492025366238,70.54006384544188,36915400
2003-12-11,71.30644226074219,71.41875546915556,70.47399280904676,70.4806009508756,45304000
2003-12-12,71.4451675415039,71.48480630283186,70.94966286276745,71.33285435738519,34142200
2003-12-15,71.08843231201172,72.16533280851064,71.00915475730054,72.12568899061877,38693400
2003-12-16,71.45841217041016,71.68303862775863,71.0355767061881,71.14128683237767,32894200
2003-12-17,71.68301391601562,71.68301391601562,71.22054487470675,71.3923162097446,23198800
2003-12-18,72.48905181884766,72.49565996105913,71.6103554045398,71.71606551778088,29353100
2003-12-19,72.2872543334961,72.59923869806882,72.07484020124375,72.55277326489963,41465100
2003-12-22,72.791748046875,72.791748046875,72.20760531871056,72.21424468544505,27611300
2003-12-23,72.83821868896484,72.9842493170856,72.60588641583607,72.67226995921762,24741200
2003-12-24,72.76519775390625,72.93778077918296,72.6390751040591,72.69881421334263,8055800
2003-12-26,72.81829071044922,73.07053598663721,72.77182527499659,72.8249300767575,8308400
2003-12-29,73.78743743896484,73.86045021274778,72.87139731120887,73.08381145914379,22483700
2003-12-30,73.80069732666016,73.86043642069633,73.58164385315717,73.74095316827216,19559500
2003-12-31,73.86708068847656,74.02639001416487,73.57500937108786,73.82725462314252,31501800
2004-01-02,73.83389282226562,74.47113517930282,73.50199544478676,74.17242450096059,38072300
2004-01-05,74.63707733154297,74.69017705838169,74.07284778776081,74.13923130892456,27959800
2004-01-06,74.71009063720703,74.82957387798689,74.34500155028208,74.45121112624254,20472800
2004-01-07,74.96236419677734,75.0486557174447,74.27201683837775,74.60391431466485,30170400
2004-01-08,75.26102447509766,75.28094256571012,74.85610939326995,75.17473300651244,36438400
2004-01-09,74.60387420654297,75.3406866129276,74.52421703189162,74.89594544924704,54084300
2004-01-12,75.15487670898438,75.17478975027716,74.58401255827101,74.71013523893109,31564100
2004-01-13,74.71675872802734,75.16150519805883,74.18572580111982,75.06856924488756,54239700
2004-01-14,75.34066772460938,75.44687726418384,74.78971713285334,74.84946126495139,30112800
2004-01-15,75.52656555175781,75.71242727074058,74.73001388058822,75.38716926252073,38408700
2004-01-16,75.82530975341797,75.8784095077829,75.4270286773783,75.69918707504846,31922700
2004-01-20,75.80536651611328,76.10407722411043,75.5531263073546,76.02442002244067,29863000
2004-01-21,76.40278625488281,76.5355482635514,75.48675118465712,75.75890443981034,30725000
2004-01-22,76.20362854003906,76.58862559163984,76.05759290541232,76.42931629220672,29888500
2004-01-23,75.95805358886719,76.58202243993405,75.63942979605444,76.33641649413354,44245300
2004-01-26,76.91389465332031,76.95372071521511,75.92483689188457,75.93147625698427,30460600
2004-01-27,76.12398529052734,77.33209158307076,76.10407225749759,76.83424549991794,35322800
2004-01-28,75.25439453125,76.52223956535782,74.96896265482506,76.32310422686304,52621300
2004-01-29,75.32743072509766,75.57303154228218,74.71673570402724,75.38053045637817,60117100
2004-01-30,75.32743072509766,75.48674004764331,75.06854611247691,75.35397805856189,30984400
2004-02-02,75.6526870727539,76.12398072884096,75.08846255852866,75.47345965752174,38832400
2004-02-03,75.52656555175781,75.76553206597909,75.30087776852217,75.50001315413856,25093500
2004-02-04,74.90924835205078,75.49339106546637,74.8694222813553,75.13494123614849,39332600
2004-02-05,75.1282730102539,75.36723947133734,74.86275415745554,75.12163364623746,37226800
2004-02-06,75.97130584716797,76.13725453190565,75.14156242347958,75.28759807634505,37216000
2004-02-09,75.99121856689453,76.25009809162103,75.86509595482465,76.11733611461283,24851300
2004-02-10,76.23686218261719,76.42936335913981,75.84522552525884,75.85849919823944,27908100
2004-02-11,77.04667663574219,77.25909080887462,75.78546526711378,76.23684601806437,42965700
2004-02-12,76.76785278320312,77.17940222768718,76.72138735997585,76.98026687000656,27814700
2004-02-13,76.42268371582031,77.13294385830588,76.17044354728353,76.88070368976909,44739900
2004-02-17,77.11302947998047,77.28561752088618,76.84751058574516,76.90061537746256,23984300
2004-02-18,76.77452087402344,77.39848463877567,76.56874101043469,77.13296566483592,28618000
2004-02-19,76.48907470703125,77.25907401815986,76.37622574555405,77.21924795196335,51146200
2004-02-20,76.25672912597656,76.70810969976769,75.88500573497846,76.65500997559037,46728800
2004-02-23,76.06425476074219,76.5090011903155,75.78546211965073,76.48244878673253,36357000
2004-02-24,75.93148040771484,76.3297562414894,75.02871915017143,75.85182321521913,43953000
2004-02-25,76.25010681152344,76.37622437366444,75.88501766343909,75.97794852579653,31213600
2004-02-26,76.29657745361328,76.52890462537438,75.89829651419136,76.07752394980173,29683000
2004-02-27,76.34969329833984,76.82762647500046,76.09081367170761,76.46254228930674,39312000
2004-03-01,77.10641479492188,77.2258930101534,76.50235903025774,76.62184230984224,33130800
2004-03-02,76.65501403808594,77.64406672118074,76.4890653634025,76.96035899178126,38556400
2004-03-03,76.79441833496094,76.91390159578195,76.28329352753413,76.50234701643133,31346200
2004-03-04,76.99351501464844,77.06653280756771,76.68153082023875,76.81429274570544,21060000
2004-03-05,77.25242614746094,77.63078892772978,76.52225298291515,76.61518383671088,55905600
2004-03-08,76.30984497070312,77.41174670274198,76.27665827132795,77.22587991596214,39281600
2004-03-09,76.0044937133789,76.47578734615014,75.83190567208113,76.40276952346076,39746100
2004-03-10,74.73001098632812,76.1837179831288,74.71673225585677,76.15053128565405,67671800
2004-03-11,73.76089477539062,75.18804982980494,73.7476160406932,74.61055147930256,89134800
2004-03-12,74.73001098632812,74.81630247698466,74.06621626461127,74.16578648573916,54012200
2004-03-15,73.81398010253906,74.57734513921821,73.61484470015697,74.52424033950867,57677200
2004-03-16,74.20562744140625,74.38484982392465,73.57501929060204,74.19898807483806,59832600
2004-03-17,75.03536987304688,75.18140554921709,74.41140109826604,74.46450590130117,41607300
2004-03-18,75.05524444580078,75.18800132100415,74.29851911557118,74.80963865588936,60014300
2004-03-19,73.9794692993164,74.98531442028562,73.96614910235674,74.87873759829357,48636200
2004-03-22,73.04024505615234,73.65307579738236,72.67387609014243,73.63309295961913,62752100
2004-03-23,72.91366577148438,73.5398216677966,72.84705463151809,73.43990241679509,54080200
2004-03-24,72.97364807128906,73.36665750921887,72.5073597438244,72.9936309129321,51584300
2004-03-25,73.93954467773438,74.13938331781459,73.13353763839758,73.32671363524639,49873600
2004-03-26,73.95951843261719,74.46577253170169,73.80631323188435,73.9128900999454,37409500
2004-03-29,74.9986343383789,75.09855360257205,74.32585512916184,74.35915816248962,44113600
2004-03-30,75.25176239013672,75.31837353763274,74.75217116075946,74.80546211159817,39059900
2004-03-31,75.33837890625,75.53821749061156,74.85877036946735,75.26510509745786,48517600
2004-04-01,75.79132843017578,75.85128202762449,75.30506242092878,75.31838261919215,45103800
2004-04-02,76.36421203613281,76.49743437949864,75.8712832671513,76.47745153620443,50987700
2004-04-05,76.78385925292969,76.85713305902794,76.23098200978755,76.24430220993901,30251800
2004-04-06,76.53738403320312,76.72389729530302,76.35087077110325,76.49075571767816,28420900
2004-04-07,76.35753631591797,76.59068300003507,76.01115523323053,76.57069507805774,45890500
2004-04-08,76.18434143066406,76.8771086155377,75.76468150286357,76.8771086155377,46929700
2004-04-12,76.48410034179688,76.6572934225266,76.31756990166214,76.32423254225714,23085200
2004-04-13,75.41167449951172,76.80387218662585,75.28510968738104,76.77722669554004,56210300
2004-04-14,75.53153228759766,75.69806269745338,74.97199254989269,75.01195822198453,62322300
2004-04-15,75.2451171875,75.79133685491185,74.84544512780211,75.57151544334091,61602500
2004-04-16,75.82463836669922,75.9711859616365,75.25843590798245,75.52488053648055,47059200
2004-04-19,75.82463836669922,75.93121520167736,75.45160673901192,75.63812509390833,28277600
2004-04-20,74.55233764648438,76.15103070435335,74.45908101730164,75.99116292319799,53299400
2004-04-21,75.05194091796875,75.23845420617687,74.51904653481785,74.7388628632883,50177300
2004-04-22,76.10442352294922,76.38419348818579,74.8987445664965,74.9253900511057,62071500
2004-04-23,76.17770385742188,76.31758885201708,75.79801456291858,76.21766954670423,29395700
2004-04-26,76.07112884521484,76.56406277447023,75.67145666963253,76.27096747405973,35515200
2004-04-27,76.13770294189453,76.68392246516699,75.91121894916445,76.09107463193608,43485500
2004-04-28,75.15187072753906,75.94455739554054,74.93871192800589,75.8646209399256,50165800
2004-04-29,74.49238586425781,75.48490570676414,74.04608557531728,75.08523373036806,69687600
2004-04-30,73.9128646850586,74.85875629807477,73.87289900854125,74.71887134815874,48681400
2004-05-03,74.70557403564453,74.79883069749052,74.17267446900436,74.18599975332917,33758000
2004-05-04,74.64559936523438,75.44494848972352,74.3791547391768,74.77216412008555,51185100
2004-05-05,75.12516784667969,75.24506989744356,74.71217584679519,74.87870619051708,34405000
2004-05-06,74.47908020019531,74.99865441455715,73.93952314406665,74.61896517466917,54997000
2004-05-07,73.24673461914062,74.75883358161452,73.24673461914062,74.0860493050304,60950000
2004-05-10,72.49405670166016,73.10688770692357,72.18097855620175,72.90039151826268,75279400
2004-05-11,73.10688018798828,73.3067187953768,72.82711020332988,72.91370422274123,48300600
2004-05-12,73.5731430053711,73.63309660373311,71.98111247811129,72.98695771285004,90830500
2004-05-13,73.26673126220703,73.81295090438022,73.02692702104751,73.11352610275307,57393700
2004-05-14,73.30005645751953,73.76633976721918,72.78713973474301,73.24010284221134,54123100
2004-05-17,72.67390441894531,72.94035421789788,72.21428372491201,72.53401941796933,55020400
2004-05-18,73.04024505615234,73.23342095803892,72.82708631650254,72.93366314527483,30193100
2004-05-19,72.78712463378906,74.05941967246353,72.70719327277051,73.60645665897025,54804100
2004-05-20,73.02027893066406,73.18680939294536,72.63392703846591,72.90703435391192,38082900
2004-05-21,73.14682006835938,73.63975377076827,72.92034113652699,73.25340197658997,47480400
2004-05-24,73.45326232910156,73.77966573100413,73.06025283332215,73.62645545234507,40961500
2004-05-25,74.50572967529297,74.59232877039744,73.00695547720305,73.20679406979099,48668000
2004-05-26,74.7655029296875,74.79881104964336,74.27923690380763,74.37915618156963,35977000
2004-05-27,75.18516540527344,75.29174224492198,74.6456033200774,74.96534400323452,45306900
2004-05-28,75.17852020263672,75.19184040489282,74.84545924305819,75.0919261827048,23367200
2004-06-01,75.07856750488281,75.17848676473565,74.51902778107437,74.91203709916297,41044700
2004-06-02,75.35836791992188,75.5915146481399,74.91206747135071,75.29175674704818,39774200
2004-06-03,74.66558074951172,75.39831870321294,74.6522605513105,75.14518919844147,38688300
2004-06-04,75.25846862792969,75.65814082654693,75.07861283518191,75.25846862792969,32739500
2004-06-07,76.4041976928711,76.47747152550625,75.55156227541627,75.558224918958,31643800
2004-06-08,76.51072692871094,76.55069259820043,76.05110140116398,76.18432876963637,32846500
2004-06-09,75.7979965209961,76.40416468662467,75.75136820056312,76.27760500665276,36737600
2004-06-10,76.1710205078125,76.1710205078125,75.89125059467851,75.96452439318108,21711000
2004-06-14,75.41832733154297,75.8379823268086,75.1851856675065,75.81799948162077,34633000
2004-06-15,75.95121765136719,76.23765027485513,75.6114991376844,75.87128627502152,37445000
2004-06-16,75.93790435791016,76.0711267186776,75.73806573465168,75.93790435791016,26633400
2004-06-17,75.82463836669922,75.9845061602192,75.49157749897105,75.83795856528192,28402400
2004-06-18,75.96771240234375,76.36216151601397,75.66686544667803,75.72703279754835,31799800
2004-06-21,75.68025970458984,76.30870167284449,75.6334611601874,76.0479661967939,25284000
2004-06-22,76.06130981445312,76.13485108852012,75.32590217444026,75.6334360929672,37334000
2004-06-23,76.71653747558594,76.77670486058334,75.82735982578458,75.95438666165906,35580000
2004-06-24,76.4758071899414,76.83682656330105,76.38889710216573,76.58946002026113,35272100
2004-06-25,76.10809326171875,76.84350585665892,76.00112740287224,76.4891734794547,32837900
2004-06-28,75.84736633300781,76.62289057341638,75.82062869082382,76.56271812686079,40824500
2004-06-29,76.16159057617188,76.32872890087415,75.82731392676735,75.9008551976889,28418100
2004-06-30,76.56941223144531,76.74323752579856,75.98108713603214,76.2618783110709,52230600
2004-07-01,75.50640869140625,76.48249586316334,75.26572910377773,76.38221185154201,57734700
2004-07-02,75.46631622314453,75.74042560275348,75.27912206178152,75.65351548516588,34615100
2004-07-06,74.804443359375,75.17883165039048,74.63061803826442,75.12535125214393,38698200
2004-07-07,75.02506256103516,75.25905522839896,74.71084165029336,74.75095322165356,29839800
2004-07-08,74.50359344482422,75.09191860782559,74.34313695437662,74.7509549414466,45291100
2004-07-09,74.69745635986328,74.83785192933172,74.46345864342607,74.69076939922483,27412900
2004-07-12,74.73087310791016,74.9046983616462,74.209402447358,74.55704785417413,35691300
2004-07-13,74.78439331054688,74.89135921590524,74.61056797609893,74.82450488747398,26752000
2004-07-14,74.55707550048828,75.13871881482729,74.28965821177215,74.38325528295437,54089400
2004-07-15,74.07571411132812,74.81780874680744,74.00885469499805,74.70415079944071,38403500
2004-07-16,74.0155029296875,74.65731320551514,73.83499586175193,74.59045892482251,40871200
2004-07-19,73.70132446289062,74.18268372095497,73.53418611498816,74.0422881207958,39592800
2004-07-20,74.63729858398438,74.81112389015064,73.70800979820922,73.89520392762327,46679800
2004-07-21,73.26004791259766,74.91805669875065,73.17313274756235,74.7576053873354,56241100
2004-07-22,73.46061706542969,73.80158059444918,72.71852267320496,73.11297167749333,72477100
2004-07-23,72.84557342529297,73.34698844482334,72.66506626255126,73.28682109079521,49610500
2004-07-26,72.70515441894531,73.15977076094748,72.34413510906221,72.99931943455132,49679100
2004-07-27,73.38709259033203,73.61440336186618,72.85225301733179,72.90573850482886,51295100
2004-07-28,73.60771942138672,73.78823167393277,72.59820248124369,73.24001815623294,65862300
2004-07-29,73.92194366455078,74.12251170970265,73.54086845928803,73.90188788016705,52200500
2004-07-30,74.10244750976562,74.14256417739578,73.60771948135469,73.75480202779885,41581700
2004-08-02,74.25625610351562,74.45013728036645,73.574333602747,73.66793070872191,38263100
2004-08-03,73.6812744140625,74.24954382104478,73.64784980227412,74.16263370960542,40948800
2004-08-04,73.67459106445312,74.04229751676355,73.30020274985213,73.46734111896447,40763200
2004-08-05,72.4711685180664,73.79490100898595,72.38425333690539,73.73473366878787,50772000
2004-08-06,71.4349365234375,72.17703127564889,71.28117208326866,71.95640740863294,74729000
2004-08-09,71.53520965576172,71.85611751345999,71.44829955503343,71.54857847869786,37476300
2004-08-10,72.45777893066406,72.47783980704868,71.70900276660086,71.74242735926506,55870600
2004-08-11,72.31072235107422,72.42437518001826,71.60205243387662,71.98981454508672,52933200
2004-08-12,71.52184295654297,72.17033545167739,71.28784519262484,71.9898282830642,50015900
2004-08-13,71.66221618652344,71.76918204177346,71.26108020253207,71.60204374866237,41634700
2004-08-16,72.40432739257812,72.6316330755627,71.60206033936043,71.6288030845334,45731900
2004-08-17,72.81214141845703,73.05950287186745,72.55808790329151,72.70517044351222,40701600
2004-08-18,73.56092071533203,73.65451777173827,72.53134799420644,72.55140377762821,43165400
2004-08-19,73.34701538085938,73.55426536616562,72.99268278637095,73.41386972121695,39881600
2004-08-20,73.86176300048828,73.96204190433531,73.21326555211034,73.2801198548938,44870900
2004-08-23,73.67459106445312,74.05566634200291,73.57431212351231,73.90858886173697,33745100
2004-08-24,73.77486419677734,74.02891774468182,73.44058750798301,73.96874528835694,30453100
2004-08-25,74.27629852294922,74.38995140250239,73.47403630172131,73.7615145327821,38551400
2004-08-26,74.27629852294922,74.41669415663117,74.10916013513851,74.18270143382792,26629500
2004-08-27,74.51024627685547,74.63058604747731,74.24282909827869,74.34310798991712,24902900
2004-08-30,73.89521026611328,74.43673691560544,73.84172476721932,74.3565137679224,26726500
2004-08-31,74.28297424316406,74.3164039559298,73.6077338304288,73.98212723090455,44125300
2004-09-01,74.42334747314453,74.63728430879394,73.86176519231104,74.17598093478321,52778300
2004-09-02,75.26573181152344,75.34595494318123,74.3698677363086,74.3698677363086,42736600
2004-09-03,74.95821380615234,75.42619917561926,74.88467251942782,75.09860941699242,30480500
2004-09-07,75.45294189453125,75.63344907963524,75.09192242366532,75.23900499705418,37338800
2004-09-08,75.26573181152344,75.58663453946838,75.08521956397962,75.29247455562833,32963100
2004-09-09,75.19889068603516,75.46630797265595,74.89803858760007,75.25905804532749,34314800
2004-09-10,75.5866470336914,75.72704263795636,74.93146754712161,75.22562757958535,27900600
2004-09-13,75.83402252197266,76.04127247151781,75.55323128052599,75.75379426699146,44398100
2004-09-14,75.98779296875,76.00784875756823,75.67357200884204,75.74711330161448,28048900
2004-09-15,75.41281127929688,75.78719948018832,75.33258305025298,75.74708791599473,38295000
2004-09-16,75.64012908935547,75.79389861121597,75.41282338821802,75.44624799686073,23911700
2004-09-17,75.96173095703125,76.10271101660541,75.65291676150336,75.82746057513346,33683000
2004-09-20,75.50521850585938,75.85431123930744,75.37766292926723,75.63948375982606,37149400
2004-09-21,75.83413696289062,76.17651986094063,75.55217698656179,75.69315697472621,40920800
2004-09-22,74.8875732421875,75.53876521104715,74.83386510396507,75.52534073743652,49042100
2004-09-23,74.48474884033203,74.98825098694596,74.48474884033203,74.92111839177517,44068700
2004-09-24,74.8271255493164,75.00838917537274,74.60558339386458,74.632437454091,34981100
2004-09-27,74.35050201416016,74.65260132798993,74.23637606199246,74.58546871623776,39355100
2004-09-28,74.70629119873047,74.86070077770472,74.12223198522358,74.45790008379579,41662900
2004-09-29,75.08224487304688,75.08895966977703,74.5183248730549,74.65930487305289,33325700
2004-09-30,75.02854919433594,75.17624400549224,74.69288103148605,74.88756918056575,43536700
2004-10-01,76.29739379882812,76.29739379882812,75.33066760553169,75.36423647908987,62824300
2004-10-04,76.42488861083984,76.82769431272077,76.39803967780922,76.59943740686244,33082400
2004-10-05,76.46519470214844,76.63974354941357,76.22351325882406,76.43162584317443,36910600
2004-10-06,76.98884582519531,76.98884582519531,76.3175095362145,76.37792734371585,42297800
2004-10-07,76.1630859375,76.80085836794417,76.10266814110331,76.78742877637481,39388800
2004-10-08,75.53207397460938,76.37795430961016,75.42465767194128,75.96172894149933,51872600
2004-10-11,75.84082794189453,75.87439166840922,75.61928583497152,75.7132724642321,20229100
2004-10-12,75.54548645019531,75.74688942475713,75.14940042128494,75.32394420255541,41754700
2004-10-13,74.88085174560547,75.90799546824407,74.73315693965151,75.86100213197594,54212600
2004-10-14,74.2766342163086,75.14265849929762,74.23635568469142,74.97482445504134,64082200
2004-10-15,74.69288635253906,75.01512494357272,74.22966261580189,74.5317619351322,63482200
2004-10-18,74.9748306274414,75.12252541804827,74.31691886616238,74.44447438930267,43535100
2004-10-19,74.3437728881836,75.34406756149762,74.24307142901849,75.20308244553308,55851900
2004-10-20,74.19607543945312,74.39747835056772,73.67914881302923,74.10208878010333,57118500
2004-10-21,74.67947387695312,74.73318202840125,73.98799807320495,74.37737448836705,53218300
2004-10-22,73.84029388427734,74.68617923604643,73.7530219906237,74.64590068849714,48752400
2004-10-25,73.75299072265625,73.92753955785322,73.41060784797058,73.67914333553016,43990900
2004-10-26,74.88085174560547,74.921130284724,73.76643102569072,73.93426510120393,54337400
2004-10-27,75.78044128417969,75.92813609276931,74.59889305924189,74.77343681312999,73896000
2004-10-28,76.00871276855469,76.2369647002846,75.51863491235432,75.71332309512485,54413300
2004-10-29,75.99528503417969,76.29067471484983,75.79388716981516,75.94158201015023,48820200
2004-11-01,76.20338439941406,76.42492148447646,75.99526666475195,76.23694814108318,36720900
2004-11-02,76.23025512695312,76.91501604496162,76.00871287158046,76.31081222207732,56210000
2004-11-03,77.19023132324219,77.44533721154586,76.69343889386225,77.22379505697548,76960200
2004-11-04,78.24427032470703,78.3248274258741,76.98886923864673,77.05600186358295,55350300
2004-11-05,78.73432159423828,78.97600307551866,78.20396529486686,78.57991711124167,63287200
2004-11-08,78.62018585205078,78.70074804306661,78.35836513361048,78.53291398653366,33863800
2004-11-09,78.46580505371094,78.88203551049808,78.38524795502948,78.60007542133137,44658100
2004-11-10,78.52619934082031,78.91557558197727,78.38521934768879,78.58661714278142,45265400
2004-11-11,79.1236572265625,79.29820601155095,78.6134404591508,78.66714856559139,37863200
2004-11-12,79.74801635742188,79.88899632454452,79.0028328727108,79.19752095737196,55583700
2004-11-15,79.94396209716797,79.9708906043721,79.60729924937526,79.78909492687367,35297900
2004-11-16,79.37165832519531,79.7285253811928,79.27066354592816,79.69485703005765,40028700
2004-11-17,79.84295654296875,80.22001726184672,79.49955902423801,79.70155877338951,54494000
2004-11-18,79.95071411132812,79.99111715761715,79.60732160881884,79.80931629198864,31854300
2004-11-19,79.06194305419922,79.93726896844834,78.87341258333204,79.92379957077493,54276500
2004-11-22,79.43898010253906,79.53324530352404,78.79931751063451,78.89358271161949,37560200
2004-11-23,79.56017303466797,79.62750458221115,79.02824507606165,79.40530585195765,41968800
2004-11-24,79.74871826171875,79.84971303329205,79.4861215814907,79.6342489588211,29724800
2004-11-26,79.68810272216797,80.11230123897664,79.65443951638606,79.79583730963299,15487700
2004-11-29,79.32453155517578,80.13252580827603,79.10233788736251,79.98439327168751,61460800
2004-11-30,79.37833404541016,79.61399691705326,79.21000268894147,79.45240025322161,53685200
2004-12-01,80.28064727783203,80.4624430059033,79.51978574243711,79.56018878861758,49898300
2004-12-02,80.34799194335938,80.71158859587285,80.13252783117395,80.19312470472471,60163500
2004-12-03,80.29407501220703,80.89333436443555,80.18634045415557,80.3344729029431,49067900
2004-12-06,80.26717376708984,80.55670408736934,80.0180413538503,80.26717376708984,33030500
2004-12-07,79.51979064941406,80.54324893132754,79.47939273780955,80.45571327342559,52047200
2004-12-08,79.984375,80.00457395272608,79.4591816808486,79.59384479040135,43895100
2004-12-09,80.26717376708984,80.43550522918099,79.2706543882687,79.54671531482252,60922800
2004-12-10,80.34799194335938,80.5028540449244,80.0247932065464,80.07192582055355,47828600
2004-12-13,81.04823303222656,81.06843198545127,80.36143780017588,80.63750385976273,38541000
2004-12-14,81.33102416992188,81.44548832326684,80.92029502009046,80.92029502009046,41500700
2004-12-15,81.39160919189453,81.54647636401332,81.00781374637205,81.27041035977862,46699200
2004-12-16,81.34446716308594,81.63399738749906,80.82600869182222,81.28387032259026,51641800
2004-12-17,80.80189514160156,81.16044257055805,80.61247424791378,80.81542299343687,70761900
2004-12-20,80.82218170166016,81.37691647736303,80.6192278143874,81.01160257707113,47187400
2004-12-21,81.44464874267578,81.50553703520963,80.81549724695665,80.91020778082087,33094200
2004-12-22,81.64080810546875,81.91141174926717,81.38373748259463,81.43785408228614,31500700
2004-12-23,81.70167541503906,82.0466951231908,81.62726445968693,81.76933018390606,25646100
2004-12-27,81.53253936767578,82.10080736003654,81.44459540420738,81.99256387145978,29944100
2004-12-28,81.97903442382812,82.08051140206452,81.58665952735865,81.61372039897725,23422900
2004-12-29,82.1008071899414,82.12786806202952,81.82343712203831,81.91138624665813,22650600
2004-12-30,81.94523620605469,82.24290073845654,81.88435309424632,82.1278958641505,21076900
2004-12-31,81.76932525634766,82.30376589791862,81.72197001779499,82.06022319640948,28648800
2005-01-03,81.38373565673828,82.3714345473084,81.1131320190109,82.23613014777716,55748000
2005-01-04,80.38929748535156,81.54612339617492,80.12546026856748,81.49200161803029,69167600
2005-01-05,79.83452606201172,80.67339259857586,79.8277595524692,80.32837287059068,65667300
2005-01-06,80.24041748046875,80.60573152379375,80.00364129349896,80.12541264127395,47814700
2005-01-07,80.12544250488281,80.6598833325686,79.91572195140124,80.48399017326216,55847700
2005-01-10,80.50426483154297,80.81545716867453,80.0577681121796,80.0577681121796,56563300
2005-01-11,79.94952392578125,80.32836584567934,79.82098606238695,80.26071624017383,63099700
2005-01-12,80.21334075927734,80.39599516418488,79.50300717737882,80.09833594280471,72720500
2005-01-13,79.57068634033203,80.32160887341647,79.48950371250274,80.2607206122109,55537500
2005-01-14,79.9901123046875,80.18629977272367,79.6653921351569,79.8074578544933,42032500
2005-01-18,80.82218170166016,80.92365864529653,79.79388957609811,79.86154431274353,57391700
2005-01-19,79.97660827636719,80.85606372875989,79.9698417654302,80.79518061433369,54378900
2005-01-20,79.48950958251953,79.96306204315809,79.34744384432796,79.75334669078026,72049300
2005-01-21,79.00241088867188,79.82774946317232,78.9144669210723,79.685683748742,63160400
2005-01-24,78.84681701660156,79.3812524901759,78.72504566736508,79.21212590297714,58441900
2005-01-25,79.07010650634766,79.4692481698374,78.96186811103074,79.09040604422289,68245000
2005-01-26,79.3068618774414,79.55716598742914,79.17832398658165,79.3677449870054,57195100
2005-01-27,79.44213104248047,79.65861284120068,79.13770528723846,79.27977098377362,55878800
2005-01-28,79.44213104248047,79.52331365250049,78.8873961106766,79.48271976682388,60738900
2005-01-31,79.93599700927734,79.99688010654808,79.63156603892129,79.79392612631071,52532700
2005-02-01,80.44336700439453,80.55837183723771,79.89539338900418,79.99687036676784,49841200
2005-02-02,80.68693542480469,80.90341731831482,80.43663129997651,80.54486966606386,52468900
2005-02-03,80.47722625732422,80.61253067705223,80.2133890905244,80.54487588652029,48837100
2005-02-04,81.33638000488281,81.47167924240966,80.49074686700234,80.504274726221,50024600
2005-02-07,81.22816467285156,81.53259064359364,81.15374851798805,81.34993609341576,45412000
2005-02-08,81.32282257080078,81.62048699760155,81.22811210069754,81.29576169915221,39263500
2005-02-09,80.71398162841797,81.51225943331619,80.67339289368341,81.46490418901436,55279400
2005-02-10,81.00486755371094,81.19428850274042,80.68014740147002,80.95075096922662,45858600
2005-02-11,81.70167541503906,81.88433503284524,80.81545368529072,80.97781377563628,53133000
2005-02-14,81.64080810546875,81.76257948711128,81.50550886423716,81.64757461593089,32432100
2005-02-15,81.94523620605469,82.14819023475329,81.64081032434214,81.72199296808866,43852700
2005-02-16,81.99933624267578,82.16846283466909,81.63402218461016,81.80991528545671,55523000
2005-02-17,81.33638000488281,82.08053613395062,81.32961349460595,82.01288651518719,58124000
2005-02-18,81.44464874267578,81.50553703520963,81.11316187415103,81.3431716960107,47723300
2005-02-22,80.23368072509766,81.49874990936966,80.22015286425443,81.11314135864183,80697600
2005-02-23,80.80870819091797,80.88989083786987,80.24721165717446,80.45692704346412,68292600
2005-02-24,81.3431396484375,81.39726140684759,80.49074517948598,80.66663315231632,68563600
2005-02-25,82.14818572998047,82.31054584723476,81.30255259233401,81.36343570080372,60899900
2005-02-28,81.60697937011719,82.06024265958004,81.2078430021246,81.95876564966045,69381300
2005-03-01,82.01287841796875,82.20906074461287,81.70844742158754,81.73550829868817,47294400
2005-03-02,81.97230529785156,82.48645177040693,81.62052412905213,81.69494026960629,64226500
2005-03-03,82.006103515625,82.46612805658646,81.6543173106541,82.3037679719336,61230800
2005-03-04,83.02764892578125,83.09529854669988,82.39173113420851,82.56762427766516,56168500
2005-03-07,83.0682373046875,83.37942968862764,82.80440017131794,82.98029331400939,43442400
2005-03-08,82.75701904296875,83.21027703688864,82.6081868273333,82.98702871343546,44362000
2005-03-09,81.83699798583984,82.72998642327528,81.83023147518193,82.51350453424048,73263600
2005-03-10,82.01963806152344,82.19553117835447,81.45137513822473,81.99257718498524,65149000
2005-03-11,81.44464874267578,82.34440397572281,81.28905507761472,82.06703372559404,57976500
2005-03-14,81.95199584960938,81.96552886976748,81.37019985484883,81.59344823544332,36336400
2005-03-15,81.2754898071289,82.16847817309475,81.23490106910067,82.14141729396428,62438500
2005-03-16,80.58546447753906,81.28903192970857,80.43663220632342,80.97783436552922,74874200
2005-03-17,80.747802734375,81.0048733032565,80.49073216549351,80.71397535050427,62584200
2005-03-18,80.50808715820312,81.18045795023298,80.24321365886988,80.89521036350628,60232000
2005-03-21,80.20925903320312,80.67109071250204,79.97834578435847,80.62354944470404,61244300
2005-03-22,79.39422607421875,80.77292735659816,79.39422607421875,80.39259739776442,92472400
2005-03-23,79.4621353149414,79.95113389978272,79.29234442751631,79.42817506481371,70817300
2005-03-24,79.5572280883789,80.13451614397712,79.50289375378894,79.77456024513144,51932500
2005-03-28,79.67269134521484,80.10056778898706,79.67269134521484,79.7473997661399,46765500
2005-03-29,79.14292907714844,80.0733850227766,78.9527641087822,79.55721926463488,71160300
2005-03-30,80.26356506347656,80.27714605736442,79.30594177373877,79.31273486148658,62002100
2005-03-31,80.11416625976562,80.45374818110149,80.05304400109743,80.27037622348804,64575400
2005-04-01,79.7541732788086,80.81366672408895,79.40101052425064,80.56916743954633,95255300
2005-04-04,79.89005279541016,80.04626278229777,79.28559730032316,79.70668081060352,71581200
2005-04-05,80.2703628540039,80.39940043912553,79.91719481293575,79.99190323771523,46853900
2005-04-06,80.548828125,80.78653442600087,80.26358056379895,80.44695251553999,53268200
2005-04-07,80.98345947265625,80.99704564522538,80.35863025624833,80.41975766959618,46734600
2005-04-08,80.14132690429688,80.96311446516656,80.14132690429688,80.93594729188055,63772900
2005-04-11,80.20243835449219,80.42656361770503,80.02585952433158,80.33827420262472,44945000
2005-04-12,80.61670684814453,80.86120612713373,79.50967218832584,80.06658606122204,86144800
2005-04-13,79.66590118408203,80.68464669701603,79.55043942126105,80.5216436841891,65949000
2005-04-14,78.62677001953125,79.80172536221832,78.62677001953125,79.73381003652936,96119800
2005-04-15,77.5265121459961,78.91879416865602,77.49255189941161,78.60637959018199,128677300
2005-04-18,77.76426696777344,78.0766817416587,77.39751783801003,77.50618654976631,100035200
2005-04-19,78.38227844238281,78.46377476322736,77.98836228627627,78.17173418978386,64930100
2005-04-20,77.288818359375,78.53168378694879,77.11902746243578,78.36189289000957,107735900
2005-04-21,78.78980255126953,78.9256332535598,77.68276211932825,77.96122179511518,86952200
2005-04-22,78.49095153808594,79.12257400997927,77.60803662241292,78.6064081278193,88845800
2005-04-25,79.00713348388672,79.12259009709459,78.59284311262643,78.68792563898693,52284100
2005-04-26,78.2396240234375,79.30591038710075,78.20566896135227,78.7557896742265,72626000
2005-04-27,78.54527282714844,78.83052030083161,77.72348547776187,78.00873295144504,84131900
2005-04-28,77.56050872802734,78.565673494669,77.56050872802734,78.28721383211779,72481500
2005-04-29,78.61318969726562,78.69469119775155,77.40427927223092,78.1513582243932,103993800
2005-05-02,79.0546875,79.06148059058134,78.4570198874807,78.83056214530527,56026400
2005-05-03,79.19050598144531,79.36029694846454,78.57246955593206,78.830549960422,86000300
2005-05-04,79.8017349243164,79.9715258496873,78.97315437944923,79.22444681437696,81055700
2005-05-05,79.77457427978516,80.14132333037817,79.28557554566112,79.91719804696996,96906700
2005-05-06,79.52328491210938,80.13453335349857,79.50291082766448,80.09378518460876,67415400
2005-05-09,80.01905059814453,80.1956345749612,79.49609693576527,79.60476041115547,43750500
2005-05-10,79.19050598144531,79.80175449903635,79.04788219094226,79.70667197203431,74613500
2005-05-11,79.62517547607422,79.7338441890085,78.68113805429773,79.41463632177583,91647400
2005-05-12,78.74903106689453,79.86285915041542,78.74903106689453,79.67948722637574,95086800
2005-05-13,78.59281158447266,79.20405985273213,77.96798232429941,78.98672771086288,85267000
2005-05-16,79.32630920410156,79.3534711878256,78.55206312779225,78.5792251115163,49207000
2005-05-17,79.85604858398438,79.93754489082858,78.89163762121369,79.06142850261445,61071800
2005-05-18,80.67787170410156,80.87482983590277,80.14812474761978,80.20245391580625,77944900
2005-05-19,81.0174331665039,81.0989346706232,80.61672391492677,80.83405607763738,61768100
2005-05-20,80.90199279785156,81.08536474185051,80.64390724056821,81.05140447959475,46345500
2005-05-23,81.35021209716797,81.52679607732844,80.94950807551915,80.96308906709756,51047900
2005-05-24,81.1600570678711,81.38418231842256,80.95630589798657,81.11930890653719,50654100
2005-05-25,81.09893035888672,81.4113450023228,80.70501421566449,81.05817701819005,47608800
2005-05-26,81.5335922241211,81.64225570564741,81.24155166895898,81.35700823733289,43256200
2005-05-27,81.66943359375,81.66943359375,81.3638120063749,81.54039083473896,24596100
2005-05-31,81.14649200439453,81.61511149655102,81.09215765754469,81.55398924255134,43377200
2005-06-01,81.8392105102539,82.12445796720193,81.126086686277,81.17362792910168,69611000
2005-06-02,82.01581573486328,82.0701448967311,81.56756517359854,81.65585977714909,39704500
2005-06-03,81.60155487060547,82.10413477503863,81.31630723686855,81.87322150437828,60999400
2005-06-06,81.52682495117188,81.63548846710441,81.1940361327671,81.46569751340276,36046400
2005-06-07,81.58794403076172,82.34860933910821,81.5064476923875,81.76452806658668,66501300
2005-06-08,81.43851470947266,81.90034101117965,81.27551170481532,81.79167752301547,46881200
2005-06-09,81.82562255859375,81.8935378737654,81.11929188127446,81.32303782678942,56653300
2005-06-10,81.635498046875,81.9411249083679,81.22800074649378,81.8799974634256,36465300
2005-06-13,81.89356231689453,82.23314417571568,81.3706033526095,81.4588979521321,49383200
2005-06-14,82.0837173461914,82.31463049493554,81.75771652146209,81.80525776865102,33857100
2005-06-15,82.23991394042969,82.34178951192439,81.65583803918078,82.28746036451979,53195600
2005-06-16,82.4504623413086,82.61346015498248,82.12446153235376,82.21954402213078,46564500
2005-06-17,82.75594329833984,83.1241724094282,82.66047706981908,82.8786863353693,51529400
2005-06-20,82.783203125,83.08323755200902,82.46952769527526,82.56499390421243,41019400
2005-06-21,82.83097839355469,82.95372146788593,82.53093861129592,82.85143470552309,39879800
2005-06-22,82.8991928100586,83.15149953956549,82.55824030114127,82.97420277822219,46310100
2005-06-23,81.73310089111328,82.91961365788791,81.71264458173236,82.72868116697246,62185600
2005-06-24,81.13304901123047,81.83541024071795,81.03757753688656,81.74675927222466,58572500
2005-06-27,81.24898529052734,81.42628205487112,80.97622223827287,81.12624217713896,48183800
2005-06-28,81.93086242675781,81.99223136129787,81.39897751732776,81.41943382884112,41174200
2005-06-29,81.71265411376953,82.10133964490882,81.66492098547246,82.08088333314161,42316500
2005-06-30,81.26941680908203,82.04678788914751,81.11257641107683,81.978598447523,62288800
2005-07-01,81.50807189941406,81.6921890907271,81.2898625929647,81.45351827217166,49737500
2005-07-05,82.16272735595703,82.27183464700961,81.27625402750374,81.31716666038746,51549000
2005-07-06,81.47398376464844,82.27181109259507,81.42625063910941,82.09451439665565,52363600
2005-07-07,81.79450988769531,81.79450988769531,80.64209387370498,80.66255019310677,103268800
2005-07-08,82.72868347167969,82.72868347167969,81.63763691996772,81.80811310625148,64491200
2005-07-11,83.15145874023438,83.26056078424395,82.72185546017457,82.73549646725067,49688300
2005-07-12,83.36968231201172,83.62198375842055,82.9468994630672,83.18556510258396,51871100
2005-07-13,83.48560333251953,83.54697226617786,83.18556356124601,83.37649606932165,41182300
2005-07-14,83.81292724609375,84.17433598261812,83.52652325642364,83.86066037728526,63638800
2005-07-15,83.76518249511719,83.90156657558815,83.43787110702833,83.73109037688998,56075900
2005-07-18,83.43104553222656,83.62197803076212,83.22647722773293,83.53333228573358,56598400
2005-07-19,83.88789367675781,83.94926779026889,83.47193669637713,83.676504935537,59165700
2005-07-20,84.1743392944336,84.37209233215637,83.39696815443168,83.59471598963314,69477000
2005-07-21,83.68333435058594,84.2902290356815,83.51285819853618,84.24931642399574,101110900
2005-07-22,84.24252319335938,84.25615900082924,83.62198730180057,83.79246350903924,52607100
2005-07-25,84.00387573242188,84.52211976882357,83.77202533506566,84.15389565967789,57301600
2005-07-26,84.10610961914062,84.2356731560248,83.84016724528722,84.03110490057095,42758800
2005-07-27,84.41299438476562,84.48118382310506,83.90838629802894,84.21524137181677,43181600
2005-07-28,84.94486236572266,84.99259548330356,84.31069083070804,84.52890011143782,47880700
2005-07-29,84.37889862060547,84.98579347730511,84.21524292506824,84.83577879119976,62358100
2005-08-01,84.3175277709961,84.58347022115022,84.18114369237819,84.4402708404919,40418200
2005-08-02,84.82215118408203,84.96535059061841,84.37891195288566,84.46756292063789,45147400
2005-08-03,85.04716491699219,85.06080072347078,84.63802308986679,84.72666883827911,36837200
2005-08-04,84.36526489257812,84.76758623787943,84.26297812940156,84.71303780637004,50855600
2005-08-05,83.79244995117188,84.54254930367046,83.649250584564,84.18113543268471,53595500
2005-08-08,83.63563537597656,84.15388454646127,83.45151814319581,83.97658781925203,47616000
2005-08-09,84.14024353027344,84.27662242656689,83.78565527839763,83.91521366911998,47170000
2005-08-10,84.09931945800781,84.89714681805444,83.75154655650516,84.43345135022449,72863700
2005-08-11,84.4334487915039,84.57664816954288,83.88110759013637,84.05839908531573,58570200
2005-08-12,83.91520690917969,84.34481028268725,83.70381807619724,84.26297982999034,54776900
2005-08-15,84.4334487915039,84.46754611116485,83.75836452288573,84.02430696817534,36208500
2005-08-16,83.33558654785156,84.22888018781146,83.25375609740819,84.17433175670338,71942100
2005-08-17,83.32875061035156,83.78563070422749,83.21282806224986,83.32193530930078,62275100
2005-08-18,83.32197570800781,83.57427723473184,83.08330478999414,83.22650942181131,53388600
2005-08-19,83.51289367675781,83.75155935051434,83.32877644091599,83.62199575510873,39842100
2005-08-22,83.51289367675781,84.03114285585879,83.11056708169266,83.58790363172723,69912000
2005-08-23,83.35604858398438,83.60835525495365,82.61277478420214,83.53334530419309,55168600
2005-08-24,82.61279296875,83.69020413272168,82.57187513045128,83.15149855073584,79104600
2005-08-25,82.91280364990234,82.96735728350421,82.65368169407473,82.74914795161757,35631100
2005-08-26,82.34685516357422,82.84464293586883,82.29230151105565,82.837827631196,61956800
2005-08-29,82.98102569580078,83.04239465197797,82.08772655877077,82.10818808001906,56179200
2005-08-30,82.54457092285156,82.71504710798548,82.09451129688827,82.68094978995057,74160200
2005-08-31,83.58792114257812,83.64247479444279,82.33321316230382,82.64007355215061,102945200
2005-09-01,83.52652740478516,83.97658712338969,82.60595685607387,83.54698371880875,74578700
2005-09-02,83.37647247314453,83.79243469195482,83.21963732983393,83.77197838652468,47653400
2005-09-06,84.35161590576172,84.41981054311091,83.63561903627874,83.64243954051774,57251300
2005-09-07,84.49484252929688,84.6448572440552,84.18798218871805,84.30390477842657,41749700
2005-09-08,84.21524047851562,84.55619286911691,84.08567690528055,84.32434774071793,39068700
2005-09-09,84.96533203125,85.06079828142111,84.41981134491793,84.44026765530883,43093900
2005-09-12,84.79484558105469,85.0130548696881,84.74029195826638,84.86303500828016,33017600
2005-09-13,84.3243637084961,84.8426076945306,84.22889223473017,84.6448546462326,58427500
2005-09-14,84.01748657226562,84.50163833745722,83.88792300041135,84.37889527004805,57694600
2005-09-15,83.9765625,84.31751484047705,83.80608632976147,84.2765970219063,73156900
2005-09-16,84.57372283935547,84.7380751698209,84.14229601263379,84.43676343474533,75424100
2005-09-19,84.29295349121094,84.60796954199715,83.98479220306498,84.55318368754158,53355300
2005-09-20,83.58077239990234,84.64907061890308,83.45750681888937,84.36829698589172,84480300
2005-09-21,82.80007934570312,83.45749393472482,82.71105102475224,83.402708079473,94469100
2005-09-22,83.09452819824219,83.31367158400506,82.47820571211473,82.82745372767606,84597200
2005-09-23,83.16303253173828,83.47119384673746,82.793235818939,83.02606788366423,59368100
2005-09-26,83.25888061523438,83.71085075889904,82.9164769330444,83.56019230278896,70415400
2005-09-27,83.23834991455078,83.53966164802087,82.87539756740173,83.21780130176901,66150800
2005-09-28,83.32054138183594,83.62870794382546,82.99868096638059,83.49859282489649,58620500
2005-09-29,83.99849700927734,84.13545643009282,82.91649982096732,83.23836020701738,66607700
2005-09-30,84.25871276855469,84.25871276855469,83.36846095677595,83.97109488154916,47824200
2005-10-03,83.95738220214844,84.46413819114126,83.85466005210063,84.20391327239697,50994800
2005-10-04,83.01236724853516,84.2518671704942,82.97128046980355,84.0875148309011,60776300
2005-10-05,81.92350769042969,83.07398433576004,81.88242091816763,83.03289756349798,106052100
2005-10-06,81.62908172607422,82.35498149399056,80.92373057938343,82.02627147507222,140941800
2005-10-07,81.90984344482422,82.21116048275597,81.58113347392887,81.97147362549148,75661400
2005-10-10,81.2181396484375,81.97827612180394,81.01270060610302,81.95773274003697,52677000
2005-10-11,81.1017837524414,81.75919857935025,81.02645448037875,81.48527442863775,75629800
2005-10-12,80.46487426757812,81.58110851483578,80.4032441057661,81.07435247171671,100510400
2005-10-13,80.4169692993164,80.86209535411732,80.04032297033066,80.43751269459413,99052900
2005-10-14,81.26610565185547,81.36197828492122,80.50596890064365,80.88946465757333,88651000
2005-10-17,81.56743621826172,81.6770027208792,81.11546068021234,81.3551475274814,68109300
2005-10-18,80.6840591430664,81.46473965924108,80.6703652851814,81.45104580135606,74996900
2005-10-19,82.02625274658203,82.03995182427126,80.204667263964,80.46489226871877,116563800
2005-10-20,80.58132934570312,82.04681756105329,80.32795381363606,81.82767928281406,131966700
2005-10-21,80.89631652832031,81.3414424946622,80.47173917784076,81.00588824758417,96579500
2005-10-24,82.14952087402344,82.23854398309919,81.08807220550177,81.10861559800638,71308400
2005-10-25,81.98517608642578,82.341273780307,81.45102693326997,81.98517608642578,76594500
2005-10-26,81.7454833984375,82.54670701990936,81.6222178240059,81.84135604247685,80855800
2005-10-27,80.87574005126953,81.74544823696489,80.75932406567725,81.6290270267076,66623100
2005-10-28,82.03996276855469,82.14267974158992,80.87578656903126,81.1017743590448,72322000
2005-10-31,82.26591491699219,83.06714358309769,82.26591491699219,82.37548661394086,77698900
2005-11-01,82.51243591308594,82.79320943365799,82.32754022794406,82.57407129124353,66365100
2005-11-02,83.37532806396484,83.37532806396484,82.26593783430734,82.29333076617552,74012300
2005-11-03,83.73141479492188,83.9984945395934,83.37531717647127,83.64924123471543,84897600
2005-11-04,83.62184143066406,83.86152300266994,83.23835091545465,83.82043622594506,59156000
2005-11-07,83.70402526855469,83.97109978274352,83.44379506778944,83.79989790315238,46765400
2005-11-08,83.70402526855469,83.83413514427058,83.40270828858093,83.49858092317862,42152800
2005-11-09,83.81358337402344,84.19707387406847,83.45063626152852,83.60129473645084,57666800
2005-11-10,84.46417236328125,84.58743794827575,83.37533071638619,83.77936471879347,79048100
2005-11-11,84.7518081665039,84.80658881547377,83.84101260977333,84.47103448260879,34867000
2005-11-14,84.70384216308594,84.92982466951685,84.49154828326702,84.77232186881247,45092200
2005-11-15,84.39566040039062,84.97774563088595,84.13543547578462,84.60795424184897,69592500
2005-11-16,84.56690979003906,84.6080018088853,84.21766159019224,84.48473620168387,51133000
2005-11-17,85.35440826416016,85.36125780221785,84.32719699150933,84.69699367662363,55717500
2005-11-18,85.6899642944336,85.79268646880273,85.14212140557629,85.64202797635025,72437200
2005-11-21,86.12137603759766,86.22409818770097,85.58722712665914,85.70364312526561,50021200
2005-11-22,86.49119567871094,86.64184895103222,85.88856169075794,85.98443432981101,66438800
2005-11-23,86.99111938476562,87.25134964883867,86.42957729208356,86.45697022644221,50854700
2005-11-25,87.05958557128906,87.12122097017921,86.84044735516214,86.95686861425081,15270000
2005-11-28,86.44325256347656,87.15544776197697,86.3131374672762,87.1417539109032,54498500
2005-11-29,86.34739685058594,86.95688048533181,86.34739685058594,86.73089269966212,51738900
2005-11-30,85.8817367553711,86.64186850090316,85.7995579499255,86.39534253390269,56007200
2005-12-01,86.75826263427734,86.9910946731831,86.27204994303311,86.29943764494371,65468200
2005-12-02,86.86780548095703,87.02531345975413,86.62812396945283,86.8130196427089,46699400
2005-12-05,86.68293762207031,86.78565979558024,86.40901356759943,86.76511118114483,59273400
2005-12-06,86.8472900390625,87.47731170761688,86.71717493752767,87.00479806853448,57935200
2005-12-07,86.34054565429688,86.8815442989941,86.06662156240786,86.81305935752123,66816500
2005-12-08,86.28573608398438,86.84727796697287,85.9296385196337,86.43639455436329,62608600
2005-12-09,86.51170349121094,86.81986467219738,86.16245032133875,86.39528750947515,50744500
2005-12-12,86.5938949584961,86.87466850461037,86.25834079029383,86.77194634811329,48389900
2005-12-13,87.18280029296875,87.44987467482514,86.48429926918993,86.57332232158734,88630900
2005-12-14,87.52526092529297,87.71700622444679,87.06644107022238,87.10068354135737,64375000
2005-12-15,87.2718505859375,87.65534103105541,87.09379921156183,87.54576934692717,55900300
2005-12-16,86.9909896850586,87.67942739687301,86.9909896850586,87.62435111936075,46238300
2005-12-19,86.54351043701172,87.34210076212402,86.52974399281058,87.2457198956261,48733000
2005-12-20,86.62614440917969,87.14935344471436,86.38519218855654,86.64679670632388,46603200
2005-12-21,86.7638168334961,87.26637874861393,86.60547907764455,86.89462169887547,51806900
2005-12-22,87.21817779541016,87.21817779541016,86.79823035943504,86.956568096195,32247900
2005-12-23,87.26637268066406,87.33521540678495,87.03230110901701,87.2801391249429,27977300
2005-12-27,86.37830352783203,87.46603666252219,86.3163413860513,87.40407452074145,44499500
2005-12-28,86.57103729248047,86.73626086317238,86.39892787440397,86.56415144509587,30764300
2005-12-29,86.18551635742188,86.71561106931566,86.09601609593393,86.55038749386812,32788900
2005-12-30,85.71737670898438,86.09601428024833,85.61411000687143,85.91702426577271,44645600
2006-01-03,87.22504425048828,87.4315776371903,85.63475503091419,86.18550722721146,73256700
2006-01-04,87.63811492919922,87.76891451106776,87.22504813738819,87.33520068250111,51899600
2006-01-05,87.69319152832031,87.83776281370663,87.34897268148733,87.5348538001003,47307500
2006-01-06,88.42295837402344,88.51933925200512,87.67944424185279,88.13381574007839,62885900
2006-01-09,88.65010833740234,88.84975060951409,88.38161810678388,88.4091509873524,43527400
2006-01-10,88.73963165283203,88.79470793953105,88.29903186396743,88.38853214294429,44960800
2006-01-11,89.02188110351562,89.1113813698455,88.6225859599164,88.82223878407906,49598900
2006-01-12,88.67074584960938,89.00119288499036,88.42290794689318,88.86350749564177,40509200
2006-01-13,88.58814239501953,88.73959950238688,88.25769529927429,88.51242434605962,44856700
2006-01-17,88.34719848632812,88.4091553492068,87.9892079929334,88.25769823679842,52066600
2006-01-18,87.99609375,88.73960236559728,87.54172766559955,87.8308701967964,75067600
2006-01-19,88.33344268798828,88.65012866311599,87.98922382597931,88.20952893993353,81530400
2006-01-20,86.72249603271484,88.33343769472013,86.72249603271484,88.3127854045451,114957800
2006-01-23,87.03227996826172,87.30765605821784,86.83263243435258,86.88770870281621,67017400
2006-01-24,87.12181091308594,87.5348725673724,87.03231063220854,87.1768819485906,53008800
2006-01-25,87.19750213623047,87.55548734927038,86.6329783059925,87.45910651297649,87747700
2006-01-26,87.6794204711914,87.89283446424045,87.26635892720252,87.60369190868448,71294000
2006-01-27,88.49176788330078,88.57438754168885,87.74137339159148,87.88594991522722,65771200
2006-01-30,88.42295837402344,88.67767701481907,88.36100148919118,88.42295837402344,33709600
2006-01-31,87.77581024169922,88.49178085610107,87.76892439376371,88.34033422042415,72937000
2006-02-01,88.38849639892578,88.4160292787773,87.92724450216875,87.99608720652087,63561000
2006-02-02,87.36278533935547,88.21644700910466,87.29394258818243,88.18891411052763,83626900
2006-02-03,86.92903900146484,88.38852903346178,86.83954397800018,87.14245829182458,86040400
2006-02-06,87.15621185302734,87.29390254457695,86.86018343164922,87.04606455215048,45511900
2006-02-07,86.38516235351562,87.19751902559707,86.33008607857658,87.00475206331045,71208100
2006-02-08,87.16999053955078,88.18888072928335,86.4677810872364,86.63989052620478,59422200
2006-02-09,87.02539825439453,87.84463541471291,86.99786012051699,87.3764976435187,62023300
2006-02-10,87.18376159667969,87.52109464424488,86.36451894308638,87.03919029058031,64508700
2006-02-13,87.02539825439453,87.28700264768818,86.70871234098381,87.15619782486036,52308700
2006-02-14,87.94790649414062,88.14066818854434,86.88771192255793,87.059821328613,90964400
2006-02-15,88.25772094726562,88.34034062375432,87.59682131135358,87.89973561411621,85471300
2006-02-16,88.91860961914062,88.95303360267232,88.24393315703904,88.3540857024505,61017900
2006-02-17,88.67765808105469,88.91861547692548,88.51932035204779,88.84288691005685,40342600
2006-02-21,88.4573745727539,89.08384497206951,88.31967861228928,88.88420263695888,46456300
2006-02-22,88.99434661865234,89.2559458079009,88.56750809089519,88.65012776014949,42326700
2006-02-23,88.86354064941406,89.24906408531237,88.31278838181971,88.99434549474937,43423200
2006-02-24,89.09070587158203,89.13889103762857,88.64321516122317,88.88417250562588,36777400
2006-02-27,89.1251449584961,89.52442956104832,89.00122071602547,89.08382987452246,35858600
2006-02-28,88.27840423583984,89.43498557023013,88.20956673677753,88.9461899546543,74394800
2006-03-01,89.06317901611328,89.14579868066308,88.46424159793509,88.5330895676057,48641600
2006-03-02,89.0562973022461,89.09760188163945,88.53996905037889,88.73961135235513,60642300
2006-03-03,88.6432113647461,89.5450733406382,88.56748281729631,88.58125450902979,73402500
2006-03-06,88.237060546875,88.9323788563457,88.01676068847938,88.90484596986381,57478400
2006-03-07,88.09937286376953,88.161329735322,87.70696358684886,88.02364429696354,61780800
2006-03-08,88.28524017333984,88.42292559016119,87.55549275757323,87.9134779927259,66692400
2006-03-09,87.69319152832031,88.58815737866841,87.69319152832031,88.31278650309224,56313600
2006-03-10,88.52619171142578,88.69830111774151,87.73449264426321,87.92036849204482,60490800
2006-03-13,88.6914291381836,88.91861483715486,88.4848957295983,88.69830973340375,45479100
2006-03-14,89.62081146240234,89.6552354470871,88.53996977543305,88.60881774480255,69877300
2006-03-15,90.02009582519531,90.08894378634378,89.39362559952986,89.60014847352726,53398900
2006-03-16,90.20599365234375,90.50890793003799,90.07518880472797,90.1922219566142,65526400
2006-03-17,90.28132629394531,90.47485455991202,90.11545094968787,90.32279513000968,47286800
2006-03-20,90.13617706298828,90.47484622397683,89.99794410667671,90.29514443542165,45538500
2006-03-21,89.56944274902344,90.5370949091054,89.47267858766551,90.1085588689466,87102700
2006-03-22,90.1154556274414,90.20530126141144,89.47265699557859,89.51412583379553,51605700
2006-03-23,89.92881774902344,90.12234598724662,89.61779097662891,90.03248982432228,46704200
2006-03-24,89.99791717529297,90.24674064079414,89.67306402459712,89.84585780490363,43209200
2006-03-27,89.86663055419922,90.04633236564497,89.67310228141152,89.87353851162025,32523000
2006-03-28,89.31365966796875,90.2190974872602,89.19616115023211,89.80438815107493,82079900
2006-03-29,89.87354278564453,90.19839609037972,89.36206915666776,89.44501738216422,61505700
2006-03-30,89.71456909179688,90.5301510020452,89.5417752416765,89.9288317785062,70571700
2006-03-31,89.73529815673828,90.0186825851897,89.41735285102467,89.86662316243523,62925600
2006-04-03,89.66617584228516,90.45411532504747,89.50030050686084,89.90118347830116,61624700
2006-04-04,90.23986053466797,90.35735908968968,89.41045214560297,89.66618367438555,54809300
2006-04-05,90.55088806152344,90.73750837811667,90.11545471813916,90.27442211186676,50607200
2006-04-06,90.4541244506836,90.6891321104088,89.98413022423318,90.44030853567035,57906200
2006-04-07,89.53486633300781,90.8204531375346,89.40355185190357,90.58545600734709,80180900
2006-04-10,89.67311096191406,89.90810809497582,89.34133913659062,89.67311096191406,41496500
2006-04-11,88.91280364990234,89.89427145911951,88.64324566389551,89.74913053015413,72799400
2006-04-12,89.07870483398438,89.25149871484079,88.892084489639,89.00267510454748,43033700
2006-04-13,88.96119689941406,89.33442700232919,88.68472039123583,88.87824867371039,51051800
2006-04-17,88.92665100097656,89.37591090102468,88.48429905985917,89.04414958181219,64167700
2006-04-18,90.33666229248047,90.50254825797815,89.11327834488274,89.11327834488274,92531800
2006-04-19,90.50939178466797,90.59233998161814,90.01866329082286,90.37115885174667,87269000
2006-04-20,90.63380432128906,91.13835924740441,90.26748232125372,90.54394817341375,86005500
2006-04-21,90.64764404296875,91.08999585052094,90.28132194670673,91.02088464257469,72342600
2006-04-24,90.48175811767578,90.59234869324624,90.11543606428421,90.46793165910503,52546400
2006-04-25,90.10855102539062,90.6269326760787,89.79752414427813,90.57163736775844,84359800
2006-04-26,90.1292495727539,90.64072306125374,90.06013837473878,90.1983713172665,67262400
2006-04-27,90.564697265625,90.97940665758605,89.56940316211681,89.78366581424746,124478600
2006-04-28,90.86884307861328,91.06237137329565,90.34355349968988,90.3988382583125,55854400
2006-05-01,90.1292495727539,91.09690126344299,90.0739648329408,90.86881216234836,64990300
2006-05-02,90.80662536621094,90.86192066253608,90.36427354210919,90.55088330239472,49063500
2006-05-03,90.46796417236328,90.76517513271122,90.16384525349619,90.64766601237494,60821300
2006-05-04,90.79279327392578,90.97249506596164,90.52323531262263,90.59926502204141,42921400
2006-05-05,91.59455108642578,91.7880793211647,91.13146491426492,91.26969786100733,62588200
2006-05-08,91.48397827148438,91.76736272254723,91.48397827148438,91.58765036504403,30016700
2006-05-09,91.6636962890625,91.76737894745358,91.44943356015665,91.52546329104275,29864000
2006-05-10,91.61528015136719,91.75351309003769,91.15910196190711,91.51851603964813,64378200
2006-05-11,90.50939178466797,91.61527634103183,90.21219150621202,91.58762342654951,80626900
2006-05-12,89.3274917602539,90.35042816181533,89.29293088897539,90.1016046537061,91726500
2006-05-15,89.50721740722656,89.67310330572514,88.89207170173188,89.0164782157308,84029300
2006-05-16,89.37590789794922,89.85282071070016,89.16855312547031,89.68693478341666,62137600
2006-05-17,87.67559814453125,89.23074806262265,87.62030284713471,88.93353715742869,144789500
2006-05-18,87.2332763671875,88.29768747917875,87.16415985825333,88.02121617019048,87906300
2006-05-19,87.84838104248047,88.11793899212235,86.94985630142389,87.68941367384507,124309400
2006-05-22,87.17796325683594,87.89678640418569,86.7425245935017,87.28164063570138,110852800
2006-05-23,86.5144271850586,88.21471810766182,86.5144271850586,87.9036912739021,92006500
2006-05-24,87.20559692382812,87.70324404397175,86.2310423745883,86.86692246221638,168405000
2006-05-25,88.28385162353516,88.28385162353516,87.38532133687406,87.72399586567677,78977900
2006-05-26,88.73310089111328,88.73310089111328,88.13177639701875,88.47735882246126,62989700
2006-05-30,87.15721893310547,88.47045327860982,87.12266332624348,88.44971885984263,72419900
2006-05-31,88.13178253173828,88.13178253173828,87.22633911232806,87.51663680710662,86926200
2006-06-01,88.97501373291016,89.12016521951382,87.96589819727436,88.04192791949522,73721700
2006-06-02,89.16160583496094,89.4588061254255,88.69161173473871,89.33439964471862,91702600
2006-06-05,87.86219024658203,89.06483357597163,87.62027471645212,89.05792562095223,86105100
2006-06-06,87.64793395996094,88.04190365139688,86.92220309323622,87.92440512153414,130498600
2006-06-07,86.99137878417969,88.22858398767197,86.94299669346222,87.71711541819411,108599400
2006-06-08,86.91529083251953,87.4336722887771,85.61588321387015,86.79779230134754,204957200
2006-06-09,86.63884735107422,87.75164032126466,86.59737850876294,87.33693607840034,94972200
2006-06-12,85.69882202148438,87.03970376042906,85.58132348873636,87.00514288691545,95815900
2006-06-13,84.70355224609375,86.28633936257577,84.70355224609375,85.5260474335418,185688800
2006-06-14,85.36015319824219,85.4500040927127,84.55838728481565,84.90397494958586,163566400
2006-06-15,87.17101287841797,87.33689343992957,85.60895554387722,85.67115877697607,134057000
2006-06-16,86.53580474853516,87.1675515439221,86.40389930152348,86.98011170035096,94253500
2006-06-19,85.85547637939453,87.11203706480524,85.77217211723016,87.0564973589904,95804400
2006-06-20,86.14706420898438,86.64691103967945,85.89020230183618,86.09152979178607,65494700
2006-06-21,86.78573608398438,87.26475141580806,86.05679211006196,86.08456195918404,75008200
2006-06-22,86.40390014648438,86.82043725581552,86.11232469960825,86.7440715011732,74566100
2006-06-23,86.39005279541016,86.98709150221457,86.10541572275646,86.31368700989617,54107000
2006-06-26,86.7718734741211,86.82046939992577,86.25814435896329,86.45947185059943,37899600
2006-06-27,86.02207946777344,86.98011538005169,85.92488235242993,86.78573174247843,69780200
2006-06-28,86.605224609375,86.61910688403792,85.84157238555754,86.21645736013481,62368100
2006-06-29,88.35469055175781,88.41023024856659,86.89680793814779,86.91763400031182,110634800
2006-06-30,88.36161041259766,88.62542125272964,88.13945698207132,88.54211173007391,54227800
2006-07-03,88.72265625,88.8684387166623,88.38247950592746,88.46578906914979,23914000
2006-07-05,88.21585845947266,88.47966410992528,87.83402961330384,88.36858999794018,69653400
2006-07-06,88.47277069091797,88.75740255133593,88.2228471909332,88.30615149322118,50100300
2006-07-07,87.89653778076172,88.55605474032448,87.67438419786656,88.29919280493397,81626500
2006-07-10,88.06310272216797,88.46575752265372,87.75764502572729,88.12558619644292,60964100
2006-07-11,88.4519271850586,88.4519271850586,87.43140731065058,87.89654056196763,73640800
2006-07-12,87.50773620605469,88.44494610285618,87.27863892338671,88.27138851839082,82561300
2006-07-13,86.08458709716797,87.25089461808872,86.08458709716797,87.09121926314847,102405700
2006-07-14,85.75135040283203,86.26508479458158,85.27233495182024,86.1748314383388,103242500
2006-07-17,85.62635803222656,86.153974514749,85.49445788401339,85.75131969133565,81159000
2006-07-18,86.06375122070312,86.11929092883649,84.96686581958048,85.88324981754872,122771000
2006-07-19,87.25782775878906,87.65353890707009,85.89019291224784,86.20953828660112,133565300
2006-07-20,86.66075897216797,87.68127823522588,86.54274110684246,87.55631658471764,112259800
2006-07-21,86.04985809326172,86.91070762411074,85.95961004578656,86.88293777183583,101560000
2006-07-24,87.61881256103516,87.69517832388999,86.39002716187912,86.39002716187912,92884000
2006-07-25,87.93122100830078,88.37552802037447,87.2786427670737,87.45914414590283,95480700
2006-07-26,88.04924774169922,88.47966722355497,87.59799689759033,87.8826286230216,84525800
2006-07-27,87.9659194946289,88.646267509966,87.61186056335363,88.43105251820111,87257100
2006-07-28,88.84760284423828,88.9586769464295,88.07006294267063,88.19502461798406,82137000
2006-07-31,88.75736236572266,88.83372813928503,88.47966912518294,88.62546218129876,49593100
2006-08-01,88.32002258300781,88.43109673083818,87.88959768083653,88.40332686974072,65225600
2006-08-02,88.91702270507812,89.1808336225518,88.54908147445131,88.56990753708195,64770900
2006-08-03,89.15308380126953,89.24333716038194,88.2714133546022,88.40331355424871,63693800
2006-08-04,89.0003433227539,89.85424382698474,88.50050183802658,89.61126952057302,96294200
2006-08-07,88.79208374023438,88.91704544453272,88.44496848346766,88.79208374023438,45377300
2006-08-08,88.4519271850586,89.18087146579556,88.1325764340177,88.92399892915873,90901300
2006-08-09,88.15337371826172,89.27802881173048,87.89650657749984,88.98644273768006,78910600
2006-08-10,88.42411804199219,88.5143660771142,87.66740423661348,87.87567545188831,69322300
2006-08-11,88.17420959472656,88.30610977655842,87.74378481552066,88.28528371082486,47482200
2006-08-14,88.24365234375,88.97259659529811,88.11174683432188,88.60464992671226,57839000
2006-08-15,89.29885864257812,89.46546715693351,88.79206812633107,89.03504770402861,68143000
2006-08-16,90.04167175292969,90.17357721063131,89.58347719242326,89.77787143064062,71737600
2006-08-17,90.27075958251953,90.50679532784592,89.89587990424307,89.95835808510364,70992800
2006-08-18,90.72895812988281,90.72895812988281,89.96530057502714,90.38184298551451,58288400
2006-08-21,90.34019470214844,90.4443250126386,90.11109742595612,90.37489774356916,42133600
2006-08-22,90.33323669433594,90.6109351500627,90.02777368959298,90.24299396519856,60839900
2006-08-23,90.08332061767578,90.55540273378001,89.68761485200599,90.37489607477819,66592100
2006-08-24,90.00697326660156,90.31938544241892,89.83341565475457,90.2430196694816,57983000
2006-08-25,90.11804962158203,90.4235127029627,89.93755352490963,90.00003172070598,41756000
2006-08-28,90.54844665527344,90.819206622857,90.00000941733512,90.00694790633227,52681500
2006-08-29,90.65260314941406,90.82616074222736,90.11804279747697,90.59012495834882,61817800
2006-08-30,90.70811462402344,90.97191487969306,90.63174888322425,90.85389702447821,50052200
2006-08-31,90.69426727294922,90.93725217227343,90.65261514006306,90.840060331167,37510300
2006-09-01,91.23577117919922,91.34685060171815,90.8331162174057,91.04138748634949,48794500
2006-09-05,91.4093017578125,91.53426871944963,91.08301267140523,91.29822236816032,52348300
2006-09-06,90.60401153564453,91.05526768062572,90.4790551402785,91.02055403976317,53795600
2006-09-07,90.18745422363281,90.64564873049112,89.79868697894564,90.29158452377655,86269400
2006-09-08,90.44432067871094,90.56928763842491,90.13191916909621,90.30547674033922,45096300
2006-09-11,90.53458404541016,90.72896769930948,89.88894430036873,90.15275522770982,68496600
2006-09-12,91.4231948852539,91.52732519868442,90.50680575460818,90.63871121369637,69875600
2006-09-13,91.79112243652344,91.95079242435814,91.30516339108341,91.38846762941236,62898400
2006-09-14,91.79808044433594,91.8050295277494,91.46485282705339,91.61064586824168,57805400
2006-09-15,92.0135498046875,92.31337664975912,91.8183006054714,92.25759268422645,76703100
2006-09-18,92.13904571533203,92.31336659875286,91.79737295353432,91.8949922226619,64154100
2006-09-19,91.90894317626953,92.13207901969854,91.39296015781957,92.12509937477724,92089100
2006-09-20,92.39706420898438,92.57836479011281,92.08328865510768,92.21577426756139,75204100
2006-09-21,91.95076751708984,92.56438037361181,91.6369920844416,92.46676111368345,88932500
2006-09-22,91.67188262939453,91.8183062381597,91.34415846160024,91.81133723192941,65966800
2006-09-25,92.3760986328125,92.63410071681521,91.3789885126262,91.85313610104207,92299100
2006-09-26,93.14314270019531,93.15709135103303,92.32034253602065,92.39007515050606,73962700
2006-09-27,93.25474548339844,93.4151177890136,92.92702122428888,93.08042452173196,82432200
2006-09-28,93.2198486328125,93.42903584624308,92.93395979578084,93.25471494166821,58597500
2006-09-29,93.14314270019531,93.39416521675841,93.0734100857099,93.29654594030072,47966600
2006-10-02,92.79447937011719,93.3174419382718,92.70382912026618,93.11522378701963,51687400
2006-10-03,92.98971557617188,93.34532628342319,92.49463967577061,92.66199152373028,73108100
2006-10-04,94.0774917602539,94.13327571892567,92.79449262990967,92.89908090260536,80890500
2006-10-05,94.25883483886719,94.41921780044514,93.95900786147122,94.07754485065392,60505900
2006-10-06,94.1402359008789,94.20299949831622,93.71489256560999,94.09840059572151,64983600
2006-10-09,94.19601440429688,94.34244860357654,93.88223899406968,94.02867319334936,41176800
2006-10-10,94.3215560913086,94.44706203296975,94.02171860894563,94.20301915539412,56403700
2006-10-11,94.20999145507812,94.43311668351154,93.64519341844851,94.02172189630032,104071800
2006-10-12,95.02581787109375,95.10251950052292,94.41220483566043,94.4470711471654,59158600
2006-10-13,95.2698745727539,95.32565854507175,94.85846910687285,94.94215038520203,53944000
2006-10-16,95.41624450683594,95.56267868174595,95.12338679671473,95.19311938280498,42273000
2006-10-17,95.11646270751953,95.3186702791446,94.6004689900188,95.15829802304859,90500600
2006-10-18,95.24195861816406,95.78583894213918,94.90029648420952,95.55573409127237,86848600
2006-10-19,95.39535522460938,95.44417017732736,94.99092951236791,95.10249742740734,64063200
2006-10-20,95.41624450683594,95.4929460956557,95.06063385305279,95.41624450683594,48094500
2006-10-23,95.85556030273438,96.08566512659257,95.10249287184433,95.22102978600738,66219900
2006-10-24,96.14147186279297,96.17632753309319,95.68126210602686,95.72309742215032,53234900
2006-10-25,96.46916961669922,96.51100492137016,95.88344343220265,96.04382628637609,78105400
2006-10-26,96.76900482177734,96.92240804539945,96.21117588494255,96.68533420514783,66843700
2006-10-27,96.16238403320312,96.74809970491488,95.96714547596588,96.65048042629626,80238000
2006-10-30,96.09266662597656,96.36460684800498,95.80677775059395,95.98807832508295,49717800
2006-10-31,96.0787124633789,96.40643664032694,95.70218396204737,96.27396168002632,71274100
2006-11-01,95.43022155761719,96.44128051868339,95.33260229185291,96.37852755634249,83005600
2006-11-02,95.37445068359375,95.53482293369888,95.08159284612654,95.18618113104216,60693100
2006-11-03,95.20709228515625,95.79978756507155,94.56559268884824,95.71611694285394,71346400
2006-11-06,96.28091430664062,96.42036888934591,95.49298048678686,95.49996013172886,63303300
2006-11-07,96.6504898071289,96.90848136001075,96.22514634335633,96.3646009492464,63318900
2006-11-08,96.85968780517578,96.95730710412309,95.43025399653582,96.22515704216549,87517800
2006-11-09,96.35062408447266,97.02002089232614,96.15538556545316,96.92937063717376,95916300
2006-11-10,96.39249420166016,96.46221618182167,96.02990372982667,96.32276158179464,48991500
2006-11-13,96.62954711914062,96.95029156563777,96.27393637027598,96.35062733990218,59398200
2006-11-14,97.35472869873047,97.43840996218006,96.30880334308549,96.90149863383215,96704000
2006-11-15,97.63365936279297,97.9334862243465,97.29198654501198,97.31988384916363,76509600
2006-11-16,97.88467407226562,98.09385063815132,97.26409210083047,97.92650938544277,76728800
2006-11-17,97.91256713867188,97.91953614475614,97.43143972625907,97.57089432587195,56353800
2006-11-20,97.96835327148438,98.13570517854055,97.57787612805745,97.82889866878965,69174200
2006-11-21,98.06596374511719,98.08688140165653,97.82191023255398,97.9613754624205,51367900
2006-11-22,98.26119995117188,98.42855183919065,97.96834212691627,98.14266302038054,45505300
2006-11-24,97.86373901367188,98.20540110366677,97.75914010962542,97.78703740658501,30998000
2006-11-27,96.51797485351562,97.8637374583423,96.49008819670058,97.81492250928949,84545100
2006-11-28,96.93635559082031,97.03397485567706,96.30182504940055,96.3924753095182,106652900
2006-11-29,97.94740295410156,97.98923825699026,96.97817942494433,97.25011953342153,90034900
2006-11-30,97.98928833007812,98.35187887323377,97.45237684267347,97.92653534367794,83994300
2006-12-01,97.77312469482422,98.07993123593904,96.90152003925041,97.98928094705369,126080000
2006-12-04,98.5191879272461,98.70048845934149,97.7800690678798,97.79401771797234,87813200
2006-12-05,98.94454193115234,98.98638788591872,98.49828083764464,98.70746805266157,73374400
2006-12-06,98.86084747314453,99.0630656334794,98.66560895677365,98.92360043061349,53253200
2006-12-07,98.42855834960938,99.22346125079603,98.39369204066975,99.03519169428498,62857400
2006-12-08,98.60982513427734,98.9445182142566,98.16356414773792,98.40761761337559,79625500
2006-12-11,98.8957290649414,99.07701896111618,98.55405628861295,98.6098402504443,39779400
2006-12-12,98.81903839111328,98.92362668131545,98.24029169268533,98.79812073307285,77451600
2006-12-13,98.923583984375,99.25130800516304,98.70742785145084,99.17460641221905,55520200
2006-12-14,99.79522705078125,99.87890831914088,98.9027048794378,98.91665353078167,64755200
2006-12-15,99.80431365966797,100.18995844331054,99.73420323472111,100.01466633247132,70857400
2006-12-18,99.53089141845703,100.18298385060955,99.39065982305395,99.94457836954088,48954600
2006-12-19,99.72016143798828,99.95855610408144,98.9979589090133,99.25037993751774,65023600
2006-12-20,99.66410827636719,100.02871895835158,99.57295293112504,99.76227145624942,41469600
2006-12-21,99.29948425292969,99.86742905301202,99.08914225214568,99.75525021892146,48698400
2006-12-22,98.68943786621094,99.32048505432506,98.63334311853737,99.31347722298304,62069100
2006-12-26,99.27146911621094,99.29250332198845,98.71053199784434,98.73156620362184,32696900
2006-12-27,99.92357635498047,99.98668968738063,99.44678663721793,99.47482868573816,39727100
2006-12-28,99.71318054199219,100.05674627152874,99.55892261073726,99.85341210704685,37288800
2006-12-29,99.29948425292969,99.94455801962708,99.16626051977798,99.6080001193899,45461200
2007-01-03,99.12420654296875,100.16895166113984,98.56328019394854,99.74123836567213,94807600
2007-01-04,99.3345718383789,99.601019377156,98.59133470282765,99.02605588800239,69620600
2007-01-05,98.54224395751953,99.14524946482975,98.43006509724118,99.09617321951771,76645300
2007-01-08,98.9980239868164,99.15228197780507,98.33892360695332,98.73859495605672,71655000
2007-01-09,98.91386413574219,99.28548265509899,98.44407173679713,99.08213776021515,75680100
2007-01-10,99.24340057373047,99.26444547514272,98.37395834273632,98.57028469805654,72428000
2007-01-11,99.67815399169922,100.00068563149239,99.21538004001032,99.27147482497135,54476800
2007-01-12,100.43537139892578,100.43537139892578,99.64304763646064,99.67108966656517,55370600
2007-01-16,100.23905944824219,100.57561735260765,100.07778298035254,100.31618841580332,44871300
2007-01-17,100.2811508178711,100.58966675877984,100.07780590273336,100.1619534223355,50241400
2007-01-18,99.94456481933594,100.44940705352991,99.7832990414356,100.38630444900153,68177300
2007-01-19,100.14089965820312,100.3372260006205,99.88847854666888,99.9445626168025,56973000
2007-01-22,99.8323745727539,100.33721674927466,99.51684018819175,100.31618255016815,60253600
2007-01-23,100.1268539428711,100.32318024735079,99.60798545304267,99.74821699924514,54064400
2007-01-24,100.9332275390625,100.9542617431671,100.20401683247191,100.24608524068111,55834700
2007-01-25,99.748291015625,100.91223404085218,99.57299877805424,100.87016561567346,73583800
2007-01-26,99.65709686279297,100.02169683269949,99.27145199175358,99.96561275962449,67255600
2007-01-29,99.60101318359375,100.12688969385667,99.38365260452268,99.69917637088342,66114600
2007-01-30,100.11984252929688,100.16892945839724,99.60799253472608,99.81133738531057,70407600
2007-01-31,100.79298400878906,101.0594314945392,99.84640214024354,100.00767861792573,91868600
2007-02-01,101.39600372314453,101.43106429710762,100.90518778461617,101.07346142126302,69312400
2007-02-02,101.5362319946289,101.63439517911966,101.23473460618754,101.48013721792209,49607000
2007-02-05,101.56426239013672,101.62736498793117,101.20665960467014,101.45908069483029,45705300
2007-02-06,101.59233093261719,101.69049412112876,101.19967817857086,101.64842571162167,57081300
2007-02-07,101.81669616699219,101.92186717642093,101.36794869512342,101.75358286235127,55669700
2007-02-08,101.68343353271484,101.75354394585848,101.15755728872954,101.51514928300689,70641000
2007-02-09,100.92617797851562,101.90080159537149,100.5405332310589,101.7114831377145,79084400
2007-02-12,100.58262634277344,100.99631321945611,100.40032637143437,100.92620278385631,65657000
2007-02-13,101.43102264404297,101.59929621158759,100.79996466880874,100.8069832001102,64081800
2007-02-14,102.0971450805664,102.30047923675477,101.51517394529328,101.52920031092144,66039400
2007-02-15,102.23038482666016,102.33555583789673,101.97094516730355,102.13922948426591,38715200
2007-02-16,102.18126678466797,102.20230098051245,101.83068258861917,101.97793265851112,39841800
2007-02-20,102.3986587524414,102.51084829742021,101.66944810804695,102.06210081648888,56911800
2007-02-21,102.35661315917969,102.41972647916073,101.91488411323002,102.09718414021033,63971600
2007-02-22,102.27945709228516,102.66510195014435,101.78864122727501,102.40567299984971,79067400
2007-02-23,101.87982177734375,102.22338761837806,101.69050321863978,102.18833773997657,71966200
2007-02-26,101.78865814208984,102.33556886812497,101.49416857414671,102.25143204842271,69192800
2007-02-27,97.81301879882812,101.10850904866932,97.46243450205813,100.88414066220803,274466500
2007-02-28,98.81565856933594,99.55188753727437,98.02334554388027,98.43703233670006,177536300
2007-03-01,98.52123260498047,99.04010141268962,96.7963632018988,97.70086632317513,212828600
2007-03-02,97.23104095458984,98.62637021225638,97.22403312076625,98.19865697139258,162574000
2007-03-05,96.30553436279297,97.86913771644362,96.29150799174616,96.71220283227369,143750400
2007-03-06,97.95323944091797,98.24772893344594,96.56492877643396,97.30816569076396,143333300
2007-03-07,97.8550796508789,98.48613775575474,97.74289011681438,97.87611385114315,115144900
2007-03-08,98.68245697021484,98.97694645164752,98.2126753665735,98.54221471326227,117891600
2007-03-09,98.71051788330078,99.15926537403087,98.21970198703102,99.08213639754675,107765100
2007-03-12,98.85777282714844,99.10317543776992,98.27580155781261,98.4581015570444,80366900
2007-03-13,96.93656158447266,98.70350950020895,96.78931146691794,98.28981188373811,190605200
2007-03-14,97.6587142944336,97.71480903905217,95.88475945441283,97.06271699446738,231853800
2007-03-15,97.7919921875,98.15660288015711,97.32221047724207,97.44140786351785,132435900
2007-03-16,97.51817321777344,98.29252236011442,97.22955119731704,98.06725324909797,121531600
2007-03-19,98.69376373291016,98.78528064780109,97.95461426525875,98.03204917599219,96161200
2007-03-20,99.23578643798828,99.29210370089842,98.52480113390932,98.60927165756475,82147400
2007-03-21,100.86898803710938,101.12241045989077,99.13024146639368,99.32734660173207,152368700
2007-03-22,100.79150390625,101.14347872487737,100.51696397737742,101.00269094571023,118942200
2007-03-23,100.93938446044922,101.23504215504654,100.77043260292619,100.86194953509583,74416800
2007-03-26,100.80561065673828,101.12238592299487,100.02422593788047,101.0167977480499,113787500
2007-03-27,100.56622314453125,100.77741013681894,100.2353660296111,100.74924614242505,99864600
2007-03-28,99.83414459228516,100.2917075685539,99.43992376520316,100.0594028949128,152907900
2007-03-29,99.93980407714844,100.39033174539524,99.39072381714223,100.34105007880208,139432700
2007-03-30,99.96084594726562,100.55216104957655,98.94715677677902,100.12979772281965,128194100
2007-04-02,100.0735092163086,100.28469631107235,99.59481775208262,100.0735092163086,79416400
2007-04-03,101.15049743652344,101.35463804928143,100.60141772892213,100.64365297698129,82417800
2007-04-04,101.26316833496094,101.33355685989582,100.77744132480444,101.15053380536118,63995200
2007-04-05,101.5376968383789,101.67848461379381,101.09420514147415,101.13644039995675,46822800
2007-04-09,101.67848205566406,101.93190434160255,101.47433065624277,101.82630545663407,50967400
2007-04-10,101.79816436767578,101.96711615897057,101.55882405273962,101.60105931520839,56620000
2007-04-11,101.3828353881836,101.97415053833407,101.04493180973793,101.94599727750673,106365700
2007-04-12,101.8333511352539,102.01637416330321,100.9041325126535,101.18571879590442,115534400
2007-04-13,102.29800415039062,102.29800415039062,101.62220752329246,102.00233574130688,84287000
2007-04-16,103.26942443847656,103.38205897452167,102.64995597306962,102.65699160353972,83064600
2007-04-17,103.5439224243164,103.76214503603654,103.23418294648802,103.45945192724183,108424100
2007-04-18,103.67064666748047,103.97333979892122,103.17788416198566,103.19900178783422,88345300
2007-04-19,103.6424789428711,103.76214906551272,103.03004633246492,103.16379845230458,102947700
2007-04-20,104.6209716796875,104.6209716796875,103.5087301761786,104.33939617510521,124114100
2007-04-23,104.2267837524414,104.69842873029276,104.1634308617045,104.44500642592585,77270800
2007-04-24,104.26903533935547,104.46614041345694,103.70588412273467,104.34647024285397,114471000
2007-04-25,105.22643280029297,105.35314937356013,104.19867191503843,104.69847035143079,108418800
2007-04-26,105.3460693359375,105.45166823681947,104.95890559029725,105.23344554631821,88741600
2007-04-27,105.26158905029297,105.409423201255,104.77586207895656,104.9518494893585,108191100
2007-04-30,104.38871765136719,105.40945351841087,104.33241111629287,105.3390542374347,100874100
2007-05-01,104.65614318847656,105.21930478777139,103.95219387471154,104.48015586003531,134342700
2007-05-02,105.26862335205078,105.55724527941017,104.71250786841931,104.81809601676106,87129800
2007-05-03,105.83883666992188,105.87402556011631,105.40238057246445,105.57133235935953,86569700
2007-05-04,106.24007415771484,106.38086193183595,105.74731157758167,106.12040401264098,96409000
2007-05-07,106.26119232177734,106.43717972566947,106.16263980525451,106.21192143422527,63461400
2007-05-08,106.12044525146484,106.24011544304302,105.68399975965939,106.00077505988666,80584000
2007-05-09,106.40902709960938,107.57758604633771,105.852900884811,106.04297028974123,102070100
2007-05-10,105.29681396484375,106.3105034107961,105.0785912421721,106.1063519505137,153617800
2007-05-11,106.1978530883789,106.24712398226583,105.39535085310834,105.41646848497703,113408900
2007-05-14,105.96553802490234,106.50758225312578,105.4446114264807,106.19784269414096,108027500
2007-05-15,105.99369049072266,106.76099293380236,105.7261862204528,106.08519662943246,180673300
2007-05-16,106.71878814697266,106.73990578050535,105.8599685785726,106.1556261894515,114166500
2007-05-17,106.507568359375,106.97217763724464,106.37381622713214,106.56388561197292,101132800
2007-05-18,107.43680572509766,107.43680572509766,106.86660815515526,107.00739595466612,99182000
2007-05-21,107.38043212890625,107.86615891263057,107.35227888034053,107.4085961188869,174664600
2007-05-22,107.29597473144531,107.81690119548878,107.26782147944502,107.49307971969608,82148800
2007-05-23,107.31011962890625,108.05630477058365,107.25380235047857,107.6691301947824,133786600
2007-05-24,106.33865356445312,107.85215205788678,106.11339521718018,107.3734606151221,187593000
2007-05-25,106.78211975097656,107.01442441492654,106.42309856968168,106.64836760433091,83309200
2007-05-29,107.16926574707031,107.35228873308256,106.6131396787683,106.95807876849254,82020000
2007-05-30,108.04222106933594,108.08445634213795,106.53576880467018,106.62025009169662,129013600
2007-05-31,107.92958068847656,108.33082645992694,107.7887821455192,108.17595665581045,114866700
2007-06-01,108.46456146240234,108.68981976092141,108.06330501304473,108.32377368315053,107771700
2007-06-04,108.47865295410156,108.68279364066512,108.04219683638848,108.08443209971749,78008800
2007-06-05,108.04925537109375,108.33786661680458,107.60576357337487,108.22524281572235,126917900
2007-06-06,106.88771057128906,107.66909509996877,106.82435768174129,107.605742210421,164096800
2007-06-07,104.95887756347656,107.35230163114504,104.9307135675272,106.6905873647591,232414600
2007-06-08,106.3245620727539,106.43016097668881,104.95186225296324,105.29680148621132,175886000
2007-06-11,106.507568359375,106.9651312672839,106.0851943355994,106.24709972343241,102015600
2007-06-12,105.3460693359375,106.67653385225755,105.27568081010295,106.0641010445385,233898000
2007-06-13,106.92291259765625,107.04962912101057,105.39534313628573,105.94442300750946,193208200
2007-06-14,107.60574340820312,107.78876644940698,107.02146391255879,107.0425815426431,146396500
2007-06-15,108.21796417236328,108.63508182768838,108.11897613105404,108.26744740530634,154030800
2007-06-18,108.09072875976562,108.44422058130816,107.92812554241605,108.43715462845445,88537500
2007-06-19,108.35938262939453,108.43715125922613,107.71602494512533,107.85035355917208,110851700
2007-06-20,106.85350036621094,108.57854206807173,106.7262484969164,108.57854206807173,177119700
2007-06-21,107.4473648071289,107.53927612745362,106.22428619627735,106.81108388043965,205262000
2007-06-22,106.43640899658203,107.29893006115117,105.94152251389063,107.12218411821021,204964700
2007-06-25,105.9273681640625,106.93128371499316,105.35471309797033,106.21723406764733,232014400
2007-06-26,104.83861541748047,106.37277964636434,104.83154946356652,106.19603370907241,198445700
2007-06-27,106.33036804199219,106.45056479117237,104.67602840155261,104.72552244977005,213638000
2007-06-28,106.31620025634766,107.04439252212697,105.81423713941811,106.31620025634766,157705000
2007-06-29,106.35152435302734,107.21404509923237,105.44658632220768,106.68380746612496,199701800
2007-07-02,107.3130111694336,107.40492246832297,106.5918958307529,106.6625877018353,103357000
2007-07-03,107.70191955566406,107.8150395632745,107.45448167519864,107.58879954805363,54048400
2007-07-05,107.5887222290039,107.85737935707778,107.19989001232004,107.74425943076142,89279000
2007-07-06,108.15434265136719,108.28867125462489,107.41200775127311,107.7301589853942,81109000
2007-07-09,108.23921966552734,108.42303156242706,107.89985968825923,108.28163696575679,72348100
2007-07-10,106.69795989990234,107.89276386830714,106.59191667868255,107.66652394608725,180362600
2007-07-11,107.45442962646484,107.49684691184326,106.41516298384363,106.57776617369841,175607600
2007-07-12,109.15119934082031,109.40571387245218,107.70188077979758,107.72308942512407,133882500
2007-07-13,109.47644805908203,109.90770861770622,109.15123075761261,109.27849345391522,111794300
2007-07-16,109.46228790283203,109.95717433681398,109.28554197728738,109.57540788423223,98378700
2007-07-17,109.40573120117188,109.92182629871722,109.35623716242816,109.53298309328628,126201300
2007-07-18,109.20777893066406,109.44108485885555,108.38060925128468,109.03809894987506,237887400
2007-07-19,109.63197326660156,109.95717974447676,109.40573329267473,109.7238738167581,145212700
2007-07-20,108.52201080322266,109.57542052456475,108.04833296264661,109.50471783110474,245502500
2007-07-23,108.85429382324219,109.38453165996474,108.38061598362937,109.00275437640332,121183900
2007-07-24,106.96658325195312,109.0733906191098,106.58480620098115,108.25328734222391,256732400
2007-07-25,107.18580627441406,107.73725273385222,106.22430794734213,107.47567219962833,265214500
2007-07-26,104.64775848388672,106.61317283629994,103.49537129039537,106.18191223162117,467592500
2007-07-27,102.59040832519531,105.24866323618919,102.54799102791216,104.78206217835903,422987600
2007-07-30,104.1952896118164,104.49928750772916,102.71768507664726,103.17015433669938,283017500
2007-07-31,103.02165985107422,105.66578262440807,102.540905352416,104.86688763612953,316976700
2007-08-01,103.52362060546875,103.93367245626362,101.77030400612018,102.63989095833726,467670000
2007-08-02,104.35079193115234,104.46390111743901,102.69644197760049,103.75691746150359,294758400
2007-08-03,101.66427612304688,104.33667411670268,101.24008151325002,104.12457681180426,359398200
2007-08-06,103.36810302734375,103.8064295180559,100.76639711219022,101.9541354699845,324980000
2007-08-07,104.47097778320312,105.34056465881991,102.67523325729509,103.17719639924356,232568700
2007-08-08,105.9273681640625,106.46467188791249,104.16697488246635,104.92345261313184,274930600
2007-08-09,102.78836822509766,105.30522867952611,102.71766553415554,104.23061034595894,357622100
2007-08-10,102.30758666992188,103.57308238385484,101.18347471023456,102.08134677261985,411018400
2007-08-13,102.67526245117188,103.84885824192536,102.52680188243991,103.57313496941991,181917200
2007-08-14,101.10569763183594,103.26199927628123,100.90067718131347,103.00748480697439,264134500
2007-08-15,99.71299743652344,102.13089169620845,99.41606551411172,100.90073591388779,323834000
2007-08-16,100.46244049072266,101.05630451945666,96.8568174247847,98.82929823012294,546743700
2007-08-17,102.30758666992188,103.08526204454542,99.9603962801177,102.86609888635412,388218100
2007-08-20,102.25813293457031,102.84493076320747,101.30370052183302,102.63283347285294,187320400
2007-08-21,102.46318817138672,103.19845758850848,101.90467554583076,102.22989293950383,157066400
2007-08-22,103.67916870117188,103.78522274251942,102.74595570606944,103.22669950615203,173156700
2007-08-23,103.58727264404297,104.38615702744082,102.94391477682156,104.16699376860467,203915300
2007-08-24,104.86688232421875,104.86688232421875,103.4175637363458,103.55895830371325,128901900
2007-08-27,103.89125061035156,104.86689155013518,103.73571333624939,104.52754240105543,113024300
2007-08-28,101.60772705078125,103.39639545616792,101.42391512021551,103.33276949417035,219790700
2007-08-29,103.60143280029297,103.74283823345363,101.7774235349839,102.06727878243537,207654200
2007-08-30,103.32564544677734,104.06091440785802,102.73178183124443,102.83075910049992,191817300
2007-08-31,104.34371185302734,104.98706954840229,103.80640817527929,104.38612914499244,185477500
2007-09-04,105.39715576171875,106.03343692436495,104.20941726033683,104.24476861108778,120062000
2007-09-05,104.48511505126953,104.88810093364762,103.92660268141302,104.77498095392237,166261800
2007-09-06,104.7254867553711,105.06483587135064,104.01142639726584,104.5982240945576,127878400
2007-09-07,103.26910400390625,103.84882497084836,102.69643820197243,103.55895909352026,235447600
2007-09-10,103.0711669921875,103.72866755836165,102.03897664989027,103.58727295105317,192305900
2007-09-11,104.27304077148438,104.4215013229896,103.3115424067765,103.38931105347038,162081900
2007-09-12,104.54165649414062,104.944642305024,103.91244155165764,104.13160473117115,149554600
2007-09-13,105.27691650390625,105.65868285068487,104.77495346787936,105.02240201014978,154079000
2007-09-14,105.26985168457031,105.40418029200093,104.44975892312773,104.60529617513019,121911000
2007-09-17,104.70425415039062,105.09308642102782,104.37197106304829,104.85271463503464,109870800
2007-09-18,107.7867660522461,107.81504066057762,104.72552458683273,105.22041114051805,263759500
2007-09-19,108.42298889160156,109.15118102619739,107.9634539363482,108.45834022378536,193779900
2007-09-20,107.65949249267578,108.47251954979194,107.53930654087615,108.40889359667155,175186800
2007-09-21,107.95004272460938,108.76692690741753,107.78666805582681,108.47569662973433,141457500
2007-09-24,107.7511215209961,108.55380654629487,107.51670879222144,108.26966497858655,139450200
2007-09-25,107.53802490234375,107.72981911789766,106.8845155133417,107.12602773210247,142289900
2007-09-26,108.10626220703125,108.51825924377943,107.53799005845137,108.14888072136904,135547000
2007-09-27,108.74555206298828,108.75266237401415,108.10625272620797,108.61769653118772,102713300
2007-09-28,108.38330078125,108.81660710472013,107.95709393102382,108.57509494774084,133372100
2007-10-01,109.6051254272461,109.92477527156541,108.32651521107415,108.39755332709831,148162300
2007-10-02,109.4559555053711,109.8537429627875,109.2570617766629,109.8253342182129,112978800
2007-10-03,109.23570251464844,109.68321861887505,108.68873959158152,109.25701177305064,119055900
2007-10-04,109.40619659423828,109.57667067574967,109.10074580004496,109.47012437480505,76864400
2007-10-05,110.70613098144531,110.88371540019072,109.83951815085629,110.12364888529186,134579700
2007-10-08,110.11651611328125,110.4503755866809,109.93893174823417,110.37933750510629,71280400
2007-10-09,111.1535873413086,111.16779712343344,110.12360033446012,110.52849783335866,94054300
2007-10-10,110.96892547607422,111.12520059369095,110.39355383343542,110.84105908943776,101711100
2007-10-11,110.43624114990234,111.89243610458415,109.77562122498365,111.47332847957256,233529100
2007-10-12,111.04710388183594,111.06131367199798,110.29414758665939,110.4291134959635,124546700
2007-10-15,110.10943603515625,111.06839620527333,109.34938038028453,111.00446841763684,161151900
2007-10-16,109.23570251464844,109.76135617931317,109.01549961856561,109.68321861887505,166525700
2007-10-17,109.56961059570312,110.16629177330114,108.30521012174277,110.08815417821842,216687300
2007-10-18,109.17182159423828,109.52699050522797,108.73851508927504,109.00133661496102,148367500
2007-10-19,106.31621551513672,111.15361230109615,106.30911604192409,108.7455685373806,297169900
2007-10-22,106.93425750732422,107.09053270485181,105.59882969058245,105.74089509590873,261989800
2007-10-23,107.8008804321289,107.93584637314919,106.72827405906224,107.58778772409335,180085100
2007-10-24,107.6019287109375,107.78662341026434,105.72663801821254,107.41014537702382,326694200
2007-10-25,107.857666015625,108.17731578987518,106.46541029345767,107.72270012810122,237374500
2007-10-26,109.12208557128906,109.12208557128906,107.90030373068224,108.7242981513509,176484000
2007-10-29,109.48435974121094,109.70456270720565,109.07236254981375,109.34228352156835,106841000
2007-10-30,108.72431182861328,109.21444668944287,108.58934590010709,109.00134316226969,132981600
2007-10-31,109.85369873046875,110.29411538575737,108.56798948797287,109.37777386848299,220954400
2007-11-01,107.28226470947266,108.97287131684509,106.96971449578471,108.8876234520006,333040800
2007-11-02,107.4030532836914,107.97132558613379,105.98948826060634,107.63746601490736,331228200
2007-11-05,106.58615112304688,107.37462623397904,105.81898527141904,106.2949101273668,226841000
2007-11-06,108.02105712890625,108.04946586723763,106.47961481182907,107.16154375960433,177800500
2007-11-07,105.06604766845703,107.35333583944333,104.81032567297743,106.86320111153303,306639700
2007-11-08,104.53329467773438,105.41410645635497,103.04869154082675,105.12287624765547,374509900
2007-11-09,103.098388671875,104.80319440833914,102.92080428937288,103.48907648115777,277745100
2007-11-12,102.0755386352539,104.14262421318445,102.0755386352539,103.1481556390398,243087800
2007-11-13,105.18680572509766,105.35018035780367,103.15523951186967,103.26178582909252,191117400
2007-11-14,104.89551544189453,106.12439602564636,104.26331563233445,105.99654050498577,230558800
2007-11-15,103.38252258300781,104.76768948097659,102.65798608373068,104.11418023358831,263111100
2007-11-16,103.56014251708984,104.04317785462936,102.69354037769125,103.92952120592659,308770600
2007-11-19,102.11810302734375,103.25464722855696,101.71321633642538,103.19781893460743,267746000
2007-11-20,102.74324035644531,103.37544045042763,100.94608691493738,102.30283446862852,414767500
2007-11-21,100.640625,102.22468563680785,100.63352552606908,101.63510413379605,259012400
2007-11-23,102.38098907470703,102.53015394072932,101.36520039944108,101.62803275201878,77688400
2007-11-26,100.1220932006836,102.91372590181068,99.91610004388755,102.59406527669996,214232000
2007-11-27,101.27284240722656,101.74165701146556,100.12208806145978,100.68326086611772,293897900
2007-11-28,104.51197052001953,104.75348269335794,102.3880572760476,102.42357632245412,258596900
2007-11-29,104.54747772216797,104.93106607744373,103.78032268939863,104.1496904195791,199409900
2007-11-30,105.59880065917969,106.45830317038993,104.65405025709366,105.8687216034238,222908000
2007-12-03,104.90260314941406,105.44956588386285,104.62557204682847,105.26488209510133,146430400
2007-12-04,103.96503448486328,104.80322783494452,103.92951542925607,104.1781379796125,136533900
2007-12-05,105.70532989501953,105.98236110809654,105.00920212555002,105.0802293777623,171130000
2007-12-06,107.21834564208984,107.41013980494468,105.53484920950353,105.57746772594011,154457400
2007-12-07,107.19705200195312,107.61614859316012,106.94133002718598,107.559320283335,148980100
2007-12-10,108.02813720703125,108.14889329132016,107.16152451847228,107.45986499240212,123914300
2007-12-11,105.06604766845703,108.60352624018104,105.00921935402904,108.07077298617291,250346400
2007-12-12,106.10310363769531,107.80792005637171,104.56167263990639,107.30357568730477,322435600
2007-12-13,105.88290405273438,106.11731672405523,104.63271397791301,105.3572612493693,237551300
2007-12-14,104.5403823852539,105.9113395775951,104.49066438990846,105.08023505457389,159152900
2007-12-17,103.04869079589844,104.32728992838129,102.89951511636602,104.14260603652976,177269400
2007-12-18,103.62406921386719,104.05026533904265,102.26022210329769,103.78034437809953,245569300
2007-12-19,103.62406921386719,104.34150640319322,102.95635002830963,103.6666877424954,198917200
2007-12-20,104.27755737304688,104.3201758929954,103.12680313998146,104.3059661067155,214813800
2007-12-21,105.78073120117188,105.98781754991552,105.03805341334399,105.23800261089441,146084400
2007-12-24,106.56627655029297,106.74480345440288,106.03069583796324,106.27350070883,45601400
2007-12-26,106.7947769165039,106.88760348030036,106.04496187547502,106.15207364001536,67093100
2007-12-27,105.45226287841797,106.42344960324967,105.20233176837,106.41631245030545,122981700
2007-12-28,105.18807983398438,106.12355929712643,104.90243017962257,106.07356652145556,116398100
2007-12-31,104.40966796875,105.40941416379854,104.30254530015576,105.04522324197721,108126800
2008-01-02,103.4956283569336,104.96669943768167,102.74582395555264,104.63820508657383,204935600
2008-01-03,103.44563293457031,103.8955242336164,102.88149269465767,103.4813404957739,125133300
2008-01-04,100.91055297851562,102.4316058005739,100.62491426943892,102.3601906750956,232330900
2008-01-07,100.8248519897461,101.56751908608095,100.04647733476445,101.26759520699858,234991000
2008-01-08,99.19673156738281,102.04601513085116,98.86109998076334,101.46045231566566,326365700
2008-01-09,100.23926544189453,100.5391892817926,98.33259974056111,99.32520872132456,301824900
2008-01-10,100.89627075195312,101.97458033784187,99.52518529436627,99.74655693489694,335701200
2008-01-11,100.08219909667969,101.33188768780836,99.26097952393447,100.53209047634033,267076600
2008-01-14,100.88914489746094,101.3033287117281,100.26072657285975,100.80345545189526,170365500
2008-01-15,98.66825103759766,101.03909362610327,98.47543892433538,99.8251019243357,239940100
2008-01-16,97.81846618652344,99.34665617385471,97.31859299373626,98.08983058964435,378802600
2008-01-17,95.28335571289062,98.46114271224663,94.92630197331493,98.41114995842665,397892600
2008-01-18,94.30503845214844,96.41880153052506,93.61950132691331,96.21885229429681,348561500
2008-01-22,93.34813690185547,94.56925467234976,89.97754849906605,90.84161795388322,435923700
2008-01-23,95.5904769897461,95.82613388720742,90.57743684470739,90.75596380674588,511913000
2008-01-24,96.39737701416016,96.73300841667557,95.1976707272843,96.03317520915803,259949300
2008-01-25,95.0048599243164,97.66134077764207,94.6906617676528,97.48281389715736,269603900
2008-01-28,96.57592010498047,96.77586937029038,94.30505216836396,95.16197914775185,217934600
2008-01-29,97.05436706542969,97.43998037712893,96.31883710509393,97.19004925360339,168968300
2008-01-30,96.34022521972656,98.9324274910983,96.11885368461574,96.81867583673684,334939200
2008-01-31,98.09695434570312,98.93245890305333,95.11912705778825,95.26194639387586,343680800
2008-02-01,99.67516326904297,99.69658563030578,98.20410301475819,98.50402696885725,206843600
2008-02-04,98.4183120727539,99.47518824194916,98.28976704199914,99.41092117478026,124694300
2008-02-05,95.78324890136719,97.29715341629407,95.45475463485958,97.07578181983774,286882500
2008-02-06,95.01200866699219,96.5830430474456,94.5549802854709,96.10459231182301,250792900
2008-02-07,95.64047241210938,96.25460568431703,94.06943710305472,94.11942988978471,297368100
2008-02-08,95.02633666992188,95.84755633747194,94.33365118487347,95.0406109814747,221643500
2008-02-11,95.51187896728516,95.85464751931151,94.29075033709354,95.04771344675814,188576300
2008-02-12,96.39737701416016,97.33999326431928,95.67612145298554,96.34024710560264,256654400
2008-02-13,97.38285827636719,97.8755943060493,96.50450890403977,97.12577908246426,181967800
2008-02-14,96.52592468261719,97.83274292117821,96.25456030298955,97.79703536126655,215207200
2008-02-15,96.50448608398438,96.56161599094442,95.62613691935691,96.04745772471965,154110300
2008-02-19,96.7758560180664,97.75417985238268,96.1260155472592,97.63278287922357,145190000
2008-02-20,97.06148529052734,97.51137648012299,95.5190105516981,95.68326311399139,220085700
2008-02-21,96.25456237792969,97.83988218370813,95.74041491050475,97.58995105177371,201051200
2008-02-22,96.84728240966797,97.01153502544928,94.87634908806075,96.38311676504463,205491000
2008-02-25,98.06841278076172,98.29692158102907,96.24743594731179,96.79015388231326,190107000
2008-02-26,98.80393981933594,99.22526073871596,97.47569908821127,97.65422600961824,212420700
2008-02-27,98.7039794921875,99.36095735066279,98.12555392637884,98.23266573618781,168395800
2008-02-28,97.73989868164062,98.51828420675201,97.51138992756894,98.00412588956988,170831100
2008-02-29,95.56187438964844,96.89010392786662,94.81919646038189,96.83298491461484,252715200
2008-03-03,95.33336639404297,95.55473801078212,94.4335947238207,95.07628721734841,189483500
2008-03-04,94.96916198730469,95.26193778608337,93.54094696264727,94.4264333042287,282513100
2008-03-05,95.56901550292969,96.24027834882692,94.50499132204827,95.27622878990361,270681400
2008-03-06,93.59092712402344,95.13340193780269,93.22673622205431,94.96201221524421,247911700
2008-03-07,92.62689971923828,94.0765372462403,91.81995466068611,92.669744430946,326434600
2008-03-10,91.40576171875,92.78398398938589,91.11297502310481,92.71971692831721,235683600
2008-03-11,94.69071197509766,94.77640143631193,92.084211600138,93.34818563515765,341440600
2008-03-12,93.80519104003906,95.52619326964432,93.66237167455404,94.79066318579827,229161100
2008-03-13,94.01227569580078,94.71924625165877,91.83425589667445,92.5555007613158,351504200
2008-03-14,92.55548858642578,94.84063077934984,91.2486703409995,94.81207126912095,484687800
2008-03-17,91.62000274658203,92.30553990682256,90.02754047980623,90.38459426221972,405311100
2008-03-18,95.42621612548828,95.46906084437002,92.81971646385477,93.27674495929134,334416600
2008-03-19,93.06251525878906,96.15459183034199,92.86255508976285,95.790400847324,345971600
2008-03-20,94.78628540039062,95.38193038335957,92.76252695581933,93.32947103796353,245320700
2008-03-24,96.68090057373047,97.46312909670007,95.6187916182136,95.6690209520723,208977300
2008-03-25,96.77415466308594,97.27650253009958,95.99909897525251,96.78132715034249,192947200
2008-03-26,95.59003448486328,96.946379161831,95.52544925033195,96.4942715697497,196934300
2008-03-27,95.28862762451172,96.47991751958837,94.98721890714813,96.30767927379684,225153200
2008-03-28,94.37721252441406,95.70485625109585,94.05427541397731,95.43933188590408,180896100
2008-03-31,94.7073745727539,95.25277946603548,94.0758450486843,94.21937149950932,166692100
2008-04-01,98.03719329833984,98.2022480929947,95.81249601235385,95.88426467978356,254547300
2008-04-02,98.10182189941406,98.79793666986033,97.58511792649794,98.3530013961027,210910800
2008-04-03,98.34580993652344,98.63287375938319,97.39135420781466,97.57076499071505,175884800
2008-04-04,98.2381362915039,99.0060194518384,97.68554819156724,98.4031910926522,204446800
2008-04-07,98.28838348388672,99.44378907414874,98.13050115848229,98.94143024766423,154245500
2008-04-08,98.18792724609375,98.25968498079422,97.56357034705262,97.73580862098878,148937300
2008-04-09,97.47747039794922,98.17358512961702,96.80288408475646,98.03723117903141,195610600
2008-04-10,97.61378479003906,98.08024826844898,96.8100173413615,97.18319469430605,192967800
2008-04-11,95.71923065185547,96.96792251329639,95.45369528504546,96.51581485155836,222973300
2008-04-14,95.39627075195312,95.83403338333974,95.12357388101681,95.58286492457307,160522000
2008-04-15,95.61872863769531,95.94166570094819,94.96567107510755,95.8627245565655,172389200
2008-04-16,98.20944213867188,98.25249896363627,96.53733275025961,96.55167772500614,189268900
2008-04-17,98.35295104980469,98.49647742428529,97.35542796417789,97.61377981838716,179665700
2008-04-18,99.37919616699219,100.15425189446539,99.22131383637564,99.70931675383483,218530600
2008-04-21,99.42943572998047,99.7380169510504,98.92708784081854,99.19978472329919,118587400
2008-04-22,98.99171447753906,99.25723898348697,98.24535934406833,99.17112529515084,162166000
2008-04-23,98.83380126953125,99.59450114699025,98.40321106135708,99.09932569269913,193309000
2008-04-24,99.2643814086914,100.28343311761328,98.34578832774096,99.09214315282019,229381300
2008-04-25,100.18294525146484,100.39105685775226,98.97012709487609,100.03940792259269,190788100
2008-04-28,100.20448303222656,100.64941813233214,100.02507230471794,100.38389375973517,105610200
2008-04-29,99.80976867675781,100.27623214810731,99.47247566195647,100.03223620772022,125514100
2008-04-30,99.22132110595703,100.89343067518686,99.22132110595703,99.96049254874416,208395900
2008-05-01,101.27375030517578,101.27375030517578,99.22847485755976,99.30741600503437,187279500
2008-05-02,101.55368041992188,102.17085398034033,100.87192160268845,102.14932556140201,181585500
2008-05-05,101.0656509399414,101.62541152601713,100.76424223592844,101.22353325399985,118504500
2008-05-06,101.9411849975586,102.04882706177206,100.24754716830392,100.4843706599361,179339800
2008-05-07,100.12557220458984,101.93402500144072,99.84569182290828,101.82638291247284,199267300
2008-05-08,99.8672103881836,100.6996789619573,99.7380289438016,100.28344467507044,178321200
2008-05-09,99.68060302734375,100.03225202080378,99.35766588456262,99.46531889906471,152588200
2008-05-12,100.80012512207031,100.87188284083528,99.55859503842399,99.93177240723084,147865900
2008-05-13,100.81451416015625,101.108750501675,100.27628175753884,101.04416524144882,159132200
2008-05-14,101.02262115478516,102.04884552045301,100.80015354826217,101.23791627251741,181910800
2008-05-15,102.28565216064453,102.35742083815627,101.06566129548419,101.216360187751,166927000
2008-05-16,102.37897491455078,102.52967384459309,101.62544741324267,102.5225013551891,204236800
2008-05-19,102.65882110595703,103.55587474905285,102.12058892009955,102.48658286435237,165664400
2008-05-20,101.82637023925781,102.14930741633407,101.18766837335544,102.0990780978556,178552100
2008-05-21,100.1040267944336,101.99142045293644,99.75237777955476,101.76895287325598,252724800
2008-05-22,100.11837768554688,100.59202472531989,99.7523836731935,100.06096492766252,170820400
2008-05-23,98.77639770507812,100.22603986046427,98.69028403557405,99.78827712321045,181376400
2008-05-27,99.50837707519531,99.75237305746465,98.69743701313007,98.89120368157347,168322900
2008-05-28,99.96766662597656,100.47001450844628,99.03472858689705,99.87436953695985,181288100
2008-05-29,100.47003936767578,101.13744223015715,99.80980899444631,99.84569334143639,173927200
2008-05-30,100.72118377685547,101.00106406534417,100.42694756449617,100.80729741935616,117362000
2008-06-02,99.68060302734375,100.36954508892437,99.0347287417815,100.34801667609646,181069900
2008-06-03,99.09928894042969,100.19728151866863,98.48211571112756,99.96764152307425,271965700
2008-06-04,99.0490951538086,99.86720777897318,98.64721680465598,98.81944412551353,246637700
2008-06-05,101.0297622680664,101.108703421707,99.26436694172004,99.45095014561548,237867100
2008-06-06,97.80755615234375,100.3264900004502,97.75732683832976,100.14707925686942,384276300
2008-06-09,98.04438781738281,98.67591719152496,97.17604587830105,98.21662608770258,228263900
2008-06-10,97.55638885498047,98.38885734329553,97.13298212312402,97.36262218348097,260234900
2008-06-11,96.12110137939453,97.78602737951248,96.11391794144555,97.57791573588375,283890100
2008-06-12,96.48710632324219,97.5061581448542,95.81970353986775,96.59475935145237,252791800
2008-06-13,97.70710754394531,97.97264294768102,96.46558799801173,97.00382034427003,244726900
2008-06-16,97.76449584960938,98.26684372370043,97.2119186632904,97.27650390059588,185832500
2008-06-17,97.2908706665039,98.4032086008063,97.14733330045905,98.36733520965869,191707700
2008-06-18,96.34357452392578,97.25498421680881,95.95605211495032,96.6593392017979,265893000
2008-06-19,96.46562194824219,97.05409477676771,95.80539135184677,96.27185516929244,304204900
2008-06-20,94.89976501464844,95.98882202846526,94.64012089812563,95.80851391991146,289275700
2008-06-23,94.80599212646484,95.36855249044712,94.71223940255615,95.26758039960755,165096400
2008-06-24,94.61848449707031,95.52002503690042,93.89725206520623,94.5175123968147,267300600
2008-06-25,95.065673828125,96.21243110030105,94.65457694032884,95.000765530863,287853900
2008-06-26,92.4836196899414,94.78435261071495,92.37543924121279,94.1713117260326,297775000
2008-06-27,91.9787826538086,92.9380232287219,91.62538025873381,92.51970704532953,303423400
2008-06-30,92.30331420898438,92.97406048286655,91.8128760140752,92.23840043921984,258842600
2008-07-01,92.59183502197266,92.65674330794879,90.82481203531138,91.25033658355706,388622000
2008-07-02,91.00513458251953,93.15441026724132,90.83924865446795,92.88754670739637,288064600
2008-07-03,91.09884643554688,91.67583445366671,90.14682005744504,91.67583445366671,239352500
2008-07-07,90.16850280761719,91.84176232300231,89.37514799906333,91.4450876700096,372427300
2008-07-08,91.76961517333984,91.87780114108922,89.5770678703822,90.14684216479982,375973700
2008-07-09,90.0025863647461,92.13021961390066,89.71409232183542,91.95712538918073,336729400
2008-07-10,90.37042236328125,90.7238247002921,89.12990174879975,89.74294819128657,436475700
2008-07-11,89.31745147705078,90.8031945234136,88.34378847017042,89.41121524607338,481124600
2008-07-14,88.50963592529297,90.51466100173353,88.27884179065016,90.34156677639298,322720800
2008-07-15,87.2619400024414,89.06502169396883,86.5623434257178,87.84614221224297,502502500
2008-07-16,89.4039535522461,89.84390568710816,87.34122877315811,87.5936589728579,371642900
2008-07-17,90.29828643798828,91.06279645734784,89.49771810329972,90.25501425856707,375490600
2008-07-18,90.86084747314453,91.17818594304363,90.26222334420066,90.99787786824601,267030100
2008-07-21,90.91138458251953,91.45230911077117,90.29112401658547,91.2431509662056,222863000
2008-07-22,91.9427261352539,92.17352032673357,90.0458810434181,90.26225300530359,296904200
2008-07-23,92.44039154052734,93.14719648751927,91.99323079928678,92.23844726995823,311698400
2008-07-24,90.52191925048828,92.61349521641782,90.26948890172775,92.5630036440968,248634500
2008-07-25,90.50025177001953,91.22869259492917,90.27666596501165,90.79595421816066,219131000
2008-07-28,89.17318725585938,90.91856861256832,89.01451522296449,90.52189403289849,205201300
2008-07-29,91.07722473144531,91.149346869459,89.17317167453865,89.41839354686488,261505600
2008-07-30,92.70000457763672,92.75049613087083,91.07723158860219,91.67585583406208,354710000
2008-07-31,91.47394561767578,92.7288944906417,91.32969577462683,91.88504804086975,277402100
2008-08-01,90.99069213867188,91.79846899303662,90.48582610212678,91.683074657799,248690900
2008-08-04,90.14682006835938,90.97623828104499,89.98093972736159,90.90411615441265,188239600
2008-08-05,92.57740783691406,92.72165214164696,90.13243000448902,90.88972085818804,251577600
2008-08-06,92.98851013183594,93.25537366669941,91.94273060708424,92.3321968558801,209555400
2008-08-07,91.603759765625,92.63512266789147,91.26477954212528,92.2889285772239,246312500
2008-08-08,93.30583190917969,93.70972029167802,91.149348577531,91.29359835882792,260811700
2008-08-11,94.27229309082031,94.84927021433099,93.20486120103251,93.37796094116564,249425800
2008-08-12,93.29142761230469,94.26508487728613,92.8442559819995,93.96216855006071,213200800
2008-08-13,92.7289047241211,93.50782644970215,92.07978861261827,92.88756581256244,256393200
2008-08-14,93.428466796875,93.96218288635225,92.13746527635855,92.20237356956713,239555300
2008-08-15,93.88282775878906,94.12083579059976,93.25535904182793,93.70972800698112,181000800
2008-08-18,92.59904479980469,94.1064181578839,92.07254813028678,94.07035433007908,172275100
2008-08-19,91.58928680419922,92.09415270784463,91.25752061169457,91.89941690845268,194673700
2008-08-20,92.01483154296875,92.28168401115425,91.12049939899417,91.87779562520869,225498200
2008-08-21,92.17352294921875,92.635111345311,91.30804057961997,91.41622656364078,180609800
2008-08-22,93.50778198242188,93.50778198242188,92.1735085638185,92.80097726858908,167715300
2008-08-25,91.61091613769531,93.50775493625305,91.4161858552271,92.89471413911882,171936900
2008-08-26,91.87781524658203,92.22400929601592,91.29361863464055,91.6109572188399,159117200
2008-08-27,92.77214813232422,92.91639244394685,91.81290750258717,91.99321564339935,171032800
2008-08-28,93.89727020263672,94.00545068625932,93.11833770514694,93.24094592163112,167537100
2008-08-29,92.8875503540039,93.86121885664852,92.68560608762589,93.56551082190316,189195800
2008-09-02,92.31051635742188,94.27227450759015,91.97153631135684,93.78183084312396,252364900
2008-09-03,92.23121643066406,92.67838259218887,91.54604770980335,92.23121643066406,251947000
2008-09-04,89.45446014404297,91.76240729205777,89.403974092504,91.57488531381297,340042500
2008-09-05,89.73574829101562,90.11800064396093,87.99036692347757,88.92075752912407,289503400
2008-09-08,91.58928680419922,92.49083266766849,89.73572004228406,92.34657740581882,364075300
2008-09-09,88.8702621459961,91.85616400768592,88.56734584178218,91.66864203254868,377326800
2008-09-10,89.23088073730469,90.0819352593079,88.38704008061259,89.35348893475903,298916600
2008-09-11,90.52191925048828,90.68779969285853,87.70189670450502,88.07694079629401,375369400
2008-09-12,90.94022369384766,91.02677359419663,89.31024183987273,89.64200820402431,297851200
2008-09-15,86.61280059814453,90.62285668405627,86.46855631197101,87.7234992098943,483607000
2008-09-16,88.0624771118164,88.22114912414118,84.3841928815936,84.52843716412522,581744300
2008-09-17,84.10291290283203,87.88216924140471,83.66296068660232,86.28824625414899,624095600
2008-09-18,86.59837341308594,87.83889401240292,82.07624871936476,85.14148639689495,776114700
2008-09-19,90.03754425048828,92.85212221266943,89.46447189457683,91.9090906326799,501087800
2008-09-22,87.99915313720703,90.49455588822481,87.3100184524267,90.27693149596881,249966500
2008-09-23,85.99700927734375,88.51416712957767,85.80114627164136,87.66544219664506,327470400
2008-09-24,86.27271270751953,87.04889849774764,85.44574861454451,86.57738252400087,311818400
2008-09-25,87.62193298339844,88.4343910085529,85.91722723582147,86.61361745691778,328253000
2008-09-26,87.66544342041016,88.13695912342706,85.96799353084937,86.20012357218461,285917400
2008-09-29,80.79581451416016,86.57005248705794,80.49840057783727,86.42497332803437,459562300
2008-09-30,84.1399917602539,84.72757544072904,80.17926853894568,82.34098474306539,328154400
2008-10-01,84.19076538085938,84.64777549970661,82.66015560939273,83.61769297754275,332783000
2008-10-02,81.13680267333984,83.50163194156015,80.56373026145482,83.38556412093712,365337800
2008-10-03,80.04142761230469,83.74825883876026,79.56266173927364,81.86945685148652,461798000
2008-10-06,75.96463012695312,78.06831176095828,73.00496791915621,77.7273695486422,610637500
2008-10-07,72.56245422363281,77.8579270191917,72.28680158299763,77.50247363919621,540012100
2008-10-08,70.73448181152344,74.12213326577742,70.2266932772185,70.74173190122207,725414800
2008-10-09,65.7944107055664,72.99045213509395,65.46797977915972,72.29406210018793,534485200
2008-10-10,64.19852447509766,68.14474063192489,60.62952308677595,62.93631774691883,871026300
2008-10-13,73.52001953125,73.52001953125,65.2503762410934,68.09397670676235,455584000
2008-10-14,72.43193054199219,76.55224495230854,70.44431573992287,75.9501554591148,546268300
2008-10-15,65.3011474609375,70.94481958587005,65.07627302146683,70.69817828357112,484627500
2008-10-16,68.0214614868164,68.74686901504464,62.77676815700162,66.22245391608573,708811200
2008-10-17,67.61521911621094,71.517908706464,66.48358540972974,66.73022125471402,476649000
2008-10-20,71.67749786376953,71.88786665758391,68.25357431581764,69.1675891185652,321294200
2008-10-21,69.53751373291016,71.55414425723706,69.07325370721257,70.34271592563292,356502000
2008-10-22,65.75090026855469,69.53752628328724,63.494883704749164,67.60794070651022,516168000
2008-10-23,66.51256561279297,67.06387091495598,62.247169166527904,65.49699476680529,634666400
2008-10-24,63.13944625854492,65.22861709832259,60.93420760490395,60.977730267893705,545812600
2008-10-27,60.89793395996094,64.93120187018972,60.716582154797955,62.36325964495181,397288600
2008-10-28,68.01416778564453,68.36236007665792,61.31865815811262,63.35705023440285,639939500
2008-10-29,67.52093505859375,70.48784923659136,66.81003323522657,68.02146249709952,531270100
2008-10-30,69.85672760009766,70.03082380843259,67.3903415886083,69.47951269188351,414582100
2008-10-31,70.24122619628906,71.50343399572027,68.53651927425805,68.97176277050109,411394000
2008-11-03,70.44430541992188,70.86504299457054,69.60283027062454,70.20491967561294,205419400
2008-11-04,72.83810424804688,73.16453511580848,70.15409559039306,71.85880057593201,346793400
2008-11-05,69.77689361572266,73.05573046884352,68.9136576073128,71.96036446671197,387844100
2008-11-06,65.91046905517578,69.23283386841118,65.3301413418506,68.5219326963086,477721900
2008-11-07,68.08673858642578,68.18829517904528,65.64936929471914,66.483588906453,380391000
2008-11-10,67.19447326660156,69.29815545144135,65.95402750200589,69.06602534697464,301773000
2008-11-11,65.11980438232422,66.83902150401622,64.3073518294919,65.837961522383,418498200
2008-11-12,62.254432678222656,64.52495474754029,61.74664995806107,64.00266632155261,454330600
2008-11-13,66.13536071777344,66.54159243714672,59.54866324628667,62.47930844991404,753141900
2008-11-14,62.83477020263672,66.78098139032663,62.762225059090035,64.85865684352261,540352300
2008-11-17,62.00056076049805,64.2420665866463,61.77568627596906,62.66067850371018,415254900
2008-11-18,63.16845703125,63.27001359123453,60.14351049224483,61.76842098641475,523811800
2008-11-19,59.12067413330078,63.01611195508736,58.69993671918419,62.31972185642018,558327600
2008-11-20,54.73195266723633,59.85332954475282,54.44179431209969,58.12685744584414,814180400
2008-11-21,57.68436813354492,58.685433438458844,53.926759265968485,56.19003133097305,718536500
2008-11-24,61.681373596191406,63.1031710501858,58.29372328585904,59.42535675171998,523305300
2008-11-25,62.138397216796875,63.48039972813058,60.80364479429352,63.328064846409134,454112400
2008-11-26,64.53950500488281,64.69909553753243,61.108325156175646,61.15185336880185,370134200
2008-11-28,65.3519515991211,65.38096855995722,64.1840507483784,64.29285743348964,118308100
2008-12-01,59.563201904296875,63.50941992121039,59.38185005476106,63.48040296115435,369927100
2008-12-02,61.8554573059082,62.01504774393077,59.51239561142526,60.54972792415531,469508400
2008-12-03,63.34259033203125,63.71254975136943,60.31038639428652,60.49899391671274,519863500
2008-12-04,61.87724685668945,63.872116994650014,60.74560766956896,62.42855243730803,444173800
2008-12-05,63.78506088256836,64.14050889194392,59.65749178342784,60.680318681189114,471905300
2008-12-08,66.01205444335938,67.0131143754947,63.89386677189864,65.53328304032662,412859300
2008-12-09,64.92391204833984,66.83173004128156,64.54670292744738,65.55501799024941,370790000
2008-12-10,65.36642456054688,66.27318330149951,64.56122235582765,65.51875936489698,396187400
2008-12-11,63.79230880737305,66.01205299418591,63.378826938566384,64.95295918170599,365061000
2008-12-12,64.55396270751953,64.61199659157855,61.80466971240165,62.05856657155587,415060400
2008-12-15,63.65449523925781,64.67006664055711,62.595401167783336,64.575760142619,256694200
2008-12-16,66.65045166015625,66.75200828652922,63.96644561843461,66.65045166015625,377699500
2008-12-17,66.00482940673828,67.04941801781409,65.33020018448852,65.89601717068118,281819800
2008-12-18,64.77161407470703,66.49808133886452,63.988172915744215,66.30222381633288,374673300
2008-12-19,64.49298858642578,66.27003788462528,64.41985453138489,65.15846496840642,301451300
2008-12-22,63.666629791259766,64.84401683120274,62.51849526167297,64.77820286741076,243759500
2008-12-23,63.00846481323242,64.30285625315798,62.745197812002544,64.01033674297527,221625200
2008-12-24,63.37407684326172,63.52764824360778,62.891419088452025,63.22049986357323,62061600
2008-12-26,63.739742279052734,63.842123240967446,63.257084390588574,63.79824170061545,74767700
2008-12-29,63.55692672729492,63.864069653591834,62.59892534382879,63.798250124045516,127795900
2008-12-30,65.06341552734375,65.12192055494229,63.53500376257435,63.995723880729706,168256300
2008-12-31,65.99214172363281,66.52599019581713,64.99026989213512,65.14384136456881,193987200
2009-01-02,67.98128509521484,68.33230967972146,65.70695376753827,66.13842136975794,227566300
2009-01-05,67.90084075927734,68.49319438542318,67.19879718324005,67.73995472697469,240349700
2009-01-06,68.3542251586914,69.0708919794887,67.77650075781092,68.47854411627027,328260900
2009-01-07,66.30660247802734,67.469365940323,65.96289248867363,67.27922743101865,280899200
2009-01-08,66.57720184326172,66.61376330297664,65.57532411404634,65.93366324294156,263834400
2009-01-09,65.15116119384766,66.78195380965799,62.42343010296754,66.66494934511356,330953600
2009-01-12,63.586158752441406,65.01950323131467,63.19126398507606,64.96830717625032,277858500
2009-01-13,63.703189849853516,64.2662852693613,63.037707865635426,63.42529940091198,356432300
2009-01-14,61.69943618774414,62.708622506396644,60.814568831227746,62.555051039167665,435491600
2009-01-15,61.72139358520508,62.342994170744944,59.76151976229401,61.51663156449516,532647300
2009-01-16,62.20400619506836,62.88411137264869,60.73410595589719,62.789044946725234,399237200
2009-01-20,58.920501708984375,62.204018251216205,58.54023035224477,61.59704698445938,419855200
2009-01-21,61.465431213378906,61.60437365983442,58.847390186599185,59.92239620247132,364360700
2009-01-22,60.514732360839844,61.45810468891689,59.359283564031244,60.27340338821312,427940300
2009-01-23,60.77799606323242,61.42153437644513,58.92050401040118,59.16183297011007,386800600
2009-01-26,61.19481658935547,62.423393431735505,60.55858740298882,61.12899708349693,317978800
2009-01-27,61.816429138183594,62.269834513825856,60.916938485992674,61.52390972097386,273789700
2009-01-28,63.907920837402344,64.31744458032145,62.94261088670547,63.18393976921532,330007000
2009-01-29,61.83106994628906,63.981076076412364,61.77256493584281,62.971889753266524,294392500
2009-01-30,60.5732421875,62.45267247236115,60.11983671007131,62.14552952604417,383383600
2009-02-02,60.39039993286133,60.82917623472444,59.46165127423007,59.65178971746333,288233300
2009-02-03,61.23870086669922,61.69210621304562,60.1271338483365,60.77067206114192,278385800
2009-02-04,60.93888854980469,62.43073285199084,60.72681206975742,61.648246463914,322989300
2009-02-05,61.845699310302734,62.37223329586903,56.84363760611374,60.478173852198346,417679400
2009-02-06,63.60813903808594,63.871400508558445,61.92615572861334,62.057789253522905,366101700
2009-02-09,63.695858001708984,64.16388683016343,63.125448215739105,63.593477044193556,240075200
2009-02-10,60.77799606323242,63.64467433937675,60.29533814381465,63.08888795380776,536212800
2009-02-11,61.13632583618164,61.46541228341032,60.25877313559316,61.026630353772084,324442500
2009-02-12,61.18021774291992,61.29722218579602,59.27153499536246,60.09058283352999,469302200
2009-02-13,60.522056579589844,61.60437150041629,60.507427535625816,61.09978107056763,293998400
2009-02-17,57.93324279785156,60.66828699081457,57.89667578329108,58.620662500318446,478910100
2009-02-18,57.794288635253906,58.45977028930228,57.245816951767104,58.35007483673642,362964800
2009-02-19,57.17269515991211,58.613348508802645,57.05568517574045,58.38664305930584,316867500
2009-02-20,56.616939544677734,57.28973057986642,55.41029993154501,56.11234905795929,477176600
2009-02-23,54.59125518798828,57.23854350925034,54.5473736278662,57.23854350925034,379641400
2009-02-24,56.660797119140625,57.004501434714186,54.6277902491341,55.05925764254433,426260900
2009-02-25,56.21471405029297,57.348219271239365,55.30790317832237,56.412161475064806,461985800
2009-02-26,55.30059814453125,58.26234320145571,55.23477861206006,56.90944689797083,363353900
2009-02-27,54.064720153808594,55.35180283435261,53.97696261444887,54.123225180048415,470510900
2009-03-02,51.62949752807617,54.05740007399439,51.461302569108874,53.033584537423756,426452600
2009-03-03,51.241920471191406,52.43393117465475,50.92746290680765,52.36811719992984,443761000
2009-03-04,52.45586395263672,53.289540937035,51.24190992802602,52.090215956695516,462753100
2009-03-05,50.31315231323242,52.455849189586125,49.85243239722923,51.26383348751469,485549400
2009-03-06,50.40092086791992,51.519802897114495,49.069962321263915,50.751945415974056,490470000
2009-03-09,49.80856704711914,51.19071593090598,49.530676597772796,49.6915570183342,379905300
2009-03-10,52.77762985229492,52.923892396774484,50.7300044436913,50.8323854351542,406227900
2009-03-11,53.1213493347168,53.93308846852297,52.52900126709748,53.38461638240239,356648300
2009-03-12,55.21284484863281,55.39566883819782,52.63137100867014,53.10671449740824,409702700
2009-03-13,55.6442756652832,56.29513383712152,54.64971885128137,55.58577626164234,337474700
2009-03-16,55.476112365722656,57.019147298622904,55.439545335724944,56.280536811563465,360644900
2009-03-17,57.17269515991211,57.30432860243366,55.17625554489246,55.62966086454294,356814300
2009-03-18,58.45249557495117,59.16185366133135,56.36098835134733,56.9021458853435,473273200
2009-03-19,57.72849655151367,59.23496422670377,57.54567258785101,59.183773740052004,428520400
2009-03-20,56.49921798706055,58.11958742635035,56.36664235674846,58.009106797877244,371078200
2009-03-23,60.5575065612793,60.609063444223466,57.67767113306974,57.99437930523499,419933300
2009-03-24,59.36433410644531,60.66062885608839,59.29804908445972,59.835712993719234,330271000
2009-03-25,59.990394592285156,60.91105752721452,58.23008751024266,59.828362635933296,441775100
2009-03-26,61.213016510009766,61.35295902592035,59.89462696855354,60.579600180164235,422025200
2009-03-27,60.108219146728516,60.78582545894486,59.88725787917697,60.43229417399653,322332300
2009-03-30,58.03120040893555,58.82665417174418,57.419879149409766,58.775097295596105,324108500
2009-03-31,58.5688591003418,59.71784964244658,58.222694744337424,58.59832097262936,364238300
2009-04-01,59.703121185302734,59.96827244010096,57.69239739224059,57.83970114744936,377018300
2009-04-02,61.448699951171875,62.317805601774864,59.75467865311037,61.1909155673655,476230700
2009-04-03,62.060054779052734,62.07478291497293,60.888968488916035,61.492923208704916,284646300
2009-04-06,61.57390213012695,62.07474271629408,60.60904970266517,61.38240277148959,264866600
2009-04-07,60.1376838684082,60.87421396938252,60.0345701038141,60.57960080513705,258947800
2009-04-08,60.78582763671875,61.08780767190634,60.05666441852045,60.43965759414904,230402800
2009-04-09,63.2016487121582,63.20901558686272,62.11158726560534,62.36200481276947,269653500
2009-04-13,63.21637725830078,63.73931293370038,62.29571467077786,62.54613219733042,224847500
2009-04-14,62.126319885253906,63.164830141759275,61.92745920809296,62.62716063505407,276598800
2009-04-15,62.78921127319336,62.91442008194366,61.581301969210436,61.7507008000419,250726100
2009-04-16,63.709835052490234,64.18858060159558,62.43563587895852,63.29001324281138,335202900
2009-04-17,64.13702392578125,64.55684573671272,63.444684033646965,63.952891453981884,262649000
2009-04-20,61.448699951171875,64.11494065335891,61.38240932717702,63.00277874690501,293690100
2009-04-21,62.64923858642578,62.700795460489864,60.947856123033276,60.99941299709735,114090900
2009-04-22,62.266265869140625,63.592016902004914,61.92009576445417,62.0821333129695,340395200
2009-04-23,62.87760925292969,62.914432405449965,61.59604216874096,62.39149643769639,324903700
2009-04-24,63.827720642089844,64.306460857768,63.113285327975085,63.36370294114333,287703000
2009-04-27,63.223724365234375,64.0854686249707,63.0027687652403,63.10588250242631,289581600
2009-04-28,63.02489471435547,63.776153114116156,62.42830699633139,62.582977678068005,247926300
2009-04-29,64.36536407470703,65.07979916063819,63.5625489743703,63.72458087387341,311505700
2009-04-30,64.3874740600586,65.56592135365739,64.01920892960398,65.2197568512252,301419800
2009-05-01,64.73362731933594,64.96931671666107,63.871888487173294,64.40219103597445,236110300
2009-05-04,66.93585205078125,66.98004767695699,65.09452683968637,65.21974122469256,287120000
2009-05-05,66.70755004882812,66.97270141035571,66.16988044926377,66.70755004882812,243036300
2009-05-06,67.8639144897461,67.9081045181048,66.73702381234845,67.5251111606729,291941000
2009-05-07,66.92110443115234,68.6077585075995,66.49391575796794,68.5046447753518,317728000
2009-05-08,68.48257446289062,68.65934012199088,67.34831738004598,67.78286746268388,299081700
2009-05-11,67.20098876953125,67.84177182708693,67.05368503227304,67.53979186064701,247923600
2009-05-12,67.0021743774414,67.63559099925374,66.17725826968362,67.4882815411106,282431300
2009-05-13,65.31548309326172,66.29506937891027,65.18290746348012,66.09620312459879,269619100
2009-05-14,65.87525177001953,66.37609244627612,65.18291170067934,65.34494921642096,260098700
2009-05-15,65.33757781982422,66.28770222604423,64.92512280414228,65.82369033340206,271502700
2009-05-18,67.19364166259766,67.27465480165138,65.2344689527855,65.95627090357908,241447400
2009-05-19,67.11262512207031,67.73867458682585,66.88429696864371,67.15681513015603,206102200
2009-05-20,66.66334533691406,68.35000005186893,66.58969344589471,67.72394493000672,285722200
2009-05-21,65.70584106445312,66.14039668937951,65.00613980749189,65.88997356568271,258988400
2009-05-22,65.56594848632812,66.28775091320051,65.31553079124485,65.89002373340743,166811900
2009-05-26,67.2452163696289,67.43671019528833,65.05035367717512,65.07981556249504,236318500
2009-05-27,66.0446548461914,67.57663885217556,65.9415410784116,67.34831631198868,246015800
2009-05-28,66.9653091430664,67.27465040779767,65.62482470995279,66.62650600274958,289095000
2009-05-29,68.15115356445312,69.0128927402215,66.78857351725614,67.33360441227879,258641500
2009-06-01,69.80095672607422,70.09556989677417,68.81400906640006,68.9907747211085,276246800
2009-06-02,69.85987854003906,70.24287733707472,69.40323347647637,69.52844224427396,230874500
2009-06-03,68.9760513305664,69.32958266427427,68.3205399308405,69.26329764643376,235310500
2009-06-04,69.62419128417969,69.72730505134801,68.71826238416092,69.23383122000259,210102300
2009-06-05,69.63893127441406,70.4638414856893,69.08653363538681,70.33126582755159,284257900
2009-06-08,69.35169219970703,70.04402682520144,68.52677628293928,69.11599712124772,238565100
2009-06-09,69.7052230834961,70.07348821205187,69.24857230114615,69.74205184406364,225125500
2009-06-10,69.52842712402344,70.33124205749253,68.63722657524136,70.32388080400789,296100400
2009-06-11,69.83778381347656,70.78790831619477,69.64628441419849,69.66101816298534,275414200
2009-06-12,70.0292739868164,70.07346398879777,69.23382023548413,69.52843336034178,184361800
2009-06-15,68.42365264892578,69.248562827701,68.05538757074994,69.20437281648923,224190500
2009-06-16,67.4956283569336,68.71090433380877,67.451438342266,68.66671431914118,227319000
2009-06-17,67.42933654785156,68.00382915782328,66.89903394809951,67.46615968327494,223445200
2009-06-18,67.92279815673828,68.25423441223619,67.20836315073639,67.53243815204314,211725100
2009-06-19,68.17316436767578,68.66201723135163,67.78800208621395,68.5731379748765,215655600
2009-06-22,66.12886047363281,67.54358233074207,66.10664065824722,67.50654553775193,251913600
2009-06-23,66.18067932128906,66.57324428885848,65.81033415927735,66.2695641945386,188309800
2009-06-24,66.75105285644531,67.46211530292537,66.36589049937987,66.78068116475973,211577700
2009-06-25,68.20279693603516,68.26945638256083,66.34366180786223,66.41772974323116,279411000
2009-06-26,68.02501678466797,68.32129413219415,67.60282340102476,67.9731686726774,167579000
2009-06-29,68.66201782226562,68.75090273052659,67.84725927511339,68.22501307144631,168481300
2009-06-30,68.10649108886719,68.92865801857464,67.6028213089655,68.6768259541339,228888200
2009-07-01,68.38798522949219,69.05460810220642,68.29910029612279,68.39538806900607,173041100
2009-07-02,66.52142333984375,68.4101866973219,66.48439219914127,67.49913474052137,212309900
2009-07-06,66.51402282714844,66.61031057756561,65.66963593573254,65.87702841418259,174499600
2009-07-07,65.22523498535156,66.52885247448413,65.1807953423091,66.44737602822441,197088900
2009-07-08,65.18077087402344,65.77332559692282,64.44008029590954,65.61777560262072,248050500
2009-07-09,65.30669403076172,65.84740069814013,65.11411852820723,65.63259972896357,163777600
2009-07-10,65.1511459350586,65.54371105755493,64.69932420701011,64.95856479252458,173520300
2009-07-13,66.73622131347656,66.7880694289569,64.87708634236013,65.41038447359837,217413500
2009-07-14,67.11395263671875,67.17320922058464,66.46214716725063,66.94359137085905,181487400
2009-07-15,69.07682800292969,69.2620007093972,67.16584431593948,68.00282291480455,220877900
2009-07-16,68.9656753540039,70.00264292027992,68.75087448555242,68.8841989676596,231174500
2009-07-17,69.7212142944336,69.86194733724976,69.2842094892995,69.6693661709258,138561700
2009-07-20,70.46188354492188,70.58039673457621,69.76563833427228,70.12857508830388,164179400
2009-07-21,70.78778839111328,71.03221760383666,69.93599321560505,71.0099977937745,217718300
2009-07-22,70.77298736572266,71.2025836084779,70.28412886914579,70.33597698384146,196068100
2009-07-23,72.33583068847656,72.64691931533564,70.75815644322633,70.81741303434794,258795500
2009-07-24,72.63211059570312,72.69136719355843,71.6173681997768,71.99511629630899,154003100
2009-07-27,72.84690856933594,72.88394535424801,72.09880959206778,72.49878313483431,159259400
2009-07-28,72.50619506835938,72.86172900694652,71.8914205761255,72.33583941211448,186685200
2009-07-29,72.32840728759766,72.65430716952628,71.83214615407807,72.1728630062416,194399300
2009-07-30,73.08394622802734,73.94315010802293,73.03209810775321,73.20245944638037,225575400
2009-07-31,73.18765258789062,73.67651120465713,72.86915533330634,73.0691450041734,207358000
2009-08-03,74.39497375488281,74.46163320363496,73.55798966929632,73.9579633148735,175776900
2009-08-04,74.58753967285156,74.69123590270294,73.90610569067945,74.06165003545652,176714600
2009-08-05,74.37273406982422,74.70604252658387,73.75795961302583,74.63937744461998,184726400
2009-08-06,73.98759460449219,74.82457307281665,73.63946906646558,74.7134739870819,193203800
2009-08-07,74.9579086303711,75.57268336645194,74.35795087524441,74.76533308614678,220640900
2009-08-10,74.80233001708984,74.97269131399365,74.2690319671543,74.61715739703,130898700
2009-08-11,73.8690414428711,74.5208468313628,73.66905190992397,74.46899873967617,157301000
2009-08-12,74.66162872314453,75.22454961583418,73.70613699207618,73.74316813839894,219052400
2009-08-13,75.23194885253906,75.26157715656633,74.261645912486,75.0023365601042,176449500
2009-08-14,74.65422058105469,75.2541782738823,73.84686473356213,75.19492165826375,199616100
2009-08-17,72.81729125976562,73.29133279286938,72.6691553998035,73.21726486288833,237667500
2009-08-18,73.39505767822266,73.65430401089647,72.84694800115773,72.98027258758142,173461500
2009-08-19,74.03943634033203,74.2912740986537,72.74322770905657,72.81729564349665,192812800
2009-08-20,74.80233001708984,74.97269131399365,73.97276029587447,74.13570745467041,174131300
2009-08-21,76.26889038085938,76.38739790475798,75.26895948432202,75.41709530195007,224605000
2009-08-24,76.26152038574219,76.99480265983932,75.98746276868553,76.5800176403132,191279000
2009-08-25,76.4096450805664,77.2244036111308,76.24669224424936,76.56518942859063,215310600
2009-08-26,76.41703033447266,76.76515574086159,75.91336061584984,76.17260113623963,194620700
2009-08-27,76.58740997314453,76.82443074158861,75.50600236392958,76.37260901877006,196230100
2009-08-28,76.57261657714844,77.29108759209916,76.04672676180842,77.20220830845007,147024400
2009-08-31,75.89118957519531,75.9800745183124,75.39492802426028,75.82453010612485,176051600
2009-09-01,74.2171859741211,76.46888577632502,74.06164164696155,75.51339435147065,321276800
2009-09-02,73.93572998046875,74.39496015276472,73.75055734420721,73.90610168054445,171805000
2009-09-03,74.55054473876953,74.63942403550776,73.76540849443347,74.36537200253366,143572300
2009-09-04,75.59487915039062,75.61709896373428,74.47644043794128,74.69864422239858,142687900
2009-09-08,76.24668884277344,76.32816525729717,75.83930677015474,76.29112846850617,132909100
2009-09-09,76.83183288574219,77.0910734468497,76.14299045135911,76.38001120023176,154612500
2009-09-10,77.61695098876953,77.66879909292958,76.45406723744877,76.88366904392893,162902400
2009-09-11,77.60218048095703,77.9947513915342,77.23924353452311,77.76513337760738,152360100
2009-09-14,77.97991943359375,78.11324399151908,76.40225020732879,76.94295127762133,149593800
2009-09-15,78.30584716796875,78.59471618280784,77.59478454290151,78.10585744937343,196795900
2009-09-16,79.49092102050781,79.50573234718678,78.3132255892968,78.58727751551707,206406300
2009-09-17,79.37239837646484,80.03901531979184,78.93538803366275,79.37980121288747,229170900
2009-09-18,79.42301940917969,79.75047744932367,79.15510022686878,79.74303367261004,153799100
2009-09-21,79.2220687866211,79.63139129341643,78.63414108113312,78.80530818183851,151892000
2009-09-22,79.6834716796875,79.90673949276959,79.33368808889585,79.69091545423993,143126700
2009-09-23,79.0211410522461,80.3979444987501,78.87973768363166,79.8695499080567,225947400
2009-09-24,78.15042114257812,79.3634957947489,77.8080811611914,79.19232864302508,228636800
2009-09-25,77.73365020751953,78.41089203063824,77.46573098935595,77.9792437704926,204059000
2009-09-28,79.12532043457031,79.29649320893671,78.01643632286985,78.03131819640998,118285800
2009-09-29,78.88717651367188,79.64627703466181,78.72344750300365,79.26672961313567,133733900
2009-09-30,78.58203887939453,79.22951110241,77.86015161025347,79.15509037834711,254383000
2009-10-01,76.6321792602539,78.68622389417561,76.61729171072469,76.65450490661124,281840600
2009-10-02,76.27495574951172,76.72892950823484,75.9028464835378,75.92517213102634,224748800
2009-10-05,77.41362762451172,77.6368955084234,76.35683842026454,76.5801063041762,149875000
2009-10-06,78.52250671386719,78.96903674190806,77.92712955785444,77.97178085727732,202491100
2009-10-07,78.73833465576172,78.82019916068013,78.19505254838836,78.34389400572859,159200300
2009-10-08,79.34114837646484,79.75790899115835,78.77554062942542,79.29649707572983,183305800
2009-10-09,79.82486724853516,79.82486724853516,79.1550695523211,79.3634497960464,135008300
2009-10-12,80.1374740600586,80.44260079058697,79.83978542880621,80.19701292189676,118031000
2009-10-13,79.97371673583984,80.15977135480782,79.45276607390407,79.92162166964627,157692700
2009-10-14,81.35055541992188,81.43241994236716,79.9439823385457,80.91146905220519,191421600
2009-10-15,81.64823913574219,81.64823913574219,80.91890793364723,80.95611546472803,173873600
2009-10-16,81.0379867553711,81.3207878625634,80.54680528730665,80.97100978706462,192069400
2009-10-19,81.70777893066406,81.96081058547729,80.91890885631858,81.17194051113182,159530400
2009-10-20,81.27607727050781,81.8565666175318,80.88164249255229,81.82679720512866,180921100
2009-10-21,80.54679107666016,82.0947616320085,80.4872522189327,81.14960639682134,225379300
2009-10-22,81.36544799804688,81.62592345920622,80.00352614377762,80.51703896573405,238444000
2009-10-23,80.43517303466797,81.6854609043549,80.10027115221628,81.63336581303207,240033200
2009-10-26,79.564453125,81.35057411776164,79.34118516193472,80.52449060353631,242028200
2009-10-27,79.1997299194336,79.92162275934182,79.0062372011829,79.65370365014007,253266300
2009-10-28,77.70388793945312,79.24442063440307,77.65923095027883,78.99882706673046,248821400
2009-10-29,79.3709487915039,79.52723408303198,78.09833512225549,78.28438985187555,198110600
2009-10-30,77.07128143310547,79.34859435884951,76.9819788291524,79.11044461841185,325608100
2009-11-02,77.63688659667969,78.44808784903405,76.71405709312116,77.49548324123775,254222900
2009-11-03,77.8824462890625,77.99408016973332,77.05636352120746,77.2052049101452,228362600
2009-11-04,78.0833969116211,79.13274763137657,77.88246043227221,78.52248874121469,247996700
2009-11-05,79.51976776123047,79.54209341398548,78.47042233617745,78.63415136029846,180015300
2009-11-06,79.7281494140625,79.9290916480689,78.92439751185161,79.08068276166868,170954100
2009-11-09,81.54405212402344,81.58870343422613,80.27888245947803,80.33841564710204,159495700
2009-11-10,81.55892181396484,81.8119591158254,81.09750986964988,81.35054149357255,171899800
2009-11-11,81.97566223144531,82.474287223114,81.58122736705258,82.09473422921666,169466200
2009-11-12,81.14216613769531,82.28826364791239,80.93378580455371,81.86405920460605,157144500
2009-11-13,81.58122253417969,81.93100041049324,80.93375048623295,81.3505109706479,150963000
2009-11-16,82.76453399658203,83.12176135455753,82.102180023487,82.14683131400784,210922200
2009-11-17,82.86132049560547,82.89853370769225,82.23617941370836,82.54874995465691,147134100
2009-11-18,82.80921173095703,82.92828944761992,82.288260915402,82.80177363211914,156486800
2009-11-19,81.73009490966797,82.83897914896401,81.21658220541786,82.24360761391809,208734600
2009-11-20,81.43984985351562,81.6854433790345,81.12727937263956,81.30589026486332,134196000
2009-11-23,82.47430419921875,83.15898394165934,82.31057520038789,82.39988347555125,148010200
2009-11-24,82.60081481933594,82.75710003262196,81.87148382400109,82.60825859461724,138420100
2009-11-25,82.89106750488281,82.9803757829668,82.47430689636573,82.7347822766889,109564800
2009-11-27,81.54405212402344,82.10221621331208,80.59145298677436,80.67331750743845,126001800
2009-11-30,81.81939697265625,82.01288972591371,80.46491931016666,81.47705708850366,160874800
2009-12-01,82.83154296875,83.09946215300415,82.40733854000393,82.5487362309606,159613700
2009-12-02,82.79436492919922,83.35997296707819,82.54877129299567,82.81669059104674,132315100
2009-12-03,82.14684295654297,83.48643864138946,82.07986601126916,83.01758299066171,167324900
2009-12-04,82.6156997680664,83.6352755099566,81.89380689281069,83.233396826476,274907800
2009-12-07,82.48918151855469,83.00269413600277,82.22870616113065,82.54128226797644,127973800
2009-12-08,81.57380676269531,82.43709744503509,81.32076946891348,81.89382100963435,169863700
2009-12-09,81.87894439697266,81.99802212241259,81.13472564678845,81.55149200788976,155063400
2009-12-10,82.34036254882812,82.69759004930356,82.19895916852391,82.38501385716062,138014600
2009-12-11,82.69012451171875,82.8761791513945,82.31801523236729,82.69012451171875,124854000
2009-12-14,83.25572967529297,83.35247604092606,82.70500387047947,83.25572967529297,107141500
2009-12-15,82.86875915527344,83.2929636283426,82.60828372057108,82.95062367445684,120408800
2009-12-16,82.9952621459961,83.44923598108672,82.80920748171101,83.2036481394631,155358200
2009-12-17,81.9980239868164,82.55618806214562,81.92360324569356,82.39990280240607,183390100
2009-12-18,82.4619140625,82.52925731154461,81.76606426773932,82.45443021071586,174591200
2009-12-21,83.2999038696289,83.57674351022033,82.87341578013235,82.87341578013235,118039600
2009-12-22,83.59922790527344,83.77880040600945,83.37475799797326,83.47950909911151,91707500
2009-12-23,83.7637939453125,83.88351269608317,83.42709494865237,83.8012074820544,111783100
2009-12-24,84.1603775024414,84.25016087779305,83.80122687551817,83.94339149783235,39677500
2009-12-28,84.33997344970703,84.54199180901439,84.0406821286715,84.47465425874765,87508500
2009-12-29,84.2202377319336,84.57190453542043,84.21275958907651,84.55694254120026,80572500
2009-12-30,84.19031524658203,84.28758819711632,83.9284375115022,83.97333491502052,73138400
2009-12-31,83.38221740722656,84.39980412727279,83.34480386414191,84.37735257631888,90637900
2010-01-04,84.79637908935547,84.84127078300016,83.43460919990564,84.07808344850892,118944600
2010-01-05,85.0208511352539,85.05826468909152,84.43723622983082,84.74401138748014,111579900
2010-01-06,85.08070373535156,85.29020591967505,84.8712015510281,84.93853909234362,116074400
2010-01-07,85.43983459472656,85.54458566258876,84.68412556928773,84.92355739704493,131091100
2010-01-08,85.72415924072266,85.761572783385,85.04327729060778,85.2153658864423,126402800
2010-01-11,85.84385681152344,86.14314224489402,85.47722245118814,86.10573441997455,106375700
2010-01-12,85.04330444335938,85.45482500151054,84.71408343003289,85.27525249810834,163333500
2010-01-13,85.76161193847656,86.00104387871671,84.82633002995914,85.26029649704533,161822000
2010-01-14,85.99354553222656,86.15067218135538,85.6119489794813,85.6643245291909,115718800
2010-01-15,85.02835083007812,85.92621920440209,84.69912976218899,85.8439196459377,212283100
2010-01-19,86.09080505371094,86.1431805987205,84.9909129000037,85.01336445515604,139172700
2010-01-20,85.21537780761719,85.63438214322741,84.53449576225056,85.50718521398944,216490200
2010-01-21,83.57678985595703,85.49972924980253,83.47203873788823,85.23785145463054,344859600
2010-01-22,81.7136459350586,83.60665414127318,81.62385688618355,83.20261198409051,345942400
2010-01-25,82.13267517089844,82.61154453602265,81.86331935899211,82.4618960755135,186937500
2010-01-26,81.78852081298828,82.65646506127828,81.58650245644192,81.81096666277043,211168800
2010-01-27,82.1775894165039,82.36464574912354,81.05525142078604,81.68375795830504,271863600
2010-01-28,81.2348403930664,82.49185943179597,80.74101454312304,82.44696772957587,316104000
2010-01-29,80.3519287109375,82.15515474270501,80.2247317574994,81.58650181582514,310677600
2010-02-01,81.6014633178711,81.60894717053002,80.43423347738661,80.9205811470908,187865000
2010-02-02,82.5890884399414,82.7462150334491,81.46675073616804,81.75107994123367,216327900
2010-02-03,82.1775894165039,82.66393702301623,81.93815753909101,82.21499725792408,172730700
2010-02-04,79.6410903930664,81.57899087909098,79.62612269262704,81.5415830450028,356715700
2010-02-05,79.8056869506836,79.97029166731897,78.24937746927891,79.73085987852626,493585800
2010-02-08,79.22956848144531,80.30701463030229,79.1697090935076,79.8655587798935,224166900
2010-02-09,80.22472381591797,80.9205736273526,79.51390630055641,80.15738056525967,337820500
2010-02-10,80.06761932373047,80.50906966707765,79.39421517340524,80.09754903135693,240511500
2010-02-11,80.90560150146484,80.99539059459958,79.49893996005733,79.96284171182765,223591600
2010-02-12,80.83824157714844,80.88313325703126,79.69345807209973,80.05260292817151,304622100
2010-02-16,82.11023712158203,82.19254235554693,80.67364601538563,81.45180095836841,159317500
2010-02-17,82.49931335449219,82.61154827783135,82.11023304805046,82.50679149647756,168845100
2010-02-18,82.98567199707031,83.15776062186588,82.33471392132847,82.36464361879425,193708600
2010-02-19,83.15776062011719,83.47949773223486,82.57414579081214,82.76868597008253,222684900
2010-02-22,83.17271423339844,83.48696744078788,82.92579855251883,83.46452159861794,132346900
2010-02-23,82.16260528564453,83.20263783038648,81.9456192981689,82.94824400896994,207497000
2010-02-24,82.91832733154297,83.05300811358092,82.20003173017597,82.40953390034475,176350700
2010-02-25,82.80609130859375,82.86595070171542,81.51166475624676,81.73612891769412,259634700
2010-02-26,82.85846710205078,83.14279636598911,82.38708722392462,82.8809129474131,173589300
2010-03-01,83.71893310546875,83.80123834981426,83.18020994557321,83.20265579248448,147709700
2010-03-02,83.95089721679688,84.35493966411819,83.80125440305153,84.07809988783858,160992400
2010-03-03,84.02571105957031,84.52702068578904,83.81620316151007,84.16786999762088,150785000
2010-03-04,84.28009796142578,84.39981675039803,83.82368006835462,84.13793332664773,135770400
2010-03-05,85.48477172851562,85.55210929001218,84.62431117773048,84.82633527923636,176118800
2010-03-08,85.49967193603516,85.68672819412515,85.35002921296474,85.49219379583441,114631200
2010-03-09,85.64188385009766,86.0384424230515,85.20043357711346,85.24532527714382,154556700
2010-03-10,86.02346801757812,86.25541604562089,85.60446365504762,85.67928504714145,186088800
2010-03-11,86.38262176513672,86.40507332270309,85.55957495141676,85.82145270462217,160791100
2010-03-12,86.39009094238281,86.771687437092,86.15065907890971,86.75671973459035,162074800
2010-03-15,86.41252136230469,86.47238074461406,85.74660143250131,86.24043277379634,146816800
2010-03-16,87.10090637207031,87.18320589989897,86.41253478559089,86.65196664351676,168673000
2010-03-17,87.61717987060547,87.90150913279969,87.10838644765919,87.36278601338529,177468100
2010-03-18,87.572265625,87.74435419973611,87.22059891770738,87.62464115320287,196509100
2010-03-19,87.12902069091797,88.12074509819351,86.79092930742907,87.12902069091797,226641100
2010-03-22,87.59481811523438,87.75259751725838,86.5805555325873,86.63314675592416,184477800
2010-03-23,88.21089935302734,88.28602885699651,87.43704883930513,87.72254897920718,182941600
2010-03-24,87.78264617919922,88.22591998207352,86.83600414352632,87.88031968987355,196072600
2010-03-25,87.6399154663086,88.78189896879367,87.53473300155396,88.37619271959103,223396300
2010-03-26,87.58731842041016,88.21841316704968,87.24171809743889,87.80519800637305,205808500
2010-03-29,88.14329528808594,88.30106899556165,87.66997416565883,88.03059814502764,134513500
2010-03-30,88.20339965820312,88.52646173893238,87.835261013842,88.24847622183498,145772500
2010-03-31,87.90286254882812,88.29353941584793,87.60985346555981,87.86529493014702,161078700
2010-04-01,88.50386810302734,88.84195358284259,87.9779503508567,88.50386810302734,161215200
2010-04-05,89.22514343261719,89.28524358408669,88.5940431200809,88.84197559043488,105847600
2010-04-06,89.43550109863281,89.5932747310725,88.87202138334305,88.96968913713559,110384200
2010-04-07,88.92463684082031,89.67594333272856,88.51141597746533,89.25521353150431,184576300
2010-04-08,89.23267364501953,89.38293838955262,88.35364638455304,88.61660252246858,158704000
2010-04-09,89.81869506835938,89.85625695444412,89.25521518896443,89.42049780536206,133006500
2010-04-12,89.9614486694336,90.1943576080006,89.82621325517397,89.93139571826319,110279000
2010-04-13,90.02908325195312,90.18685697113806,89.4054973151637,89.8713095327682,125043600
2010-04-14,91.05082702636719,91.05082702636719,90.21687644021098,90.35962076248089,161609000
2010-04-15,91.12596893310547,91.33633384258621,90.87052173444036,90.9005746832253,144615300
2010-04-16,89.67597198486328,91.12599420681953,89.2176744198087,90.8029320827977,366786700
2010-04-19,90.0140380859375,90.10419693763073,89.0072900360937,89.41299627069193,217947800
2010-04-20,90.81795501708984,90.89309027533672,90.05913935053223,90.57753709393998,157708000
2010-04-21,90.65267181396484,91.08091641615846,90.14929195397046,90.87054571913784,192910100
2010-04-22,90.92312622070312,91.0358233620773,89.49564820334597,90.01404588244363,115360300
2010-04-23,91.51663208007812,91.55419969342941,90.63009028591048,90.86299917106494,177335500
2010-04-26,91.17105102539062,91.7495602935986,91.08089790557635,91.54670430998804,143457300
2010-04-27,89.0147933959961,91.163524634186,88.84199038521164,90.64512706585965,355853300
2010-04-28,89.69097137451172,89.91636562603242,88.85702066870466,89.44304457625567,300674100
2010-04-29,90.80291748046875,90.99074413325276,90.2093845698295,90.23192285104125,193775000
2010-04-30,89.26271057128906,90.91558807237855,89.24017229665819,90.81791457296094,270000900
2010-05-03,90.41973114013672,90.66766364714157,89.5557275664011,89.69096295822071,182747900
2010-05-04,88.29354095458984,89.428015420767,87.84275818262975,89.41299181224103,360353400
2010-05-05,87.76760864257812,88.50389139659676,87.12899938373258,87.57226738424458,328973200
2010-05-06,84.8525619506836,87.90286465046375,78.88718622477516,87.34689941917688,647356600
2010-05-07,83.59037780761719,85.47615333424858,82.20046167939397,84.62717890029951,637558800
2010-05-10,87.27174377441406,87.63988226157609,86.33261088633891,87.00878198014321,396159600
2010-05-11,87.02383422851562,88.17333226904545,86.33263361659118,86.45283967726711,317849800
2010-05-12,88.24095916748047,88.36868564767911,87.21918171797857,87.36944647938446,235607100
2010-05-13,87.14405059814453,88.413760581568,87.0689210848327,88.00053966033123,234452500
2010-05-14,85.5663070678711,86.64819039160611,84.79997686823506,86.49041669556382,345601400
2010-05-17,85.61135864257812,86.03960304456719,83.97351052528414,85.79918523524022,325739800
2010-05-18,84.44686126708984,86.56554560667348,84.16887576722434,86.31009838722679,360556800
2010-05-19,83.96601867675781,84.72483413849193,82.91418839738697,83.97352761494331,394742700
2010-05-20,80.79549407958984,82.56106304171063,80.74290285882924,82.1778951578759,530418300
2010-05-21,81.9750747680664,82.17792505565403,79.15767463370068,79.57089561288042,500909400
2010-05-24,80.92323303222656,82.18542834691902,80.8481035187835,81.5317895427341,269823000
2010-05-25,81.005859375,81.04342698945445,78.42136341129255,78.96981962945631,396505200
2010-05-26,80.51754760742188,82.24555552364099,80.2771296630103,81.50176340374517,349719300
2010-05-27,83.21470642089844,83.24475936761183,81.72711708465982,82.03515548946196,300870500
2010-05-28,82.17039489746094,83.18465753752443,81.7797123031166,83.12455164116164,297933500
2010-06-01,80.78800201416016,82.6061627057481,80.6677959325089,81.40407322916164,277909400
2010-06-02,82.89163970947266,82.89914864671519,80.77295580840526,81.20120024376952,240243700
2010-06-03,83.17713165283203,83.44008774894805,82.32815747622519,83.13205510264443,226618300
2010-06-04,80.25457000732422,82.14035116006842,79.98409917537626,81.59940949617251,398475600
2010-06-07,79.25531768798828,80.84808946334418,79.19521752689091,80.54005106016133,264609100
2010-06-08,80.10433197021484,80.26210570818802,78.62425667758885,79.31545754833304,357774300
2010-06-09,79.67605590820312,81.3514661783541,79.33796454700598,80.5701067374713,268023300
2010-06-10,82.00509643554688,82.10276420608162,79.6685330237175,81.03591047126925,317890600
2010-06-11,82.40327453613281,82.45586574742016,81.2312385520079,81.28382976329524,214128200
2010-06-14,82.27557373046875,83.48517761448926,82.1929295596092,83.03438914361406,207196100
2010-06-15,84.1463623046875,84.22149183891348,82.71136355330236,82.85411368074294,238268700
2010-06-16,84.11627197265625,84.46187226216216,83.54527744859656,83.71056578966754,216374000
2010-06-17,84.25153350830078,84.39428361661116,83.43261195055558,84.35671598852466,263185800
2010-06-18,84.34288787841797,84.64483578273743,84.07113015710077,84.41837485449784,174006600
2010-06-21,84.10131072998047,85.45254290494928,83.63328234895754,85.39215679069314,213140700
2010-06-22,82.7122802734375,84.47115373355052,82.591502353045,84.10126379328975,239355400
2010-06-23,82.45564270019531,83.05954396066333,81.8894820289092,82.76514087233728,254639900
2010-06-24,81.08929443359375,82.15367912972276,80.87792873034972,82.04799627810075,268523600
2010-06-25,81.4290542602539,81.84423555208835,80.5986801580096,81.33091599764992,238726500
2010-06-28,81.17239379882812,81.76875077962042,80.87799052162897,81.54983448849758,169218600
2010-06-29,78.66612243652344,81.15723122062438,78.16790413527309,80.03245475400793,373649500
2010-06-30,77.91880798339844,79.17190729163956,77.66214548071314,78.44722231350899,284101700
2010-07-01,77.57157135009766,78.12263124195123,76.34111166306427,77.86597447243803,382924800
2010-07-02,77.1488265991211,78.0697822296228,76.71100004893992,77.83577099079457,233385200
2010-07-06,77.65461730957031,78.78693890823213,76.90728090776797,78.23587319613111,256935300
2010-07-07,80.1004409790039,80.19857345723352,77.76785518140976,77.85089257040644,253769400
2010-07-08,80.89305877685547,80.98364081992997,79.94945743292585,80.77227504037542,210842100
2010-07-09,81.49691009521484,81.5044605139259,80.71938398715274,80.8703578056821,144999900
2010-07-12,81.5498046875,81.7083290281166,80.88551138978013,81.225205582632,131283600
2010-07-13,82.78025817871094,83.10485149922371,82.22919248164523,82.39526723307011,213025900
2010-07-14,82.77272033691406,83.09731946605044,82.17636352946415,82.51605774771296,184426800
2010-07-15,82.79533386230469,83.08218651890533,81.65546213861637,82.74249243189709,232337900
2010-07-16,80.51559448242188,82.44053720049503,80.35706443524616,82.34994942486374,282693400
2010-07-19,80.99118041992188,81.24783718671502,80.18345800783057,80.81001059869821,186709000
2010-07-20,81.88946533203125,81.94985141426669,79.88147979616558,79.91922613693535,258162400
2010-07-21,80.82510375976562,82.33486567234874,80.49295429602626,82.31222016514553,264527000
2010-07-22,82.6292724609375,82.99161787016432,81.77625901571787,81.78380367893152,274781300
2010-07-23,83.346435546875,83.46721354330758,82.22920884361969,82.46322017121726,222020800
2010-07-26,84.2145004272461,84.29753777620788,83.2558043428011,83.48981554844788,184445700
2010-07-27,84.20697021484375,84.7655804915694,83.87482076200364,84.67499270644451,204855600
2010-07-28,83.66345977783203,84.29001236883373,83.38415174395199,84.0333498427009,163056200
2010-07-29,83.25585174560547,84.41081910876345,82.59155833497053,84.18435243551073,220149100
2010-07-30,83.24073028564453,83.68611309695643,82.2669388059109,82.41036228812548,220070600
2010-08-02,85.12039184570312,85.25627066991952,84.19943601037933,84.53913019127752,188263200
2010-08-03,84.71277618408203,85.12795742281057,84.43346804366368,84.90904692489727,146657300
2010-08-04,85.27890014648438,85.3845830166392,84.6674484321194,84.94675069212094,158171700
2010-08-05,85.18831634521484,85.2336131197458,84.60706053217788,84.73538891489862,140473800
2010-08-06,84.8410873413086,84.97696617123843,83.73141119009588,84.35041346882385,239728300
2010-08-09,85.29400634765625,85.43743558696745,84.78823743752811,85.24116490569189,120800400
2010-08-10,84.8335189819336,85.28645215879679,84.07109337006867,84.56931180161978,242916300
2010-08-11,82.5085220336914,83.55780649906619,82.3726431797939,83.52761055827932,273406900
2010-08-12,82.00273895263672,82.29714214650241,81.22521227348955,81.2629586354872,239542600
2010-08-13,81.76115417480469,82.25182794610168,81.66302172425912,81.74605908983021,158698500
2010-08-16,81.72340393066406,81.98761108114722,80.90813121550123,81.20253429165159,147895300
2010-08-17,82.72740173339844,83.33130880577993,82.19143694232008,82.42545395649236,172270300
2010-08-18,82.87838745117188,83.32376448622713,82.21409423032696,82.68966719714132,182922100
2010-08-19,81.43656921386719,82.65192821903355,81.09687503000964,82.44811286057615,265847600
2010-08-20,81.17239379882812,81.48189792881526,80.58358724442982,81.19503931872224,209714200
2010-08-23,80.86284637451172,81.9574214068388,80.82510002472759,81.55733543997835,163490300
2010-08-24,79.66258239746094,80.31178044802927,79.2398509261269,79.97963100096146,280677800
2010-08-25,79.97208404541016,80.27403179668562,78.72652941390423,79.22474781093608,272234800
2010-08-26,79.43610382080078,80.4551916809851,79.17189095099334,80.34950883677536,224439500
2010-08-27,80.66658020019531,80.74961756690233,78.74163144003745,79.93434474429773,272649000
2010-08-30,79.49650573730469,80.70431978475143,79.4889610749892,80.45520770551923,167238600
2010-08-31,79.49650573730469,80.0022803173688,78.87750362966612,79.20210264704271,273933100
2010-09-01,81.8744125366211,81.98764586609371,80.51562986080877,80.56847131332448,256828100
2010-09-02,82.63682556152344,82.65192064772485,81.89703963338268,82.0706648007668,156112200
2010-09-03,83.7087631225586,83.78425007926248,82.99917305911372,83.4445558944522,212197300
2010-09-07,82.7651596069336,83.4219082076284,82.69722307545766,83.31622531914219,141973700
2010-09-08,83.346435546875,83.67857935652944,82.89350222221505,82.93124858569887,149924400
2010-09-09,83.73141479492188,84.3051260748014,83.50495390814636,84.28248056205246,147017900
2010-09-10,84.1541519165039,84.25228439123875,83.69367396093438,83.8823942456994,127819000
2010-09-13,85.09017944335938,85.26379883224837,84.64479669934849,84.98449657378752,178503500
2010-09-14,85.03736114501953,85.52048461144598,84.6070791277558,84.92412782273202,209823600
2010-09-15,85.36194610595703,85.46007856404422,84.53157814571551,84.78823492499822,168608400
2010-09-16,85.33932495117188,85.39216640665023,84.81090463710167,85.09776318908703,199962900
2010-09-17,85.37116241455078,85.87205387958907,85.135898369521,85.78857196874935,195836900
2010-09-20,86.67650604248047,86.86623659746098,85.3939256379748,85.66713810035608,214555200
2010-09-21,86.5019760131836,87.15464393755005,86.14528156571888,86.74483094484408,268389100
2010-09-22,86.07698059082031,86.8510847116156,85.83412564491012,86.36537481979522,191322400
2010-09-23,85.37881469726562,86.26675298048804,85.13595963373159,85.37122384805853,202354300
2010-09-24,87.13948059082031,87.20019578001165,86.25154266184381,86.32743375327341,209671800
2010-09-27,86.72203826904297,87.26846318590555,86.63856215296609,87.16980538318417,128761800
2010-09-28,87.025634765625,87.30643815274013,85.8948419517721,86.8359041557112,209207500
2010-09-29,86.87384796142578,87.20777566990623,86.53232940772031,86.80554193463733,179665800
2010-09-30,86.61579895019531,87.87561273197079,86.20598021841718,87.31401185810486,287106700
2010-10-01,86.98009490966797,87.36714694681325,86.464027456847,87.26848333119915,174638700
2010-10-04,86.32742309570312,87.16223657860492,85.89483755882829,86.79795706866739,166153200
2010-10-05,88.06534576416016,88.2778430850648,87.02562011245645,87.12428371867485,229634100
2010-10-06,88.05776977539062,88.28544882340867,87.70107530221777,88.05017892975837,148626600
2010-10-07,87.9515151977539,88.43722506350308,87.42027184150272,88.41445831825207,164860000
2010-10-08,88.44478607177734,88.68764092272484,87.73898825650548,88.07291584785193,177760100
2010-10-11,88.52831268310547,88.77116765671309,88.22474251856612,88.5814370276409,103098300
2010-10-12,88.80149841308594,89.05952921138041,87.76936363967296,88.23989175188466,182210000
2010-10-13,89.49211120605469,89.9702359339082,89.08229249223052,89.29479558800837,194347200
2010-10-14,89.14299774169922,89.56040725287684,88.58139695493752,89.40861934421376,217764300
2010-10-15,89.32514190673828,89.81844250184588,88.61175896577298,89.76531817868764,243705000
2010-10-18,89.76533508300781,90.06131433778684,89.02917947338683,89.35551631713268,141204800
2010-10-19,88.58903503417969,89.4390246154465,88.05019490875834,88.93813872507423,280604700
2010-10-20,89.45417022705078,89.88675569020546,88.69524795554312,88.74837228294396,200051800
2010-10-21,89.65149688720703,90.38006166274572,88.95328970108055,89.85640916820994,221585500
2010-10-22,89.81845092773438,89.9550571701159,89.55282928702518,89.78809334163654,108212400
2010-10-25,90.08409881591797,90.88856060661001,90.01579856988558,90.418026570172,151145700
2010-10-26,90.09922790527344,90.19029484681515,89.45414531218452,89.62869414354999,158982900
2010-10-27,89.84123229980469,89.93989591821872,88.99124291112032,89.46936194225528,190024000
2010-10-28,89.85643768310547,90.39527203839924,89.42385202941216,90.35732359206195,168576000
2010-10-29,89.92469024658203,90.09924490099014,89.60594431082835,89.7653172787052,144305500
2010-11-01,89.95507049560547,90.88095674333437,89.4390030357296,90.36488928345851,174074800
2010-11-02,90.66846466064453,90.88096201702108,90.38766127393626,90.63051622266927,158345900
2010-11-03,91.03276062011719,91.08588496880029,89.89437675680541,90.82785407237377,226702800
2010-11-04,92.78583526611328,92.83136874796162,91.04790263078903,92.04208891859271,215039400
2010-11-05,93.13495635986328,93.28673852138023,92.72513757562551,92.84656214681542,180654100
2010-11-08,92.96037292480469,93.11216082951553,92.54296921461204,92.84653344380068,156107100
2010-11-09,92.29255676269531,93.30951003508964,91.92068639489187,93.21085220407365,186621600
2010-11-10,92.6644287109375,92.70996799459118,91.57158433526733,92.26979159002413,221387400
2010-11-11,92.3153076171875,92.45191386206474,91.58674290788142,91.86754624182842,158017600
2010-11-12,91.22244262695312,92.0952042815193,90.80503890702437,91.69297645735736,239068800
2010-11-15,91.09344482421875,91.8675488303742,91.05550218242227,91.51085441480431,163940800
2010-11-16,89.67427825927734,90.68364070364518,89.24168691010993,90.53185853174408,299566200
2010-11-17,89.71977996826172,90.09165021076196,89.44656752353434,89.71218912532022,172308900
2010-11-18,91.04032897949219,91.36666583797214,90.57738585955275,90.5849767046667,197723700
2010-11-19,91.290771484375,91.32871412834784,90.50149153425163,90.9947922268435,156852900
2010-11-22,91.21488952636719,91.2528321741337,90.13721526568553,90.83542830798991,181361000
2010-11-23,89.89436340332031,90.32694897551497,89.54525976524383,90.13721835981347,222309000
2010-11-24,91.22244262695312,91.24521515577833,90.44834456027951,90.46352045604631,140046100
2010-11-26,90.15999603271484,90.92650359492188,90.15999603271484,90.4332085980961,76007800
2010-11-29,90.43319702148438,90.67605196072147,89.3555228003837,89.93230545236622,223642300
2010-11-30,89.92469024658203,90.4407575764238,89.40862291674026,89.53764409178838,233930700
2010-12-01,91.83721160888672,92.01176053811793,91.21489540226426,91.22248045823497,221037200
2010-12-02,93.01351928710938,93.08182530794616,91.92826011922753,91.98138445093707,191213600
2010-12-03,93.26398468017578,93.3702333659619,92.67202606219057,92.6947928105563,151288900
2010-12-06,93.16532135009766,93.37781870914691,92.96799989235818,93.06665772616853,103050500
2010-12-07,93.21842193603516,94.11395042820128,93.16529760980994,94.06082610197606,206581000
2010-12-08,93.55995178222656,93.63584286358369,92.8996930052894,93.3322785381552,138019200
2010-12-09,93.92425537109375,94.12157106302676,93.46131215750108,94.08362841001787,123705100
2010-12-10,94.47065734863281,94.56172432560601,93.90146558207806,94.21262073693326,117571700
2010-12-13,94.53138732910156,95.01709727915824,94.5010297334581,94.90326353314443,133812700
2010-12-14,94.6148681640625,95.03986870798566,94.32647969399831,94.67558335463998,147249600
2010-12-15,94.1822509765625,94.81215783977412,94.02287799733739,94.44028755491553,160823100
2010-12-16,94.72872924804688,94.79703530051484,93.9166822072336,94.24301919317467,185035200
2010-12-17,94.83013916015625,94.95220227902121,94.46393816242657,94.66229727872046,141075300
2010-12-20,95.05902099609375,95.28789737446594,94.58601835095773,95.08953823458124,119085500
2010-12-21,95.66175079345703,95.72278528793527,95.265038220488,95.3565841416356,94965500
2010-12-22,95.95926666259766,95.98978390347132,95.67699237051126,95.73039608689803,78878100
2010-12-23,95.82194519042969,95.959269868665,95.58544384146782,95.85246243232295,70053700
2010-12-27,95.8600845336914,95.95163043052814,95.3947068228773,95.46336624550484,58126000
2010-12-28,95.99740600585938,96.08895189965054,95.7456431567976,96.0508097174269,55309100
2010-12-29,96.0660629272461,96.27967776795944,96.05080721886708,96.11184169351885,58033100
2010-12-30,95.91350555419922,96.22629712578026,95.76855009729353,95.97454004348258,76616900
2010-12-31,95.93639373779297,96.02794547334534,95.61597139421373,95.76855179956497,91218900
2011-01-03,96.92816925048828,97.34776821235612,95.89823129733887,96.66877561573624,138725200
2011-01-04,96.87477111816406,97.17230695537943,96.27206867800325,97.141789713028,137409700
2011-01-05,97.37832641601562,97.43936092287535,96.47808781183302,96.56963957212261,133975300
2011-01-06,97.18754577636719,97.52322956332667,96.89764075526352,97.4164221439428,122519000
2011-01-07,96.99681091308594,97.47744426811899,96.24152826358618,97.31723314977464,156034600
2011-01-10,96.87477111816406,97.01209579846106,96.27969362316449,96.56960451521863,122401700
2011-01-11,97.21808624267578,97.45458761059707,96.85188513116837,97.225717008903,110287000
2011-01-12,98.09542846679688,98.20223590121189,97.24096317090809,97.81315417037231,107929200
2011-01-13,97.93521881103516,98.17935676001527,97.69109250319318,98.13358380486603,129048400
2011-01-14,98.64470672607422,98.66759319719593,97.72921295780145,97.79787237116656,117677900
2011-01-18,98.81256866455078,98.90411456761883,98.43873682512753,98.5531692039626,114401300
2011-01-19,97.84368133544922,98.82783487941217,97.58429347315067,98.72866401508574,151958400
2011-01-20,97.7139892578125,97.95811559133041,96.98921774183054,97.62243751731603,175745700
2011-01-21,97.93521881103516,98.5455520423473,97.82841136864089,98.32431221207995,151462900
2011-01-24,98.49217224121094,98.6066046501128,97.85131582793973,97.8742023097201,113715500
2011-01-25,98.5455551147461,98.62947608218218,97.73686850552842,98.2327577232899,167552200
2011-01-26,98.92701721191406,99.2169281405286,98.59133332428442,98.78969833486873,141281500
2011-01-27,99.1711654663086,99.33900742752988,98.77444704513641,98.94991395327128,123302700
2011-01-28,97.43931579589844,99.44578208051966,97.2791046550183,99.28556511907128,295637300
2011-01-31,98.17170715332031,98.24800316254233,97.46220316032924,97.70634107693041,149249200
2011-02-01,99.74332427978516,99.9187911412738,98.70576135948916,98.76679584199331,167194300
2011-02-02,99.55262756347656,99.81964041311213,99.43055855962781,99.48395647309856,118323600
2011-02-03,99.7738265991211,99.92640697089449,98.85070778315354,99.37710831960133,145886700
2011-02-04,100.05609893798828,100.09424694047947,99.3542199284672,99.81197267608945,134634800
2011-02-07,100.68171691894531,101.0097642059028,100.26973702237238,100.27737360932213,112439100
2011-02-08,101.13946533203125,101.19286323264184,100.4986090367373,100.77325840868096,99072800
2011-02-09,100.91060638427734,101.1852558037667,100.40708050835683,100.86483342121913,146436700
2011-02-10,100.94873046875,101.06316284926716,100.17055535782113,100.39943175999284,162708500
2011-02-11,101.55139923095703,101.681093107029,100.52909810817746,100.5519845780058,137710300
2011-02-14,101.7955551147461,101.87947607561213,101.37596195155356,101.4903943340356,101690700
2011-02-15,101.47514343261719,101.63536042601305,100.94874277691947,101.48278001967434,119575400
2011-02-16,102.115966796875,102.23802409785642,101.61244114149584,101.8184310261755,130183500
2011-02-17,102.42117309570312,102.5584919858495,101.72691877470031,101.81847634260478,109810500
2011-02-18,102.63477325439453,102.75684223328012,102.27620290462971,102.51270427550895,130002400
2011-02-22,100.57491302490234,102.65766413650034,100.30026363119741,101.5590665616806,233116400
2011-02-23,99.95694732666016,100.75800896850784,99.3389891473068,100.5138710185154,227584000
2011-02-24,99.88829040527344,100.27738386306065,98.94990976445335,99.85015403117964,260431400
2011-02-25,100.95636749267578,101.01740198329988,100.2468517251671,100.3078862157912,141686900
2011-02-28,101.5819320678711,101.71163761243285,100.99449703020498,101.33018084666371,141585500
2011-03-01,99.88829040527344,101.99393977831534,99.85777897777042,101.9023938546665,258565500
2011-03-02,100.10189819335938,100.5672759532162,99.44579203423561,99.75095281660764,200277400
2011-03-03,101.82609558105469,101.94052798309488,101.00214736294656,101.00977230936938,176480100
2011-03-04,101.0631332397461,101.94811552692094,100.39940234493194,101.74975060395839,277202300
2011-03-07,100.26972961425781,101.5895785338019,99.74332900485507,101.36070212385327,216790400
2011-03-08,101.14710235595703,101.46752472129806,99.99510683000665,100.42996159684823,174615000
2011-03-09,101.00212097167969,101.31491831037687,100.3994244098498,100.94872307839334,153806000
2011-03-10,99.13299560546875,100.07900102447397,99.03381311174552,99.94168216344589,301291800
2011-03-11,99.81959533691406,100.17816559808469,98.7896691400259,98.81255561276993,225621800
2011-03-14,99.21691131591797,99.54495856065739,98.4616226968286,99.17113836466476,234974100
2011-03-15,98.08015441894531,98.66760105382717,96.50855452406013,96.5772139428924,359585400
2011-03-16,96.2644271850586,98.08779583381428,95.57780386008736,97.76736191454741,468670300
2011-03-17,97.53849029541016,97.95046428592481,96.96630516756782,97.65292848509225,254303700
2011-03-18,97.89324951171875,98.75142661325053,97.70169259274005,98.72077095885831,230435400
2011-03-21,99.410400390625,99.61727348152837,98.99663082540118,99.11157201205603,153992600
2011-03-22,99.06558990478516,99.52533127440299,98.97364630754507,99.3950739477433,129538600
2011-03-23,99.34908294677734,99.60959754974405,98.32234067035107,98.78972832712323,148603100
2011-03-24,100.2991943359375,100.44477945956996,99.35673760361426,99.91608051235988,159129800
2011-03-25,100.60572814941406,101.04247198375607,100.29157189646881,100.55975634492651,155642800
2011-03-28,100.3604965209961,101.08075239844108,100.32985255867574,100.82023779774585,109762400
2011-03-29,101.03480529785156,101.06544926766004,99.94676314815788,100.27623551336316,129798800
2011-03-30,101.73206329345703,102.03089165314213,101.41790710484484,101.56349225038258,135835000
2011-03-31,101.59414672851562,101.87765898031658,101.48687529834226,101.60181648962666,132537100
2011-04-01,102.02323913574219,102.4983083791105,101.778052290009,102.22246587034205,153850100
2011-04-04,102.10752868652344,102.4216849405841,101.8163700264984,102.23778603027074,100768900
2011-04-05,102.0921859741211,102.54425752447142,101.86231531898642,101.90828711167191,120791500
2011-04-06,102.41402435302734,102.67453903411845,102.00025473792034,102.58259542707687,120411600
2011-04-07,102.15349578857422,102.65919725028455,101.64778263515552,102.23011155345961,170731500
2011-04-08,101.80103302001953,102.66687423528005,101.37960536251623,102.60557460403328,147945400
2011-04-11,101.49456787109375,102.25312612220075,101.24936929461077,101.90832585426924,121385400
2011-04-12,100.73595428466797,101.12672619346115,100.36816827099753,100.92751120516186,161187400
2011-04-13,100.72832489013672,101.27999822182815,100.34521094009189,101.20338244684513,162059000
2011-04-14,100.80490112304688,100.95814430461114,99.8164726640079,100.14594491978579,161220400
2011-04-15,101.1727294921875,101.42558610899202,100.69001385256999,100.9888422739371,170006700
2011-04-18,100.03871154785156,101.16506748261567,99.23416992420437,100.06169744923778,210759300
2011-04-19,100.6133804321289,100.64403609449737,99.94676592198377,100.19195276238389,124258800
2011-04-20,101.98490142822266,102.20710229482593,101.74736104375654,101.81633041561093,156133800
2011-04-21,102.50593566894531,102.55190745798421,101.98490647089622,102.51359373654971,135935400
2011-04-25,102.39867401123047,102.56724504822343,102.06153193724454,102.42931797627129,65757100
2011-04-26,103.27983856201172,103.4867233387742,102.60556605787667,102.71283748069645,146600000
2011-04-27,103.95411682128906,104.10736003203621,103.0576317621253,103.47905936046062,143031000
2011-04-28,104.2912826538086,104.42919806738101,103.75492544817666,103.77024158854456,124791100
2011-04-29,104.53646850585938,104.64375163766698,104.19166828352525,104.32959538748496,115094100
2011-05-02,104.37554168701172,105.11111375602337,104.16865692748028,105.02683993027019,126278700
2011-05-03,104.0000991821289,104.35256912519637,103.47140011338207,104.176339999517,138375000
2011-05-04,103.31049346923828,104.00009379781804,102.8507521223797,103.9541220014738,182678500
2011-05-05,102.3757095336914,103.40245210713222,101.92363788158521,102.73583757973121,226900000
2011-05-06,102.8277816772461,103.9234936521833,102.4293398962044,103.39479453135506,222787200
2011-05-09,103.22623443603516,103.52506288066832,102.65922152162636,102.82013454183397,114104500
2011-05-10,104.1073226928711,104.291221494835,103.44070853476987,103.57096580177222,114806900
2011-05-11,103.01170349121094,103.96948857768574,102.53664582966744,103.95416074262263,193564200
2011-05-12,103.50204467773438,103.71658750992017,102.20711792451533,102.73581693658299,171550700
2011-05-13,102.70516204833984,103.70126045763405,102.33737600351236,103.55567531505237,157444900
2011-05-16,102.0538558959961,103.14189768479234,101.88528488869052,102.33735636659851,141675400
2011-05-17,102.03853607177734,102.17646313025456,101.23399469049458,101.67075006868183,192686200
2011-05-18,102.95038604736328,103.05765749083774,101.87000185055663,102.09221449956759,135217900
2011-05-19,103.19554901123047,103.46373340367046,102.62854795203745,103.28750429270839,119489500
2011-05-20,102.3757095336914,103.19556730177301,102.1841525599132,102.92739455350942,182594900
2011-05-23,101.18802642822266,101.69373950742073,100.827898480161,101.12672681028592,168700000
2011-05-24,101.1037368774414,101.70139351382383,100.91217996342894,101.47919263792008,147199600
2011-05-25,101.4408950805664,101.86232269688618,100.66700923365777,100.69765320043192,151050100
2011-05-26,101.90828704833984,102.09218591067474,100.97348829195835,101.16504522250034,164850000
2011-05-27,102.2990951538086,102.57493769900395,101.877679110956,102.19182370243881,120921900
2011-05-31,103.36414337158203,103.37947120390412,102.55194363416702,103.2645416907644,164731200
2011-06-01,101.04246520996094,103.37946254565998,100.9581796768141,103.06530631377548,233094300
2011-06-02,100.93519592285156,101.32597962652981,100.34520886998502,101.11143675426749,200466800
2011-06-03,99.93142700195312,100.69765479220737,99.67091235927666,99.72454222490619,234690200
2011-06-06,98.8740234375,99.88544967667436,98.74376612337136,99.67856491107823,179951200
2011-06-07,98.81275939941406,99.66327287284487,98.72847385910252,99.37976058722766,161660500
2011-06-08,98.39896392822266,98.98896255546748,98.21506506355084,98.65947855106056,198696400
2011-06-09,99.14990234375,99.5560022640609,98.4296578170352,98.66718663551381,160964400
2011-06-10,97.7706527709961,98.78973116310381,97.51013816055074,98.7284432361693,238629400
2011-06-13,97.8472900390625,98.26105960821886,97.34924663395024,97.99287519518386,207599800
2011-06-14,99.0886001586914,99.43340038411368,98.70548619895327,98.74378824155892,160570400
2011-06-15,97.32626342773438,99.07326791689987,97.06574875271833,98.26106822907944,300958000
2011-06-16,97.5407943725586,98.05416555920746,96.78988860954607,97.35689550456343,308032800
2011-06-17,97.83187103271484,98.51719416074192,97.50075939643375,98.5094922506416,233284900
2011-06-20,98.3323974609375,98.54030793916986,97.46997140260152,97.50077317251879,159479000
2011-06-21,99.67994689941406,99.87245356076855,98.37090395213845,98.84062067583034,193157300
2011-06-22,99.07931518554688,99.957144986166,99.01771165133309,99.37192903564416,176703000
2011-06-23,98.79443359375,99.05623986675768,97.16967669411022,97.9166035756782,334286500
2011-06-24,97.64704132080078,98.84828056847104,97.50074030655564,98.77128498188722,226129300
2011-06-27,98.51717376708984,98.89447916136015,97.51613715536689,97.70864374417246,168904700
2011-06-28,99.80313873291016,99.81854255337362,98.77130600563365,98.90990514078764,165556300
2011-06-29,100.6578598022461,100.81955877904794,99.81853378067488,100.25744275309408,244295500
2011-06-30,101.62042999267578,101.78212902853575,100.65020052848911,100.9813063874147,223322700
2011-07-01,103.1219482421875,103.26055912305479,101.4740919898357,101.71279832667555,202385700
2011-07-05,103.03724670410156,103.24515715429446,102.7138369758416,103.01414684848815,165936000
2011-07-06,103.16046142578125,103.29136453386621,102.49823809979826,102.7908519588547,143331600
2011-07-07,104.23076629638672,104.49257243318128,103.86115694151972,104.0767633776646,170464200
2011-07-08,103.4915771484375,104.23080790292492,102.7138544611566,103.05266806739358,194100500
2011-07-11,101.62042999267578,102.55215576986107,101.38172358281304,102.22104991093548,195918600
2011-07-12,101.18151092529297,102.24415160727999,101.1507150249448,101.40482526410152,214675700
2011-07-13,101.52027130126953,102.58291142559982,101.27386897876477,101.71277788902968,204062600
2011-07-14,100.81957244873047,102.2441262929047,100.62706580760818,101.77440961857936,226111800
2011-07-15,101.40478515625,101.54338427751145,100.69636223168098,101.38168530270643,220012800
2011-07-18,100.57317352294922,101.089089928971,99.81855075365935,100.93508696070191,196872100
2011-07-19,102.20560455322266,102.32881160168958,101.11216843483805,101.13526828771674,166554900
2011-07-20,102.14402770996094,102.52904102473603,101.96692487507309,102.46744923408505,137145400
2011-07-21,103.5608901977539,103.81500040665452,102.15943603042469,102.72155220483695,245246300
2011-07-22,103.63016510009766,103.737968337323,102.99873774658376,103.58396539123989,126019400
2011-07-25,103.05264282226562,103.56086310712078,102.53672650267195,102.64452973736807,136653800
2011-07-26,102.66763305664062,103.15275350398333,102.43662276030258,102.9833467366469,131278200
2011-07-27,100.56546020507812,102.12861297624971,100.43454536738969,102.09780533808609,249020100
2011-07-28,100.27285766601562,101.46640116113034,100.11114692165138,100.56547151311632,207939900
2011-07-29,99.58753967285156,100.52697304675975,98.54030304700342,99.26412991703168,307038400
2011-08-01,99.16400909423828,100.84267292944865,98.20147599482249,100.75026176212803,325790900
2011-08-02,96.63063049316406,98.94841206269977,96.63063049316406,98.41709186117032,346653800
2011-08-03,97.15424346923828,97.26204671077622,95.12137395047122,96.7615341785655,370830800
2011-08-04,92.60340118408203,95.96071765266034,92.44939233814367,95.80670880672197,520721800
2011-08-05,92.46479034423828,93.99714154721224,89.98530389153649,93.75843519456807,655619200
2011-08-08,86.44316864013672,92.49557684735977,86.2583580671335,90.02379271308706,702263900
2011-08-09,90.46272277832031,90.58592397290268,84.9108261154922,87.83692939098763,717828700
2011-08-10,86.46629333496094,89.53869802711245,86.20448121873837,88.75327342811897,662607400
2011-08-11,90.34722137451172,91.57156083485634,86.4893865068318,87.2132133826602,487979700
2011-08-12,90.95552825927734,91.79485428711548,90.30870297306204,91.1711347297372,313731600
2011-08-15,92.88059997558594,92.97299939711415,91.63315491143052,91.7794618286316,258810600
2011-08-16,92.08748626708984,92.9345203004801,91.10185307351271,91.99508682696526,294095200
2011-08-17,92.14906311035156,93.32720262927381,91.41754033874908,92.59567985767134,238201100
2011-08-18,88.17576599121094,92.17990279593938,87.31333390449556,89.70811759967566,512956300
2011-08-19,86.73577880859375,89.23066286021827,86.62797557564203,86.98218703745994,428281300
2011-08-22,86.80510711669922,88.73017374784823,86.55869882290564,88.6839681538114,275090600
2011-08-23,89.66187286376953,89.76197417744365,86.6895705902998,87.1284853884632,331136600
2011-08-24,90.92473602294922,91.0479372154774,89.26147586254629,89.4693863200148,246869700
2011-08-25,89.5386962890625,91.94118150818849,89.22298842323552,91.42526507205844,312365400
2011-08-26,90.84002685546875,91.25584186912387,87.66751557063851,89.08436738103775,314495900
2011-08-29,93.45042419433594,93.50432581877479,90.90933418544988,92.06437403042783,190977200
2011-08-30,93.69685363769531,94.27437369071986,91.83339034323052,93.04233208590172,241315700
2011-08-31,94.11263275146484,95.10596756736659,93.40420983425656,94.29743745272884,301828400
2011-09-01,93.12702178955078,95.02128657967225,93.00381470978503,94.16655655701737,254585900
2011-09-02,90.74761962890625,93.07310289189618,90.42420991678262,91.18653448817,255517200
2011-09-06,90.08541107177734,90.21632005979069,88.07564115832797,88.08334306934917,285130500
2011-09-07,92.62648010253906,92.66497789919302,91.14032885551399,91.44834060292287,209803200
2011-09-08,91.6639633178711,93.12701497137076,91.45605285469755,92.07207645875103,250568200
2011-09-09,89.26148223876953,91.6793652975698,88.76866568378072,90.6167307024071,380195100
2011-09-12,89.83899688720703,89.90830233216863,87.82153107018813,88.14494081377853,305793500
2011-09-13,90.66292572021484,91.00173928727541,89.49248793148008,90.13161138758564,272514700
2011-09-14,91.91805267333984,93.01919065063458,89.87748155634586,91.12492055346407,319389500
2011-09-15,93.50432586669922,93.53512763422813,91.94117288233507,92.90370608697668,326777200
2011-09-16,94.05774688720703,94.40605513137002,93.12893671323452,93.87972779139065,284528300
2011-09-19,93.12120056152344,93.60108919326447,91.89052671165746,92.51747332157171,241517000
2011-09-20,93.0128402709961,94.42153914332157,92.88900166184527,93.51594827651908,218932200
2011-09-21,90.27283477783203,93.34565714518249,90.12577681095142,93.05927706399379,316251300
2011-09-22,87.35479736328125,88.39971002064279,86.1473432619061,87.65666088862504,513911300
2011-09-23,87.8811264038086,88.36101489512207,86.70462749130769,86.77429148604128,307242500
2011-09-26,89.970947265625,90.09479173663765,87.4476781736511,88.70931271963805,260673700
2011-09-27,90.9771728515625,92.5406710847121,90.4353620896049,91.74344140757151,311753900
2011-09-28,89.11955261230469,91.71248614407624,88.98797226801402,91.16293949565896,286696800
2011-09-29,89.82389831542969,91.04683011014575,88.18299434188575,90.59790862093023,298108900
2011-09-30,87.57925415039062,89.35947404366053,87.51733191795626,88.5854638539182,288392300
2011-10-03,85.08695220947266,88.1984710059911,84.99406884792363,87.06841668067923,365136800
2011-10-04,86.95230865478516,87.13807536655963,83.1519213978168,83.86400941059688,459177500
2011-10-05,88.5622787475586,88.79448425638637,86.36409179297621,87.16906341028609,284108000
2011-10-06,90.16446685791016,90.29605310952972,87.85791924919072,88.51582688636651,257800800
2011-10-07,89.56074523925781,90.75272199800861,89.05763728380903,90.69079974698057,312657900
2011-10-10,92.55615997314453,92.59485694788383,91.07779735571248,91.0855391127525,230666300
2011-10-11,92.64904022216797,92.91220682236695,91.91373272248035,92.00661609406185,209088000
2011-10-12,93.4617691040039,94.53764324073292,93.13668610698468,93.34566634643089,281544900
2011-10-13,93.2759780883789,93.55462225440418,92.20010429937058,92.91219232133312,212538800
2011-10-14,94.87044525146484,94.89366461636638,93.83327425099544,94.3596015079407,211397600
2011-10-17,93.05927276611328,94.85497665357803,92.8270672845804,94.42152681506536,202311600
2011-10-18,94.87818908691406,95.59027718390325,92.26203035305987,92.9896019638094,318857900
2011-10-19,93.75585174560547,95.26517515210791,93.43076888459723,94.72336447853175,226601300
2011-10-20,94.16609954833984,94.50666007786047,92.74191747093393,93.9880745742028,262075600
2011-10-21,95.95407104492188,96.07017378695062,94.98655803673356,95.27293810780961,278999400
2011-10-24,97.13055419921875,97.37050141594133,96.0237191963402,96.10886080465625,203215600
2011-10-25,95.24200439453125,96.71261977486921,95.03301823064265,96.66618102966379,268596800
2011-10-26,96.20947265625,96.57325249906133,94.59178822660242,96.24816962409153,289053800
2011-10-27,99.56095123291016,100.1724141890583,97.99744707970751,98.78693500774253,393220200
2011-10-28,99.53775787353516,99.73126050407433,98.91854709371715,99.07334683605583,225906500
2011-10-31,97.13827514648438,99.55318306799073,96.99895308137987,98.42313484747363,228146700
2011-11-01,94.42924499511719,95.59800205794717,94.05771749847489,94.45246435642686,416565800
2011-11-02,95.96955108642578,96.28689819566324,95.04074093712312,95.84571248895985,244717600
2011-11-03,97.71878814697266,97.91229069775875,95.66765992759431,96.96025554959036,291174800
2011-11-04,97.12284088134766,97.29311823225594,95.98504449280581,96.92933825486725,249401600
2011-11-07,97.72655487060547,97.8271740968389,96.13208942920262,97.0531636959428,196617200
2011-11-08,98.98045349121094,99.08882038622552,97.30085224433522,98.2374041733106,224426300
2011-11-09,95.3271255493164,97.37051257257095,95.09492006271577,96.66616026038498,337982000
2011-11-10,96.2249755859375,96.7048641742541,95.21875967358137,96.58876142971596,231866500
2011-11-11,98.03614044189453,98.29155933470673,97.36274940302891,97.39371052144878,189924400
2011-11-14,97.10733795166016,98.64761689706361,96.68937165338995,97.67236810633015,159258300
2011-11-15,97.58724212646484,98.10582772757205,96.53458740781757,96.88288975955075,184709400
2011-11-16,96.03919219970703,97.78845109404384,95.899870120003,96.60421636917431,235782500
2011-11-17,94.51438903808594,96.10111236127521,93.83326216603398,95.8611651759923,331219600
2011-11-18,94.4137954711914,95.00978090791294,94.01904849582829,94.81627829913919,215580400
2011-11-21,92.6180648803711,93.15212791154461,91.83631291212903,93.03602519860105,229611600
2011-11-22,92.25428009033203,92.95862632041485,91.73568875451444,92.41682152804346,216494900
2011-11-23,90.21861267089844,92.25426295242626,90.21861267089844,91.38736954044388,224329100
2011-11-25,90.0483627319336,91.10101729727248,89.94000175361022,90.0793238550589,99557000
2011-11-28,92.65678405761719,93.02056988959916,91.96791527565458,92.52520370718179,210686000
2011-11-29,92.9199447631836,93.65525223267029,92.57937831993655,92.9199447631836,199241500
2011-11-30,96.74353790283203,96.92156285570495,92.88122847232222,95.582522546928,324439500
2011-12-01,96.72809600830078,97.24668164147745,96.31012961723503,96.6352126196534,176954800
2011-12-02,96.64295196533203,97.91232871899375,96.58102970777988,97.61820685346827,221109700
2011-12-05,97.69559478759766,98.4386440717528,97.09186761329852,98.1754774619222,225263900
2011-12-06,97.72655487060547,98.384462530321,97.33954967015742,97.68785198846838,178842100
2011-12-07,98.09032440185547,98.50054890131669,96.72806466921293,97.40144982673239,237802500
2011-12-08,95.93859100341797,97.66463687082076,95.7063914161842,97.44791489397686,240862800
2011-12-09,97.56402587890625,97.81170900267621,96.28690737296711,96.37204900037848,209111400
2011-12-12,96.13982391357422,96.728073427218,95.3271165972541,96.71258991344223,215826100
2011-12-13,95.24200439453125,97.19250846117626,94.77759332154864,96.64296165706106,245159800
2011-12-14,94.22801971435547,95.22649378888165,94.0190395151432,94.86270797429881,238618800
2011-12-15,94.568603515625,95.35809163057412,94.42153963034535,95.22651126228784,199109200
2011-12-16,94.70880126953125,95.76813206492241,94.4829198867444,95.20731512267096,220481400
2011-12-19,93.6961898803711,95.2773948819031,93.49366922744784,95.07487422897984,183903000
2011-12-20,96.53143310546875,96.69500538437671,93.75848333271972,95.16832483855532,225418100
2011-12-21,96.71839141845703,96.86638796165894,95.61232762895224,96.53145248256308,194230900
2011-12-22,97.57520294189453,97.67646623848431,96.76513222526668,97.07669514273198,119465400
2011-12-23,98.44760131835938,98.47875880078064,97.68426379842612,97.88677852014106,92187200
2011-12-27,98.5255126953125,98.78255752213013,98.19057711746377,98.27625872640299,86075700
2011-12-28,97.23249053955078,98.55665087570887,97.15459980377952,98.5410751056275,119107100
2011-12-29,98.23727416992188,98.33853150854578,97.25583448853942,97.55182159252678,123507200
2011-12-30,97.75437927246094,98.40088376480959,97.75437927246094,98.15941472319177,95599000
2012-01-03,99.3122329711914,99.99768591187895,99.2577088456989,99.51475369845673,193697900
2012-01-04,99.46800231933594,99.55368392643896,98.6968737980919,99.07854262984334,127186500
2012-01-05,99.73279571533203,99.88079224507128,98.47874143938343,98.93051594082243,173895000
2012-01-06,99.47575378417969,99.8730041741003,99.14860920080078,99.85742246478841,148050000
2012-01-09,99.7172622680664,99.84188033587859,99.24212097126836,99.70168055257744,99530200
2012-01-10,100.58184814453125,100.98687760346633,100.44163649692702,100.78436287399879,115282000
2012-01-11,100.63636016845703,100.76877500872062,100.10670080740265,100.27026718669603,111540700
2012-01-12,100.87782287597656,101.0258194279274,100.12227028944314,100.92456801240627,118983700
2012-01-13,100.35595703125,100.51953530936372,99.48357124228345,100.20017555255811,179836200
2012-01-17,100.74542236328125,101.50877185712501,100.40269595957436,101.32182694091244,132209200
2012-01-18,101.85923767089844,101.91375581875157,100.54286270172021,100.7220107380381,163395200
2012-01-19,102.396728515625,102.48241010743595,101.88263896475932,102.20978361930175,126328900
2012-01-20,102.77836608886719,102.77836608886719,101.97608041961335,102.22534022014655,138230200
2012-01-23,102.51355743408203,103.01206525175726,102.02283452975531,102.43566075914119,129295800
2012-01-24,102.396728515625,102.42788005566335,101.72685749383879,101.88263896475932,103083300
2012-01-25,103.2535171508789,103.49498017760266,101.84367543843696,102.24091991285061,198613200
2012-01-26,102.72386169433594,103.90781024935825,102.31882040690039,103.7130804611208,184880500
2012-01-27,102.6771240234375,102.85627209299652,102.15523775432476,102.22534950794571,135259100
2012-01-30,102.32662963867188,102.38115969731226,101.30624720746138,101.65675853251878,147311800
2012-01-31,102.2876968383789,102.95755608312362,101.78917703423461,102.83293801745384,157212000
2012-02-01,103.18342590332031,103.70530033363417,102.91859623158439,103.04321426893073,166234500
2012-02-02,103.34701538085938,103.6118569971654,102.98093421477573,103.38596372608376,113090400
2012-02-03,104.79576110839844,104.85807605706661,104.1960020125195,104.37515006158976,160598500
2012-02-06,104.72570037841797,104.77243363604046,104.24277420249804,104.35960734655427,107694500
2012-02-07,104.99052429199219,105.1696842834631,104.09477187609748,104.5075981427653,135528100
2012-02-08,105.30211639404297,105.32548302539256,104.61666351347651,105.04507156383055,139361400
2012-02-09,105.43450164794922,105.61364973309176,104.81136392115702,105.4734499843794,148602900
2012-02-10,104.65559387207031,104.7412754674137,104.2505525226866,104.4998123947273,167907500
2012-02-13,105.43450164794922,105.55913157038036,104.95157555523296,105.40335011002321,115841900
2012-02-14,105.30211639404297,105.36443137276417,104.56993025077732,105.15411980525094,165329500
2012-02-15,104.81134796142578,105.8005785063761,104.601036485018,105.64479706973994,195195100
2012-02-16,105.97196960449219,106.06543611405517,104.63222750238656,104.81917240687741,186567800
2012-02-17,106.25235748291016,106.42372063606076,105.90184626432475,106.33803905948547,129869400
2012-02-21,106.2990951538086,106.75086967771261,105.97195054381521,106.50160984989132,134042300
2012-02-22,105.95639038085938,106.36143174075808,105.76944547197569,106.13553849018632,124455300
2012-02-23,106.4237289428711,106.50161372787916,105.54354648620131,105.90185453040063,137704300
2012-02-24,106.65741729736328,106.86772884268063,106.42375100852806,106.65741729736328,105539100
2012-02-27,106.8365478515625,107.12474411859982,105.77721738782238,105.94858054264522,145728900
2012-02-28,107.14814758300781,107.27277753579779,106.65742457225132,106.8677361319136,129355900
2012-02-29,106.7275161743164,107.63885024676125,106.35362638662296,107.30390879762307,185934700
2012-03-01,107.28052520751953,107.4830517818361,106.65738754526346,106.95338060904163,145023500
2012-03-02,106.95340728759766,107.3506637376261,106.71194420601621,107.21045208309685,120638300
2012-03-05,106.51719665527344,106.86770790521996,106.15110369400212,106.78982311932258,140765000
2012-03-06,104.95938873291016,105.4890482178293,104.65561064353199,105.42674512519969,202129900
2012-03-07,105.69155883789062,105.8629220300491,105.09957257939223,105.20083588894906,143692200
2012-03-08,106.74308776855469,106.96119609100204,106.1199618828117,106.33805831989463,116968900
2012-03-09,107.15589904785156,107.4362984949478,106.81317276536313,106.94558757716794,122836800
2012-03-12,107.1637191772461,107.30391894686863,106.78204443988693,107.14035254897567,104003500
2012-03-13,109.09542846679688,109.14995851937854,107.56095659046538,107.74011657577839,184090500
2012-03-14,108.97856903076172,109.39918009550797,108.64362765305637,109.12656555449,145163600
2012-03-15,109.60953521728516,109.65626847804826,108.86176738897608,109.14217883892118,165118500
2012-03-16,109.76129913330078,109.90211331361795,109.52659689532047,109.80823719340651,152893500
2012-03-19,110.19155883789062,110.5279561483628,109.61262837777818,109.69086641797813,125291100
2012-03-20,109.87078857421875,110.00378367927073,109.24492012769059,109.56567934793533,121729700
2012-03-21,109.6908950805664,110.03511151002388,109.46401186717058,109.93341635612937,122388400
2012-03-22,108.90069580078125,109.17451698643504,108.54082948886568,108.88504580625722,135216700
2012-03-23,109.2527847290039,109.3779608580143,108.39222570132598,108.99462537691743,120521000
2012-03-26,110.7861557006836,110.78615570068358,109.99600381727923,110.03511090993582,120164000
2012-03-27,110.44194793701172,110.95829058087637,110.37154083215405,110.8878834760187,119868500
2012-03-28,109.89425659179688,110.55924404842526,109.24491912898677,110.38712992876727,148562100
2012-03-29,109.7065200805664,109.90993423904007,108.81466120769518,109.2449466151003,164963700
2012-03-30,110.1602554321289,110.3480195603192,109.56568693236578,110.24631249870173,135486800
2012-04-02,110.96607208251953,111.25554331145332,109.8082229791348,110.02727518957379,151741100
2012-04-03,110.51229858398438,110.99735291259525,109.86296109463362,110.80958879144445,155806700
2012-04-04,109.41706848144531,109.7925848918682,109.01025207330716,109.69870877362534,146896000
2012-04-05,109.36228942871094,109.68304871990466,108.94765402788015,109.04154207496755,137439400
2012-04-09,108.13404083251953,109.40141615160032,107.83675054781615,107.98539569016785,127555900
2012-04-10,106.31905364990234,108.22794814677307,106.20952750356327,107.92283874358174,235360300
2012-04-11,107.17958068847656,107.60203509710654,106.98399751203773,107.4064519206677,154133000
2012-04-12,108.57991027832031,108.66596732119307,107.2030095298016,107.28124754602965,154321500
2012-04-13,107.28913116455078,108.60345661629208,107.18742406971208,108.32963533208901,169246700
2012-04-16,107.21869659423828,107.99319831045221,106.85099927822685,107.83673416133976,147825300
2012-04-17,108.80683135986328,109.02588355686376,107.72720843361135,107.83673453211159,147877600
2012-04-18,108.43914031982422,108.80683765838486,108.25920713418289,108.32179518515598,123884200
2012-04-19,107.74284362792969,108.86157348481429,107.23433222706356,108.45476913910049,198666700
2012-04-20,107.92279815673828,108.6112547819338,107.86021010558868,108.22008841533638,143199600
2012-04-23,107.01533508300781,107.10922316860561,106.35035913790611,106.81975181607403,171844900
2012-04-24,107.42210388183594,107.69592510883791,107.02311849208587,107.10917556879077,137484200
2012-04-25,108.89289093017578,108.93982898240246,108.37654848078293,108.47042458523629,150252200
2012-04-26,109.65177154541016,109.77694766231681,108.59561745736896,108.65820551582229,136291600
2012-04-27,109.83170318603516,110.144631536387,109.37012969115823,109.98034833056026,130725000
2012-04-30,109.42488861083984,109.69089084428452,109.12761025426879,109.61265278666228,115092200
2012-05-01,110.10550689697266,110.82525153802946,109.23711713508193,109.36228129280308,138832200
2012-05-02,109.7769546508789,109.88648077578195,109.10414790148818,109.46401433869002,121081000
2012-05-03,108.93981170654297,109.87860841454965,108.73640953333333,109.79255135329791,143759700
2012-05-04,107.17958068847656,108.97894829920371,107.11699263952217,108.36872974371055,193927300
2012-05-07,107.25785827636719,107.61772476871334,106.75716563759339,106.79627273733882,127765900
2012-05-08,106.82752990722656,106.99964405192841,105.55232381805807,106.61629674101076,213377700
2012-05-09,106.19384765625,106.87447330231971,105.21593175674757,105.69315519320276,220752500
2012-05-10,106.41291809082031,107.06225579181269,106.17039681619283,106.92924870174086,150600000
2012-05-11,106.09214782714844,107.07788282367517,105.70098144063694,105.74791949702619,153032400
2012-05-14,104.91863250732422,106.09213148610836,104.76216836430946,105.07509665033899,163910000
2012-05-15,104.31627655029297,105.46630698436881,104.15199330968436,104.84826918346565,207629300
2012-05-16,103.91726684570312,105.26288021137994,103.893797816792,104.78565672776838,207265500
2012-05-17,102.3760986328125,104.06594080710524,102.32132959188472,103.94076465994553,247992900
2012-05-18,101.49986267089844,102.95500216931951,101.35121752758614,102.77505702875659,319615900
2012-05-21,103.24446868896484,103.28358771953094,101.66415296622048,101.8284481196173,177861100
2012-05-22,103.42439270019531,104.23019452084458,102.75158602167299,103.51044978480111,197531200
2012-05-23,103.47917175292969,103.6278169077847,101.69545376957393,102.6811888853909,204958400
2012-05-24,103.68253326416016,103.92505444786762,102.8141436447075,103.76077129517111,167357600
2012-05-25,103.34616088867188,103.93291045025605,103.09580867908645,103.6434392157416,135465600
2012-05-29,104.59786987304688,104.77780303482399,102.61856928115301,104.17541550682049,152883500
2012-05-30,103.0801773071289,104.590085992571,102.86895602175743,103.70604600672999,162370400
2012-05-31,102.8532943725586,103.61997717557475,101.96925448684176,103.04105854240898,196186000
2012-06-01,100.26377868652344,102.87676748230226,100.26377868652344,101.24169472722973,253240900
2012-06-04,100.21686553955078,100.71755819936192,99.46582058110675,100.44373686491403,202545800
2012-06-05,100.9757308959961,101.12436414568246,99.96651459248757,100.02127766637209,164149400
2012-06-06,103.24446868896484,103.29140675066333,101.64850296650361,101.67980296593736,184202800
2012-06-07,103.30706024169922,104.46490957338312,103.09582701946518,104.41797151009834,184772700
2012-06-08,104.12848663330078,104.15195565918948,102.71245442580135,103.04104466314237,143915400
2012-06-11,102.80635833740234,105.02818067248748,102.70465125121734,104.96559261463914,169756100
2012-06-12,103.98766326904297,104.05807034855648,102.61076198516243,103.10362347920693,181931800
2012-06-13,103.32270812988281,104.33191228223366,102.9706487875385,103.68257456601165,172223900
2012-06-14,104.41793823242188,104.83257357589781,103.25225830338744,103.53389853079078,230615500
2012-06-15,105.48590850830078,105.58027106988328,104.668071642866,104.88825895276415,169444500
2012-06-18,105.6903305053711,105.94983946500997,104.80958155093944,105.04549987782065,131360900
2012-06-19,106.71263122558594,107.1451461419832,105.66673588204495,106.22507550126761,137382600
2012-06-20,106.53961944580078,107.02718714281956,105.58809868094966,106.72049694598194,206451800
2012-06-21,104.14900207519531,106.77552940163517,104.06249910339987,106.66543580110483,205272200
2012-06-22,104.95112609863281,105.14772268341278,104.29055245430163,104.69161716680686,130029200
2012-06-25,103.26825714111328,103.88163750981303,102.8986546113451,103.84231579401373,146375700
2012-06-26,103.78728485107422,104.10184664441681,102.96157664259498,103.56709759538715,141634000
2012-06-27,104.72307586669922,104.927532011767,103.77941458278791,104.13328606434162,108088000
2012-06-28,104.42424774169922,104.58153462560914,103.23680856372836,104.03105453053348,169242100
2012-06-29,107.02720642089844,107.16089068469668,106.04422330534759,106.31945137811846,212250900
2012-07-02,107.34964752197266,107.45974118351258,106.57113234369369,107.32605688016477,129524500
2012-07-03,108.05735778808594,108.13598922827366,107.21591858287863,107.32601219858476,80450000
2012-07-05,107.56981658935547,108.3640747264582,107.17662329354053,107.65631959440704,126177500
2012-07-06,106.5475082397461,106.76769549367427,106.0442213737238,106.53177715037826,151192100
2012-07-09,106.41384887695312,106.61044554248166,105.92628098691277,106.46103015679066,103780500
2012-07-10,105.48590850830078,107.12945378550783,105.12416535672043,106.95644775640093,167884800
2012-07-11,105.50161743164062,105.84762941714374,104.88823691163273,105.54093915713979,141733400
2012-07-12,104.99046325683594,105.55666252893042,104.27486062067481,104.88824116555944,143583200
2012-07-13,106.75194549560547,106.86203910306895,105.24994470861536,105.2656757951968,129642600
2012-07-16,106.50027465820312,106.81483632996223,106.08349094251056,106.50814619956014,97525200
2012-07-17,107.23165130615234,107.45183854092295,105.80829382449083,106.92496108634299,138860300
2012-07-18,108.02590942382812,108.23823713815926,106.91711358077819,106.9800139412486,113349700
2012-07-19,108.30902862548828,108.66290021381651,107.9001162119706,108.24611625433758,129847300
2012-07-20,107.31815338134766,107.86076191932654,107.20020022061497,107.69561549499652,142904500
2012-07-23,106.23291778564453,107.24736278831293,105.24993495322285,105.74536214054007,145210900
2012-07-24,105.32072448730469,106.35876029196434,104.61298152907612,106.31157902798967,173301200
2012-07-25,105.34434509277344,105.81616981232861,104.786005375431,105.54094172574798,129122300
2012-07-26,107.0822525024414,107.31031131607713,106.3666378792904,106.86206523367281,156526500
2012-07-27,109.05611419677734,109.36281656398798,107.05869703135285,107.64848712341612,236768900
2012-07-30,109.05611419677734,109.57513235762745,108.73370473259179,108.93030142994621,106782000
2012-07-31,108.29328918457031,109.20548839658927,108.29328918457031,108.90666968890444,120575900
2012-08-01,108.19892120361328,109.09540137961261,108.04950584106234,109.07181074334734,138293800
2012-08-02,107.45184326171875,108.1831888945055,106.61827555070741,107.38107136156984,199556600
2012-08-03,109.58294677734375,109.81099354769317,107.48328458480059,108.9616948179609,157825000
2012-08-06,109.79524993896484,110.227764798203,109.74806868146659,109.87389336766361,86326200
2012-08-07,110.34573364257812,110.81755823268955,110.11767489128344,110.23562803898558,109545100
2012-08-08,110.47946166992188,110.60527441090805,109.94471252332681,109.97617470805412,89754700
2012-08-09,110.57380676269531,110.7939940237818,110.21206369130707,110.32215732185031,90291700
2012-08-10,110.75465393066406,110.79397564918801,109.94467692614649,110.12554243219213,99792700
2012-08-13,110.69959259033203,110.75463338661294,110.12552200483587,110.56590837159091,79426900
2012-08-14,110.71534729003906,111.17932443292295,110.38506640820498,111.10854053021853,102379400
2012-08-15,110.84114837646484,111.02988541126403,110.52659865110242,110.59737053941353,71085900
2012-08-16,111.65901184082031,111.7926960919988,110.72321008326645,110.99843813005587,112014200
2012-08-17,111.80844116210938,111.90281571375122,111.55680368944806,111.84776289201787,90813700
2012-08-20,111.81626892089844,111.8398595497441,111.3444323453802,111.65112251967629,78255700
2012-08-21,111.47810363769531,112.52399872591421,111.23432583504676,112.0914839151017,105581100
2012-08-22,111.5252914428711,111.70615690063242,110.93550182037494,111.19499869488874,133243500
2012-08-23,110.61307525634766,111.25790563940996,110.44006934885046,111.25004609790554,111466400
2012-08-24,111.28153228759766,111.5331816888037,110.26709913733251,110.33787103168275,99481200
2012-08-27,111.30512237548828,111.7297777381237,111.1478475001545,111.58036240680026,68785900
2012-08-28,111.19506072998047,111.54107275477111,110.85692025076696,111.02205471758514,75689600
2012-08-29,111.28153228759766,111.58036295170386,110.97484207944271,111.28940383095028,65421300
2012-08-30,110.47946166992188,110.83333325260412,110.24354328169781,110.80187106787682,96589900
2012-08-31,111.0063247680664,111.52534275448978,110.37721314809617,111.10854685680596,151970400
2012-09-04,110.90408325195312,111.24223567475232,110.19634022645573,110.91194279692787,120226200
2012-09-05,110.80973052978516,111.25010507348263,110.58954325793641,110.95127434769947,100660300
2012-09-06,113.0587158203125,113.06657536037336,111.47021277928057,111.47807231934142,158272500
2012-09-07,113.4991683959961,113.54634966752516,113.14529686022206,113.24751894876633,107272100
2012-09-10,112.8543472290039,113.58569307522458,112.81503749476349,113.38909640678901,86458500
2012-09-11,113.16888427734375,113.5306153483159,112.89364420217757,112.92510638183951,88760000
2012-09-12,113.54635620117188,113.67218093202692,113.16102246266833,113.54635620117188,87640900
2012-09-13,115.2763442993164,115.63021567140949,113.23174748316724,113.53056606440335,225470200
2012-09-14,115.78752136230469,116.47167359307274,115.41004730457524,115.50442181865886,169777000
2012-09-17,115.39437103271484,115.74824259374233,115.10339983867749,115.55164594880407,119427800
2012-09-18,115.29998016357422,115.44939551246753,115.00902101002738,115.19775808220398,98326600
2012-09-19,115.36292266845703,115.73252536515773,115.1348758127075,115.43369458927843,128318300
2012-09-20,115.3707275390625,115.43362787723534,114.52142898211191,114.83597867018186,154009800
2012-09-21,115.32249450683594,115.95496417592501,115.27506139274149,115.93124761887779,108737500
2012-09-24,115.14859771728516,115.40949198218358,114.66634081490182,114.75330556986796,95682000
2012-09-25,113.9231948852539,115.61504469229772,113.89156475987463,115.39368206807578,133165200
2012-09-26,113.28280639648438,113.93109124054656,113.01401065968881,113.8994731799532,146502200
2012-09-27,114.3501205444336,114.61101482900374,113.45675636363524,113.75718227859963,111830300
2012-09-28,113.82042694091797,114.28686880035329,113.41723327547788,113.91529320023105,150696100
2012-10-01,114.1208267211914,115.1802065855316,113.85201894240925,114.2552245789041,135911200
2012-10-02,114.23942565917969,114.75330060323745,113.7097356521692,114.57146960103589,113422200
2012-10-03,114.7059097290039,114.97470558141713,113.94695531473566,114.5477952313116,121283100
2012-10-04,115.5280532836914,115.69406918186947,114.98254834868106,115.14066274901677,124311600
2012-10-05,115.53596496582031,116.34236416097716,115.18810601640534,116.14471812729651,124842100
2012-10-08,115.14067840576172,115.52015543083951,114.87978418122164,115.10906034673737,78415400
2012-10-09,114.00225067138672,115.14859546379046,113.96271904474685,115.05372921054176,148872900
2012-10-10,113.27490234375,114.09711666093573,113.12468941676275,113.9864232929599,124247500
2012-10-11,113.33815002441406,114.23151401988879,113.31443346376938,114.06548603201855,123601500
2012-10-12,112.96656799316406,113.80458525670213,112.72148883835841,113.41720674621192,124181900
2012-10-15,113.9073486328125,114.02593141211919,112.87168548235084,113.23534738112801,107689100
2012-10-16,115.0616455078125,115.14070877126002,114.36593945558758,114.4449906556748,108815500
2012-10-17,115.58345031738281,115.6783286595087,114.96679537869362,115.14072493200206,128834100
2012-10-18,115.28296661376953,115.83637301042758,114.89557610443156,115.28296661376953,148108500
2012-10-19,113.36185455322266,115.07742061679637,113.09305885220692,115.06951911853925,185645200
2012-10-22,113.3777084350586,113.58325603033106,112.48434422850319,113.17214877642589,125578600
2012-10-23,111.80442810058594,112.31040156028635,111.33798626779438,112.15228711600976,192056300
2012-10-24,111.48819732666016,112.34202978734527,111.31426782188957,112.20761984545638,120179400
2012-10-25,111.81233215332031,112.48433363603631,111.13244123374479,112.27878606011993,134457400
2012-10-26,111.74907684326172,112.13645536458644,110.99011073497994,111.7095452222359,146023500
2012-10-31,111.74907684326172,112.28666828647033,111.21937483555843,112.14436892680583,103438500
2012-11-01,112.91911315917969,113.06141248749874,111.88345005856539,111.98621777456657,100995600
2012-11-02,111.91512298583984,113.62278814311549,111.79654015409582,113.5911580124102,137702200
2012-11-05,112.14439392089844,112.39737463780388,111.41704570931593,111.74910174925391,98378500
2012-11-06,113.02195739746094,113.46468275586655,112.36577086148074,112.48435370271037,107068100
2012-11-07,110.46044158935547,112.00998009313278,109.9386530456234,111.99417709243252,264304500
2012-11-08,109.1322250366211,111.00591757697117,109.04526030214615,110.44459755202266,181517300
2012-11-09,109.22713470458984,110.23908168911582,108.7448777773267,108.80021240787318,201055300
2012-11-12,109.3141098022461,109.74102007597749,109.06903056516317,109.56709054062301,97677500
2012-11-13,108.93460845947266,110.08886687788373,108.59466299130357,108.73696237890195,123018300
2012-11-14,107.46410369873047,109.44056418370697,107.21902452873057,109.2666467593179,191505000
2012-11-15,107.28226470947266,107.90683293161771,106.87115758152268,107.50362730220958,178128400
2012-11-16,107.81198120117188,108.02544234797166,106.49170681792795,107.4404056010743,239483900
2012-11-19,109.9939956665039,110.00979866661918,107.84360544165698,109.02156830826522,151495800
2012-11-20,110.04142761230469,110.22325861854942,109.16387858097224,109.82006497947836,119807400
2012-11-21,110.24699401855469,110.34187235123305,109.9149500125824,110.13631268323059,81710800
2012-11-23,111.74907684326172,111.7885964009305,110.71340145115624,110.78456319434554,65409200
2012-11-26,111.51192474365234,111.75700396149495,110.83202172156004,111.1956837663072,100124400
2012-11-27,110.94270324707031,111.78072072766057,110.87155355079979,111.40124361752457,128646200
2012-11-28,111.8360595703125,111.89929569809537,109.8912168986173,110.4920566194264,177086500
2012-11-29,112.3578109741211,112.66613829756358,111.76487288570429,112.25504324187779,151085900
2012-11-30,112.38153839111328,112.59499950130812,111.9941598564664,112.3736368919792,136568300
2012-12-03,111.828125,112.99028465928295,111.7411602614361,112.89541842207021,124656300
2012-12-04,111.67000579833984,112.16016408741079,111.36957997556414,111.8202187097277,127512200
2012-12-05,111.86768341064453,112.38947196698882,110.97431925175442,111.76490358681198,147300500
2012-12-06,112.24716186523438,112.2945949957714,111.5988889756287,111.7649049325083,103220600
2012-12-07,112.58711242675781,112.80847506444756,112.00207570522974,112.68197868195085,108726400
2012-12-10,112.634521484375,112.90331719221967,112.38152877344606,112.42897395426256,98840700
2012-12-11,113.40140533447266,113.93109532775719,113.04564483908551,113.10097946294842,152570400
2012-12-12,113.45675659179688,114.278971077555,113.29864213326182,113.84414726906368,145880100
2012-12-13,112.76103210449219,113.70973076377643,112.47642130037111,113.38558833565227,135715000
2012-12-14,112.3420181274414,112.72149516057401,112.16808864072283,112.51594761415997,137701700
2012-12-17,113.66227722167969,113.72552539605093,112.60288538015598,112.6345154990195,143238200
2012-12-18,114.92724609375,115.03002592220315,113.67812134059983,113.84414936630415,177762800
2012-12-19,114.0733871459961,115.09324750370435,114.0338675872933,115.0537158816442,150895400
2012-12-20,114.72956848144531,114.74538354225326,113.82830302910114,114.1445439284761,168487000
2012-12-21,113.68819427490234,114.7232457943043,113.01143869796552,113.19455936596962,245883800
2012-12-24,113.33783721923828,113.50503059003285,113.21044369459419,113.4413338277108,53874600
2012-12-26,112.86016082763672,113.62451011950735,112.54168904289386,113.56877087527144,106947700
2012-12-27,112.70886993408203,113.12289292730587,111.4031163236855,112.89199058248319,167920600
2012-12-28,111.49066162109375,112.59736699105576,111.36326810323413,111.97633877763332,148806700
2012-12-31,113.38560485839844,113.505028692684,111.10052758810998,111.1960788044534,243935200
2013-01-02,116.29173278808594,116.36338710995928,115.2327965965895,115.53535326527951,192059000
2013-01-03,116.0289535522461,116.53851549304117,115.71843943440088,116.23597106341954,144761800
2013-01-04,116.53855895996094,116.72964931487569,115.98122727760894,116.2200871840225,116817700
2013-01-07,116.22010040283203,116.33156675198055,115.7901500926014,116.12456128896784,110002500
2013-01-08,115.88571166992188,116.17234118594712,115.4318765408311,116.01310526569353,121265100
2013-01-09,116.18025970458984,116.49874358703941,115.95732706133407,116.1404477006689,90745600
2013-01-10,117.10383605957031,117.11179360019747,116.22006309327718,116.82516420169924,130735400
2013-01-11,117.09587860107422,117.15956322397005,116.72962520037963,117.07198168134202,113917300
2013-01-14,117.01624298095703,117.09586697504676,116.58629285113783,116.95254621546842,89567200
2013-01-15,117.09587860107422,117.20734491451744,116.40318380068271,116.47483811312829,93172600
2013-01-16,117.07994079589844,117.26306140524726,116.72961465702878,116.8570081891479,104849500
2013-01-17,117.83633422851562,118.17073317859132,117.1595666385822,117.59747436448515,133833500
2013-01-18,118.09907531738281,118.22646886089557,117.38249574681127,117.8124459189376,169906000
2013-01-22,118.73600769042969,118.73600769042969,117.82038044283514,118.09905224621492,111797300
2013-01-23,118.9271240234375,119.03063280918637,118.52107071990646,118.7360458330316,104596100
2013-01-24,118.95899200439453,119.54020848111686,118.64050806933305,118.7519744093746,146426400
2013-01-25,119.62775421142578,119.62775421142578,118.92710191308336,119.3331672900392,147211600
2013-01-28,119.48444366455078,119.69144904529962,119.03856629622733,119.6595945873899,113357700
2013-01-29,119.95420837402344,120.10548669536965,119.16597445439093,119.2455984600208,105694400
2013-01-30,119.48444366455078,120.17712626263611,119.37296521078287,119.93826642397755,137447700
2013-01-31,119.18987274169922,119.73128931375703,119.11026087595941,119.34115108019947,108975800
2013-02-01,120.41600036621094,120.55930899703328,119.73923276799205,119.94623817326351,131173000
2013-02-04,119.06246185302734,120.43988178289779,118.9748803092143,119.68350234937625,159073600
2013-02-05,120.26469421386719,120.60705062977084,119.6595810710947,119.70736275256202,113912400
2013-02-06,120.35225677490234,120.4318686003067,119.75511341426214,119.84269492644587,138762800
2013-02-07,120.19308471679688,120.5035989430473,119.31726913049098,120.39213260923738,162490000
2013-02-08,120.86184692382812,120.93350122814414,120.4000544922656,120.4000544922656,103133700
2013-02-11,120.83800506591797,120.94150171482141,120.53544836392344,120.81412028933102,73775000
2013-02-12,121.03702545166016,121.2599580817333,120.71058404729693,120.84593513349012,65392700
2013-02-13,121.14049530029297,121.50674862526677,120.79813889011079,121.28381604447036,82322600
2013-02-14,121.251953125,121.39527385917089,120.63889464507025,120.77424569189553,80834300
2013-02-15,121.1086654663086,121.49083390861041,120.66280025880387,121.36344037820456,215226500
2013-02-19,122.01632690429688,122.04021167337626,121.14848123063587,121.31567461419164,95105400
2013-02-20,120.4955825805664,121.96854127367368,120.43188582178676,121.92872928082208,160574800
2013-02-21,119.76309967041016,120.55929100885105,119.38093122965492,120.19304979656103,183257000
2013-02-22,120.93356323242188,120.93356323242188,119.81889965295098,120.34437696960335,106356600
2013-02-25,118.63256072998047,121.70586111135827,118.63256072998047,121.52274042602328,245824800
2013-02-26,119.44459533691406,119.58790390717148,118.41750198775303,119.20573557090597,186596200
2013-02-27,120.94942474365234,121.28382363577741,119.23760613885318,119.34111489674257,150781900
2013-02-28,120.71055603027344,121.71375263275976,120.5513202098824,120.94144614750326,126866000
2013-03-01,121.1086654663086,121.29178607319467,119.75514261526473,120.29654689611598,170634800
2013-03-04,121.75357055664062,121.75357055664061,120.63890761068531,120.82998574489768,99010200
2013-03-05,122.84436798095703,123.17080937659763,122.32684842116923,122.34277565115377,121431900
2013-03-06,123.01154327392578,123.34594212786872,122.7408411753406,123.28224537251096,94469900
2013-03-07,123.23448944091797,123.39372527242557,123.0274840748496,123.17079267853188,86101400
2013-03-08,123.75999450683594,123.92718789926236,123.13896617998996,123.77592173670594,123477800
2013-03-11,124.22977447509766,124.23773201749292,123.51320689409442,123.66448524204215,83746800
2013-03-12,123.9510498046875,124.28546082568597,123.57685108864545,124.14214008112741,105755800
2013-03-13,124.1261978149414,124.30136084322643,123.59275119204176,124.01473153775213,92550900
2013-03-14,124.78707885742188,124.8428180887498,124.13420820521362,124.4526799162054,126329900
2013-03-15,124.62232971191406,124.79026672047422,124.20646535246621,124.63832778037958,138601100
2013-03-18,123.93455505371094,124.4703744013328,123.31875756939012,123.43071963899841,126704300
2013-03-19,123.64665222167969,124.3664066481782,122.83092158948435,124.19846964337212,167567300
2013-03-20,124.51038360595703,124.71830971087034,124.16649220607665,124.3744305139423,113759300
2013-03-21,123.44674682617188,124.4704037620418,123.23882070583848,123.76663504252376,128605000
2013-03-22,124.43836975097656,124.43836975097658,123.74259424579482,123.83857043444478,111163600
2013-03-25,123.91853332519531,124.97418595389682,123.4387012054703,124.76624771936275,151322300
2013-03-26,124.91020965576172,124.94219358352653,124.29441227049047,124.43036531865064,86856600
2013-03-27,124.91020965576172,124.95019871767904,123.95852611569208,124.1664521535344,99950600
2013-03-28,125.29412841796875,125.43808665843534,124.55837575267651,124.83028195883712,102932800
2013-04-01,124.79830932617188,125.48608004127883,124.49440694883606,125.2301596807951,99194100
2013-04-02,125.41409301757812,125.72598829525813,125.0542035254486,125.24614377438748,101504300
2013-04-03,124.1424331665039,125.58195365031916,123.81455221978554,125.48598968571336,154167400
2013-04-04,124.64635467529297,124.89426989077889,124.0305570025687,124.3024632258143,131885000
2013-04-05,124.08656311035156,124.23851431800956,122.97493483685288,123.1188809053988,159666000
2013-04-08,124.92620086669922,124.93419379746477,123.75858621869915,124.17445047451464,86571200
2013-04-09,125.35809326171875,125.81394673099643,124.74229570255397,125.1581600986219,101922200
2013-04-10,126.89356231689453,127.05350638639618,125.66197955848659,125.6939634912068,135711100
2013-04-11,127.30946350097656,127.72532796438458,126.78962987097808,126.91759004478882,110142500
2013-04-12,126.99758911132812,127.18951720068686,126.29382024246381,126.90161286369292,116359900
2013-04-15,124.05451965332031,126.46172264055816,124.03853378710407,126.35775349539601,217259000
2013-04-16,125.88594055175781,125.94992063887985,124.68634137486578,124.99023153500313,147507800
2013-04-17,124.0465087890625,125.01419048512288,123.38272934849952,124.9901872833656,226834800
2013-04-18,123.2707290649414,124.28639244369943,122.79888996408886,124.25439631991017,167583200
2013-04-19,124.34241485595703,124.398401992503,123.25477808760371,123.55868036496653,149687600
2013-04-22,124.89425659179688,125.19015379129443,123.75863760126401,124.58236132117837,106553500
2013-04-23,126.18183135986328,126.30178639027037,124.89426115402985,125.51805171805317,166141300
2013-04-24,126.26176452636719,126.59765069477871,125.98984621607786,126.22177546282916,96781200
2013-04-25,126.77362060546875,127.37342008119093,126.4377343634185,126.6296623857606,131060600
2013-04-26,126.5497055053711,126.83760976245046,126.14183402278638,126.62167851890281,95918800
2013-04-29,127.39740753173828,127.67730662416655,126.69363892823638,126.89357208123567,88572800
2013-04-30,127.70130157470703,127.7332977138289,126.84559399894695,127.37342046789333,116010700
2013-05-01,126.5816879272461,127.485389762826,126.43774190190716,127.42140968391348,138874200
2013-05-02,127.7573013305664,127.8692634226441,126.78162644119533,126.90158146736685,96407600
2013-05-03,129.0528106689453,129.46068199393804,127.78123910938058,128.8688756377816,144202300
2013-05-06,129.3807830810547,129.56471822482297,129.09287875896055,129.14886591742993,66882100
2013-05-07,130.03651428222656,130.07649114637366,129.29275668366077,129.66063901682395,90359200
2013-05-08,130.6283416748047,130.66833075204386,129.82061600756688,129.89258902482555,97419200
2013-05-09,130.26043701171875,130.91621133383927,129.93254374918357,130.57233220699737,106738600
2013-05-10,130.68434143066406,130.7963035359629,129.96457457978215,130.34845511476755,103203000
2013-05-13,130.788330078125,131.00426140598887,130.21253354208332,130.51642378553032,81843200
2013-05-14,132.1398162841797,132.23579249578648,130.89223535985246,130.89223535985246,119000900
2013-05-15,132.85159301757812,133.11550627451874,131.88392327841527,131.92391235424614,120718500
2013-05-16,132.22779846191406,133.04352921283066,132.02786529179397,132.5796827937978,109913600
2013-05-17,133.5074005126953,133.58736647387468,132.53971841967498,132.71566061840596,129801000
2013-05-20,133.49932861328125,134.01916201428085,133.2434205813471,133.3793736300228,85071200
2013-05-21,133.69129943847656,134.19513488956432,133.15548005217033,133.61932643202152,95804200
2013-05-22,132.6996612548828,135.21083403000128,132.09186870341952,133.82728746225362,244031800
2013-05-23,132.3157501220703,132.68363247038832,131.1081583448719,131.28410048498696,211064400
2013-05-24,132.20376586914062,132.25975299657892,131.14012027434856,131.53199355757147,151573900
2013-05-28,132.99559020996094,134.17919154297485,132.60371667674642,133.58738477498977,143679800
2013-05-29,132.1318359375,132.59568236177157,131.4280672657842,132.29178003481204,160363400
2013-05-30,132.61965942382812,133.22745181089718,132.13182204639403,132.2357911900451,107793800
2013-05-31,130.71629333496094,133.00352909942086,130.46038524398182,132.25177848968943,176850100
2013-06-03,131.43609619140625,131.52406729129277,130.0845457490383,131.02023170076504,168390700
2013-06-04,130.8042755126953,132.03587067660268,130.140495922295,131.50804417778522,157631500
2013-06-05,128.9728546142578,130.6922744870591,128.86089256025608,130.42836131628033,211737800
2013-06-06,130.14048767089844,130.14849280710018,128.15715416215764,128.91689772128058,200225500
2013-06-07,131.79595947265625,131.91591450382205,130.468400180639,131.03621580171497,188337800
2013-06-10,131.79595947265625,132.27579180027283,131.4520680450587,132.20381878157335,105667100
2013-06-11,130.4364013671875,131.58800614392953,130.14849712226402,130.59634545815567,159505400
2013-06-12,129.35675048828125,131.46804410395956,129.23679547720062,131.33209102375108,177361500
2013-06-13,131.32411193847656,131.55602905200467,128.99688685450147,129.28479111440512,163587800
2013-06-14,130.50038146972656,131.69198763455978,130.28446241801524,131.18015917372966,141197500
2013-06-17,131.50804138183594,132.13183188428442,130.53236655432377,131.38807416031767,136295600
2013-06-18,132.5476837158203,132.74761686310333,131.57200898084304,131.58000191367205,114695600
2013-06-19,130.71629333496094,132.66764286585067,130.6603183975082,132.43572577705862,206149500
2013-06-20,127.47734069824219,130.73225744968641,127.14145455190992,129.44468778727196,321255900
2013-06-21,127.88662719726562,128.4413523467679,126.60027920800205,128.3448805412064,271956800
2013-06-24,126.2706527709961,127.37208012633403,125.20137859549357,126.55204523153185,222329000
2013-06-25,127.4846420288086,128.7147065912978,126.56007559935688,127.4122759087914,162262200
2013-06-26,128.746826171875,129.03625377384424,128.0312985263844,128.52975240351805,134848000
2013-06-27,129.5026092529297,130.09754742735782,129.39808993738177,129.51869197859673,129483700
2013-06-28,128.97195434570312,129.7598359419742,128.52173629069108,129.1407922500936,160402900
2013-07-01,129.72767639160156,130.6281124573743,129.50256737515838,129.64727505679127,131954800
2013-07-02,129.6071014404297,130.4834196592201,129.03628134021778,129.5347353238375,154863700
2013-07-03,129.6633758544922,130.0573228219512,128.81117556378615,129.02020188890478,75216400
2013-07-05,131.06222534179688,131.11046122290526,129.67940616827266,130.62004265244005,122416900
2013-07-08,131.80990600585938,132.1636521572693,131.1104611949013,131.7375521842123,108092500
2013-07-09,132.75863647460938,132.91942689041878,132.0672266458588,132.63803446211054,119298000
2013-07-10,132.80686950683594,133.2570875683962,132.35665144527567,132.62999637300553,121410100
2013-07-11,134.61575317382812,134.75242560106815,132.7987864254773,134.35044354417906,135592200
2013-07-12,134.67205810546875,135.00972164595728,134.36656000742022,134.5755863131926,104212700
2013-07-15,135.18663024902344,135.37958615172826,134.80876594009638,135.04192252263869,69450600
2013-07-16,134.68014526367188,135.35547254353548,134.3183636685682,135.2750711812789,88702100
2013-07-17,135.02584838867188,135.4519486335059,134.84897520015292,135.19468634772213,92873900
2013-07-18,135.7654266357422,136.0870196670336,135.22677210928885,135.31520865945402,103620100
2013-07-19,136.00665283203125,136.05488873207707,135.315242973821,135.48408089150428,103831700
2013-07-22,136.2719268798828,136.46488269708178,135.87798002008816,136.19957304875308,79428600
2013-07-23,135.9824981689453,136.53723540474806,135.91014433841093,136.5131174612366,80829700
2013-07-24,135.4840545654297,136.56136368219617,135.21069740574822,136.50508029806394,112914000
2013-07-25,135.8136749267578,135.934276924826,135.01775817010392,135.24286717880614,111088600
2013-07-26,135.9583740234375,135.99857468329597,134.68007400556382,135.24284644102528,107814600
2013-07-29,135.5403289794922,135.91819315565118,135.15442957719904,135.612682817262,79695000
2013-07-30,135.5403289794922,136.09506627076905,135.2187481888347,135.95035859522943,85209600
2013-07-31,135.63681030273438,136.55332903194778,135.45993719117385,135.82171864026745,142388700
2013-08-01,137.20449829101562,137.32508798322377,136.59347780378238,136.66584388662426,110438400
2013-08-02,137.43768310546875,137.45376582502607,136.71412020315805,136.89902854174488,91116700
2013-08-05,137.23667907714844,137.44571760907542,136.9552989828521,137.13217207870443,54072700
2013-08-06,136.45689392089844,137.26890593360244,136.151395746612,136.9714307206453,87495000
2013-08-07,136.01470947265625,136.21570059950497,135.50822017491436,136.02275696894608,84854700
2013-08-08,136.5131378173828,136.8186359032555,135.8136805486922,136.65784550002965,102181300
2013-08-09,136.11917114257812,136.7543097042753,135.64483522828556,136.33624490255866,91757700
2013-08-12,135.9583740234375,136.11916439535233,135.37148364556475,135.43580224783452,68593300
2013-08-13,136.36032104492188,136.59346518415683,135.39556679383767,136.19953071432715,80806000
2013-08-14,135.66098022460938,136.51318066998832,135.62881477335435,136.29610681035538,79829200
2013-08-15,133.76356506347656,134.60771764394772,133.53040857994992,134.59164719285755,152931800
2013-08-16,133.3213653564453,133.96453907635117,133.0560557369522,133.5062736606308,130868200
2013-08-19,132.46925354003906,133.62696455273948,132.46120604264226,133.1686988320762,96437600
2013-08-20,133.12039184570312,133.61884571712315,132.5415366483999,132.68624431396572,89294400
2013-08-21,132.30039978027344,133.48222860904008,132.00293683273526,132.75061794979882,159530500
2013-08-22,133.5063018798828,133.69925771689518,132.56566517604927,132.5737004022711,101471400
2013-08-23,133.95654296875,134.12538088865324,133.27318059657745,133.90027184046428,90888900
2013-08-26,133.45803833007812,134.50319409580533,133.36960178988156,134.0931645605674,89702100
2013-08-27,131.31149291992188,133.4580761668891,131.21502112781786,132.13957518220624,158619400
2013-08-28,131.7777862548828,132.24408700293066,131.08637649295275,131.25520211960384,108113000
2013-08-29,131.98683166503906,132.68627675465564,131.36777565344016,131.48837767175118,119200500
2013-08-30,131.56874084472656,132.27623329011027,131.18284145066298,132.2601505706641,134928900
2013-09-03,132.16368103027344,133.12040043945402,131.60894374141944,132.83900804821712,142375100
2013-09-04,133.25704956054688,133.482158527121,131.9546316442941,132.19581106025305,97389400
2013-09-05,133.42588806152344,133.77962196247225,133.2409674850399,133.33745151940656,63090500
2013-09-06,133.49020385742188,134.24593213135378,132.23602172941554,133.86806799438784,159756500
2013-09-09,134.76853942871094,134.84892849813477,133.8198551763451,133.8198551763451,87559300
2013-09-10,135.7654266357422,135.78954457964906,135.27500799710262,135.5805183099495,105847200
2013-09-11,136.19155883789062,136.19155883789062,135.34740606671312,135.5805503353905,94545900
2013-09-12,135.82977294921875,136.32019168789634,135.64486458570755,136.14331855148657,83209000
2013-09-13,136.13528442382812,136.2398037146023,135.66094840304493,135.97449400784495,72727800
2013-09-16,136.9231414794922,137.67083456755304,136.70606770972998,137.60651595919683,106299200
2013-09-17,137.53419494628906,137.5663481243801,137.0437761746195,137.0437761746195,82523300
2013-09-18,139.1260223388672,139.50388653521327,137.1402295682898,137.48592832333924,203460600
2013-09-19,138.89288330078125,139.56822271024342,138.75621082687854,139.50390408707926,146616900
2013-09-20,137.92173767089844,139.22242933117923,137.80863458423542,139.22242933117923,132867100
2013-09-23,137.2835693359375,137.86524615441974,136.84731788573472,137.73599422711533,104616500
2013-09-24,136.96041870117188,137.76830178786662,136.70190252363471,137.2593314985073,106333100
2013-09-25,136.56459045410156,137.3240027442997,136.44341288750445,137.04932537513218,117306500
2013-09-26,137.08966064453125,137.47744101139097,136.57261604627976,136.7907478958389,77146900
2013-09-27,136.4595489501953,136.64535862730145,136.10407838368351,136.40299121128714,99141800
2013-09-30,135.73248291015625,136.1606601174973,135.03770270681235,135.30430570281524,143937000
2013-10-01,136.80691528320312,136.93617953217313,135.70011942877605,135.8374580705627,127160000
2013-10-02,136.6776580810547,136.80692233668927,135.58702328334726,136.00712595050075,113350000
2013-10-03,135.41732788085938,136.4837392269753,134.78718020445078,136.36254939547226,176698000
2013-10-04,136.44337463378906,136.5807132798681,135.34465313783912,135.5223884038985,96878000
2013-10-07,135.26382446289062,136.08786845080814,135.11841146183633,135.25575007193686,96295000
2013-10-08,133.68849182128906,135.41736116070837,133.5915497941142,135.23962589267592,178015000
2013-10-09,133.78546142578125,134.27018394422615,132.9210204938764,133.94703559859622,168973000
2013-10-10,136.6695556640625,136.74226217020444,135.10226078598726,135.15073179008186,195955000
2013-10-11,137.55018615722656,137.59866950310436,136.34644810528798,136.45955125769802,105040000
2013-10-14,138.0995330810547,138.21263621704364,136.59687008730592,136.7018988304804,112106000
2013-10-15,137.09776306152344,138.269191120598,136.91195339548716,137.75214641665318,155485000
2013-10-16,139.01246643066406,139.08517295921283,137.8571870586729,137.92181919315595,161676000
2013-10-17,139.9414825439453,140.02227576811572,138.42265868621178,138.44689418799985,129389000
2013-10-18,140.88674926757812,140.98369130581253,140.1758081143413,140.4585721622839,138316000
2013-10-21,140.8948211669922,141.17758520992822,140.57974722098982,140.93521779131433,104104000
2013-10-22,141.7108154296875,142.1309058783706,140.91908090427165,141.30687377165452,126663000
2013-10-23,141.0321502685547,141.29066643492345,140.5393411138685,141.226034311502,105484000
2013-10-24,141.500732421875,141.6784677056204,140.9836876857026,141.3149227442571,70350000
2013-10-25,142.14703369140625,142.18743031320886,141.51688583870362,141.79156314325232,93625000
2013-10-28,142.3732452392578,142.56714163468104,141.94506815243543,142.09856792456395,84979000
2013-10-29,143.13258361816406,143.18914132709438,142.49436167735124,142.6963323624241,87401000
2013-10-30,142.42173767089844,143.40735625635688,141.91277958827814,143.30233981278283,140002000
2013-10-31,142.0177459716797,142.906422195258,141.80770083125034,142.30858434236748,133795000
2013-11-01,142.3570556640625,142.680203903195,141.55724713033413,142.20355593591427,142805000
2013-11-04,142.85794067382812,142.91448606899442,142.1712352491206,142.74483755618027,85677000
2013-11-05,142.40557861328125,142.79335910715614,141.84006282485547,142.30054984995945,85825000
2013-11-06,143.13258361816406,143.39918640173775,142.6236135470405,143.01948052761577,87348000
2013-11-07,141.32301330566406,143.5123823728207,141.18567463020705,143.39927920907255,157000000
2013-11-08,143.22962951660156,143.2457906347799,141.25840455509186,141.2745533459489,136713000
2013-11-11,143.2538604736328,143.42350904888588,142.92262539028374,143.0922739655368,62614000
2013-11-12,142.9630126953125,143.28616103579378,142.48635225122194,142.94685158009273,83990000
2013-11-13,144.1101531982422,144.15053748070423,142.26009448537928,142.26009448537928,103844000
2013-11-14,144.82920837402344,144.95038590942278,144.00516415135402,144.23944482889874,103435000
2013-11-15,145.4593505859375,145.5158959911639,144.87767378388574,145.06348344008305,102818000
2013-11-18,144.95033264160156,145.82284755779006,144.62718444774512,145.70167006692225,104796000
2013-11-19,144.63531494140625,145.31393380812597,144.38487314492528,144.8776823444685,93891000
2013-11-20,144.1829071044922,145.36240960295723,143.78703992223,144.92615812495532,124909000
2013-11-21,145.34625244140625,145.45935558306203,144.49797271532907,144.58684035000988,92841000
2013-11-22,146.07330322265625,146.0894643320882,145.2331104419137,145.40275894534813,81296000
2013-11-25,145.92794799804688,146.3641995069211,145.71789047420566,146.33188960257908,79486000
2013-11-26,145.96827697753906,146.40454064839741,145.7501574694247,146.00059919695107,86994000
2013-11-27,146.32376098632812,146.42071532623362,145.94405500059779,146.12179024188924,58800000
2013-11-29,146.2268524169922,146.8327647888858,146.06527824995098,146.48538094611314,55870900
2013-12-02,145.8470916748047,146.5741813176058,145.62088546027482,146.2995041038644,99726000
2013-12-03,145.2169952392578,145.73403995869984,144.74842153611996,145.37049500910004,116563000
2013-12-04,145.20089721679688,145.80680983851465,144.0860263754164,144.69193899713417,123033000
2013-12-05,144.5626220703125,145.20893109707262,144.42528340531535,144.94232816125958,106934000
2013-12-06,146.1783447265625,146.3156833504581,145.54011028498888,145.9602128757562,127728000
2013-12-09,146.55001831054688,146.76815024221418,146.35613421779394,146.60657605581332,70124000
2013-12-10,146.02487182617188,146.5176810153308,145.93600419116558,146.21068148943306,80976000
2013-12-11,144.38487243652344,146.10566742977252,144.2071371636377,146.08143192231702,130591000
2013-12-12,143.90823364257812,144.49798490759318,143.6093084858015,144.32024962323484,115565000
2013-12-13,143.89202880859375,144.33636688448587,143.6173515716114,144.20710265744177,107808000
2013-12-16,144.788818359375,145.2654664567843,144.53028983563664,144.57068645838558,96195000
2013-12-17,144.3282928466797,144.94229181542872,144.00514457799218,144.91805631164297,89886000
2013-12-18,146.7923583984375,146.81659390551522,143.25383876459165,144.54644434223633,234906000
2013-12-19,146.6226806640625,146.79232917983856,145.99253295083477,146.37222659524824,136531200
2013-12-20,147.47557067871094,147.82485282455733,146.67143223002162,146.76890055247065,197087000
2013-12-23,148.26348876953125,148.35283887289273,147.88985189674239,148.19850574942802,85598000
2013-12-24,148.58836364746094,148.65334665539385,148.26346100203784,148.27157923018893,45368800
2013-12-26,149.34381103515625,149.42504291036684,148.90519113405344,148.92142759370037,63365000
2013-12-27,149.33567810058594,149.603715995051,149.18134498942905,149.53874537437284,61814000
2013-12-30,149.31130981445312,149.47376115332324,149.11636077126337,149.35191335348864,56857000
2013-12-31,150.01805114746094,150.01805114746094,149.40071841485528,149.51444803970247,86119900
2014-01-02,148.58029174804688,149.51440883482726,148.2228912900958,149.44129518170433,119636900
2014-01-03,148.5558624267578,149.13257881398144,148.34467696927993,148.8320308852074,81390600
2014-01-06,148.1254119873047,149.1001325496372,147.89797760256857,149.04328015057538,108028200
2014-01-07,149.03514099121094,149.2869424460167,148.60463933088295,148.71835651673857,86144200
2014-01-08,149.06759643554688,149.31939781896364,148.55586304715783,149.01073166161913,96582300
2014-01-09,149.1651153564453,149.56313172627782,148.48281220322767,149.54688287189327,90683400
2014-01-10,149.57125854492188,149.636241571947,148.65339033027868,149.4169254050178,102026400
2014-01-13,147.5812225341797,149.60376531556216,147.29692329945476,149.18951240239576,149892000
2014-01-14,149.18948364257812,149.27071552091067,147.79237961612046,148.06854817166,105016100
2014-01-15,149.99363708496094,150.22107147493819,149.2219838050921,149.53876830500644,98525800
2014-01-16,149.79867553710938,149.99362459553348,149.3194397120076,149.6849583515896,72290600
2014-01-17,149.1651153564453,149.82305142520838,148.90519565751475,149.5387646418232,107848700
2014-01-21,149.60374450683594,150.08299278393366,148.68588868247738,150.02612798719937,88621200
2014-01-22,149.701171875,149.92048796468725,149.3843874762254,149.85550496054879,61270900
2014-01-23,148.47463989257812,148.9701244611148,147.686750392683,148.9457573835016,132496900
2014-01-24,145.30686950683594,147.55685916933882,145.2581353269094,147.50812498941232,208677100
2014-01-27,144.5919952392578,145.8185293192535,143.86907634997013,145.44488013867925,180843100
2014-01-28,145.45303344726562,145.6398518695707,144.68136788813914,144.69761674050045,110463200
2014-01-29,144.05596923828125,145.0306899459936,143.67420166533827,144.24278771198328,216597300
2014-01-30,145.5830078125,146.05412544411598,144.79510568306833,145.25810508446915,118938100
2014-01-31,144.7301025390625,145.6317217373915,143.70664793321995,143.7797491777281,194677900
2014-02-03,141.47291564941406,144.8844435832325,141.19674711443565,144.55954088258068,254837100
2014-02-04,142.46385192871094,142.8293704806571,141.42414865487967,142.10645160441132,165012400
2014-02-05,142.28517150878906,142.60195595032872,141.0992656073298,141.9683870672494,164230500
2014-02-06,144.1614990234375,144.1614990234375,142.32577554060418,142.6181928771321,132877600
2014-02-07,145.94850158691406,146.10283469439105,144.36457936799155,144.83569691925305,170787200
2014-02-10,146.21652221679688,146.26526876262164,145.56671700334613,145.9647208374487,92218800
2014-02-11,147.81674194335938,148.19039121972116,146.24093775068218,146.33841848039276,117814100
2014-02-12,147.88983154296875,148.50715155762336,147.59741418987088,148.03603402239665,94717700
2014-02-13,148.65335083007812,148.8076839289728,146.88261029258356,146.89072852096263,100542200
2014-02-14,149.47373962402344,149.74990809974926,148.37717155466854,148.51525579253143,96498400
2014-02-18,149.65248107910156,149.85554837802846,149.1732328340084,149.60373451619387,80460900
2014-02-19,148.6615447998047,150.22921874765805,148.5396969567467,149.26261620626795,126524300
2014-02-20,149.53880310058594,149.879954764933,148.320398987526,148.86461800404973,104998100
2014-02-21,149.36819458007812,150.18046384472464,149.29509332087883,149.82306338520092,118116400
2014-02-24,150.19679260253906,151.20399909420038,149.6200756643685,149.68505872741954,114063900
2014-02-25,150.1398162841797,150.74901810437066,149.64433164132132,150.31851647630845,117085000
2014-02-26,150.14791870117188,150.75712040692034,149.7255353814656,150.3591041639048,98677200
2014-02-27,150.93582153320312,150.97642506512102,149.75802164581225,149.9286035779813,93880800
2014-02-28,151.31761169433594,152.01616364615327,150.31040589932724,150.91147712686637,150842000
2014-03-03,150.25347900390625,150.63524633106493,149.25439185128843,149.98542881286474,167748500
2014-03-04,152.36541748046875,152.6903201163178,151.6912327365529,151.7237180424414,167545900
2014-03-05,152.5034942626953,152.76342627405623,152.25981110060457,152.49537603518047,88376900
2014-03-06,152.85284423828125,153.2021265127117,152.5279414476805,152.87722372211095,82516500
2014-03-07,152.91775512695312,153.48635333360397,152.2435703800098,153.48635333360397,114513500
2014-03-10,152.8365478515625,152.89340024021618,151.9592957877914,152.68221474855062,74939200
2014-03-11,152.0811309814453,153.2832981010413,151.7318612386755,153.06398198683578,99009100
2014-03-12,152.121826171875,152.1786909843215,151.0008903310598,151.34205441724157,104824400
2014-03-13,150.41603088378906,152.69851814721238,149.9936597495778,152.57667030929846,155014300
2014-03-14,149.99363708496094,150.9196234996525,149.8149368650867,150.14797021978364,153919600
2014-03-17,151.35008239746094,151.70748273614768,150.68401587640997,150.7489988829204,98359500
2014-03-18,152.43043518066406,152.63350247284944,151.49631820006488,151.65878194920833,101804600
2014-03-19,151.61814880371094,152.6578522301574,150.65154661953594,152.4466543379388,176267300
2014-03-20,152.5034942626953,152.6172114191056,151.01704060760625,151.28509084648203,117241000
2014-03-21,151.91201782226562,154.2127321612391,151.77332413110648,153.14396537429047,163128000
2014-03-24,151.28379821777344,152.62181070199017,150.6229584828259,152.43415532250484,121411000
2014-03-25,152.00184631347656,152.51583862000263,151.1533631310532,152.0507955904883,103852000
2014-03-26,150.90855407714844,152.8421245693599,150.86775887689748,152.5973658168015,119843000
2014-03-27,150.59034729003906,151.21039190802372,150.03556004325674,150.72904098949832,142383000
2014-03-28,151.33277893066406,152.0915172553353,150.93300594680622,151.02275039424595,101642000
2014-03-31,152.5728302001953,152.8094347977071,151.35721588167323,152.2954428676815,99745000
2014-04-01,153.58450317382812,153.67424760458331,152.5646857556752,153.07051121141726,89193000
2014-04-02,154.09852600097656,154.30248952545946,153.49478948688682,153.7803434007411,78774000
2014-04-03,153.89456176757812,154.37591269539345,153.42136489908412,154.33511750089568,77435000
2014-04-04,152.07521057128906,154.76753179132442,151.8304642822421,154.73490310243366,169381000
2014-04-07,150.39454650878906,151.96098493589497,150.0845304063785,151.7080721488182,140803000
2014-04-08,151.01458740234375,151.25933365457013,149.78263983772916,150.3292605492759,112660000
2014-04-09,152.63815307617188,152.68710233434754,150.98197011351283,151.42253833498717,100254000
2014-04-10,149.43182373046875,152.70339383488462,149.24416834458842,152.62996996159802,172959000
2014-04-11,148.08567810058594,149.64396247080236,147.92250976498568,148.5996701842255,167251000
2014-04-14,149.25234985351562,149.60316113821924,148.0285687132919,149.24418334525566,132382000
2014-04-15,150.28033447265625,150.38639949760645,148.08568478034175,149.5623912738414,157093000
2014-04-16,151.8549346923828,151.86308875214235,150.64746160487945,151.31646797354588,105197000
2014-04-17,152.0670166015625,152.49126413947837,151.3898563320436,151.6509355704359,105255000
2014-04-21,152.59730529785156,152.64626698810324,151.9201575278162,152.10780043581605,68329000
2014-04-22,153.29078674316406,153.706867745035,152.67074226899402,152.75232018854823,85790000
2014-04-23,152.9318389892578,153.31529138818834,152.80946586149057,153.23371345265846,73869000
2014-04-24,153.24185180664062,153.69872803540886,152.50757576845433,153.68240747039755,88170000
2014-04-25,151.9854278564453,152.833922941372,151.64277068908993,152.7441785083306,100380000
2014-04-28,152.46681213378906,153.127651936701,150.9003738179009,152.60550583140494,135121000
2014-04-29,153.17657470703125,153.41316686819164,152.62995407012565,152.95629066116265,84098000
2014-04-30,153.63345336914062,153.7884676094904,152.71153443376144,152.92366442537403,101508000
2014-05-01,153.64981079101562,154.06589191838742,153.1602933302696,153.56006633817708,93019000
2014-05-02,153.42947387695312,154.3105975336374,153.2010357936211,153.63343734056684,98122000
2014-05-05,153.7232208251953,153.8292858368881,152.2546810242168,152.67892862204283,75883000
2014-05-06,152.3852081298828,153.48661600227456,152.3525794476311,153.38055099930446,85454000
2014-05-07,153.28262329101562,153.3560471487969,151.75696814644664,152.89917099068015,106500000
2014-05-08,153.1194610595703,154.2371894195556,152.62995616629215,153.1439481307302,93618000
2014-05-09,153.34793090820312,153.41318827636255,152.42601185890635,153.143967398107,83679000
2014-05-12,154.84095764160156,154.91439397819346,153.3805841530005,154.0332699796111,86940000
2014-05-13,154.97962951660156,155.3549153808319,154.82461526657184,155.04488688077245,66454000
2014-05-14,154.24539184570312,154.91439825993027,154.02510772773235,154.84096192130866,72367000
2014-05-15,152.8910369873047,153.96797025946967,152.14045278955828,153.93532912755566,154956000
2014-05-16,153.4213409423828,153.48661075359828,152.3362536726949,152.98077282891433,97458000
2014-05-19,153.9842987060547,154.1066718346343,152.9889557637906,153.1276494591625,63839000
2014-05-20,153.01344299316406,153.9271956256772,152.62183650050784,153.9108750575406,111644000
2014-05-21,154.302490234375,154.37591411577924,153.42952037008365,153.4539949972184,89093000
2014-05-22,154.6777801513672,154.99596276129614,154.08221012743783,154.34327697327765,61549000
2014-05-23,155.29783630371094,155.40388887374235,154.67777920685396,154.81647291300726,61092800
2014-05-27,156.2523651123047,156.3013143615847,155.78732234625605,155.87706678625082,72010000
2014-05-28,156.1381378173828,156.49711555843962,155.8770585697256,156.2523568759969,66723000
2014-05-29,156.94577026367188,156.97024487844146,156.09728790413484,156.49706069360346,64377000
2014-05-30,157.19876098632812,157.296671942972,156.66846080436812,156.79900044726293,76316000
2014-06-02,157.3782501220703,157.4516864519011,156.61951178836495,157.4190453166551,64656000
2014-06-03,157.29666137695312,157.37823931157342,156.84793916523503,156.9947869169184,65047000
2014-06-04,157.61483764648438,157.70458208523624,156.86425345371615,157.02742176537112,55529000
2014-06-05,158.64279174804688,158.8059600417377,157.21504739260223,157.7943091514889,92103000
2014-06-06,159.40159606933594,159.4423788197918,158.91207857439525,158.98550246395223,78696000
2014-06-09,159.56472778320312,159.94818016144808,159.2302246534245,159.37708484776758,65119000
2014-06-10,159.58111572265625,159.6137444190946,159.02632829160902,159.36898562448403,57129000
2014-06-11,159.02626037597656,159.18942868638254,158.66728262371697,159.00993981025275,68772000
2014-06-12,157.90040588378906,158.9283900747133,157.54959457662665,158.838645620727,106350000
2014-06-13,158.38174438476562,158.53675863990588,157.70458405643643,158.2104095635726,82017000
2014-06-16,158.51226806640625,158.84677119390793,157.99828851206456,158.18593144622284,87424000
2014-06-17,158.95285034179688,159.06706941391917,158.12067570265137,158.2920105353074,84834000
2014-06-18,160.1195068359375,160.20925127685325,158.6020178479631,158.95284155297722,105267000
2014-06-19,160.2990264892578,160.39693745656223,159.74425161996928,160.2582312902932,85929000
2014-06-20,160.62448120117188,160.75564637875877,160.42773343479152,160.6982569228396,100587000
2014-06-23,160.57528686523438,160.71464516656425,160.28017148930078,160.66546135534182,70611000
2014-06-24,159.60797119140625,161.08354818027377,159.42762219784467,160.28837648373406,96237000
2014-06-25,160.329345703125,160.49329590025198,159.2390587547633,159.27184379074941,82782000
2014-06-26,160.21458435058594,160.37034142076212,159.14069614075896,160.35394264795445,84312000
2014-06-27,160.5260772705078,160.5752610738304,159.76369079321677,159.83746649820065,71445100
2014-06-30,160.444091796875,160.812982820898,160.2883347512972,160.42769302665718,70201200
2014-07-01,161.5180206298828,162.00988379186887,160.78023839550357,160.83761534286205,90470000
2014-07-02,161.68194580078125,161.8868866684271,161.46061866991417,161.5343943802032,52475000
2014-07-03,162.47711181640625,162.5508875241745,162.01804628994051,162.1410058028876,52938800
2014-07-07,161.91148376464844,162.29677360886745,161.67375785433796,162.16562095590217,61696000
2014-07-08,160.8704376220703,161.67380256878837,160.47694202854976,161.61641310400762,108143000
2014-07-09,161.59176635742188,161.73933028206724,160.92775996801146,161.27205911405397,72992000
2014-07-10,160.95236206054688,161.3786425815576,159.90306578467295,160.03423094630676,99040000
2014-07-11,161.1737060546875,161.28847244706319,160.4933008325321,160.8539987824553,64243000
2014-07-14,161.98526000976562,162.19839400009997,161.85409485789958,161.99345314103326,58658000
2014-07-15,161.68194580078125,162.39514852603546,160.9687555841249,162.0836344044624,111307000
2014-07-16,162.2803497314453,162.52626871662952,161.83767054092297,162.40330922403743,79986400
2014-07-17,160.43594360351562,162.39517815533225,160.2063982819612,161.78035544021907,145398000
2014-07-18,162.07545471191406,162.23940491790572,160.87040130954716,160.9605757991324,124330000
2014-07-21,161.77210998535156,161.90327513435915,161.0261222725426,161.56716913075113,67592000
2014-07-22,162.47711181640625,162.77222715607672,162.2065883793252,162.32135476094163,67678000
2014-07-23,162.8378143310547,163.00997016263975,162.39514756334682,162.72304794619725,65612000
2014-07-24,162.8459930419922,163.18209903523902,162.68204286508538,162.99355695722602,56888000
2014-07-25,162.08355712890625,162.52622368819095,161.76385002814735,162.38686546566444,76837000
2014-07-28,162.14918518066406,162.38691103672483,161.18185797062742,162.11638764345852,69259000
2014-07-29,161.45240783691406,162.68205300324027,161.42781593427532,162.45252023954717,80466000
2014-07-30,161.4770050048828,162.23939153733514,160.80480546317656,162.02624502938608,104222000
2014-07-31,158.2881317138672,160.49329753722154,158.18976409630736,160.35393924281232,183479000
2014-08-01,157.80450439453125,158.83740210201736,157.04213019561072,157.8536882127067,189261000
2014-08-04,158.94390869140625,159.28001465271728,157.43554719342885,158.10774660745543,91340000
2014-08-05,157.40283203125,158.70626589115255,156.8289999119921,158.2963840190252,152690000
2014-08-06,157.45196533203125,158.12416482875244,156.64039504700978,156.66498694880465,94818000
2014-08-07,156.59947204589844,158.32098096703734,156.20598893854762,158.1652238492978,135733000
2014-08-08,158.41110229492188,158.5176630434372,156.53383688634324,156.9519242743437,117014000
2014-08-11,158.87017822265625,159.57517537480624,158.796402505345,159.00953652488835,74544000
2014-08-12,158.64881896972656,159.15706830434763,158.16516153783894,158.71440154654823,73632000
2014-08-13,159.72267150878906,159.9030204277295,159.00128834162203,159.27179921143795,69047000
2014-08-14,160.4769287109375,160.4769287109375,159.83751406028236,159.985078022757,57371000
2014-08-15,160.444091796875,161.20646574594937,159.28822241415259,161.05891433977885,139951000
2014-08-18,161.78848266601562,161.86225835971138,161.23924276528882,161.32941722711533,75424000
2014-08-19,162.6328582763672,162.7558177813035,161.8540855583785,162.1819859106064,59135000
2014-08-20,163.0673065185547,163.26405420445946,162.37870838078,162.4114934074668,72763000
2014-08-21,163.54283142089844,163.75596544496776,163.07556018413962,163.20672535676658,67791000
2014-08-22,163.2886505126953,163.69853215462342,162.919759536679,163.41161000183573,76107000
2014-08-25,164.11659240722656,164.43629955930282,163.25583853360772,164.06740861592158,63855000
2014-08-26,164.2232208251953,164.62490943685572,164.18223014913232,164.2232208251953,47298000
2014-08-27,164.1576690673828,164.41999943656253,163.90354434011525,164.30522051859606,47874000
2014-08-28,164.0674591064453,164.17403235946583,163.45263650873824,163.6165866997406,58330000
2014-08-29,164.53472900390625,164.55111526686048,163.80514002731772,164.3215824995246,65907000
2014-09-02,164.45274353027344,164.77245077023,163.83792095277258,164.74785886781774,72426000
2014-09-03,164.362548828125,165.108536465767,164.13301609478833,165.08394456638064,57462000
2014-09-04,164.1248321533203,165.24790398349418,163.6739597916677,164.64127457794373,85236000
2014-09-05,164.86256408691406,164.92814663854898,163.46896926330234,164.09198474094487,102177000
2014-09-08,164.4363250732422,164.94458684897467,163.95266770557376,164.7068484759879,64146000
2014-09-09,163.3953094482422,164.40361531386634,163.05920332350027,164.28884889427175,88591000
2014-09-10,164.01007080078125,164.11663153781817,162.9443758702337,163.48541021218205,67251000
2014-09-11,164.19859313964844,164.22318503820762,163.2312659314706,163.35423793286193,66774400
2014-09-12,163.2394561767578,164.05101376987284,162.77218513100559,164.03462751144218,117409300
2014-09-15,163.11654663085938,163.39527574260777,162.62469600917206,163.26411057338487,76401000
2014-09-16,164.34613037109375,164.64124563697254,162.72300266305757,162.81317711953704,116201000
2014-09-17,164.5675048828125,165.32987885149302,163.74774147119203,164.58390365345207,151266000
2014-09-18,165.44464111328125,165.46923301247108,164.85441051553389,165.0675444780443,94990000
2014-09-19,165.2955322265625,166.28384382220787,164.95785522320566,165.97088623327616,121649000
2014-09-22,164.01902770996094,165.03205915476718,163.67311913139386,165.00735229680302,125553000
2014-09-23,163.08009338378906,164.10958746178974,163.03067967877564,163.42600188594932,111393000
2014-09-24,164.3566436767578,164.4637150661247,162.6765151252756,163.10477554861424,107276000
2014-09-25,161.70472717285156,163.9366763654569,161.647082026393,163.92843236805624,150300000
2014-09-26,162.98956298828125,163.39312935339416,161.77064502822162,162.00125078912288,103547000
2014-09-29,162.69297790527344,162.98124123017644,161.4658291935231,161.58936343730184,95112000
2014-09-30,162.26478576660156,163.31898698069193,161.92710860208533,162.81659323279968,131302000
2014-10-01,160.06573486328125,162.05883377305804,159.70335095840082,162.0011760758881,177798000
2014-10-02,160.0904541015625,160.65049285820925,158.41855669318875,159.9257249923684,157285000
2014-10-03,161.85296630859375,162.19887485739335,160.6669869600991,161.16113664392648,121569000
2014-10-06,161.66351318359375,162.74243356475108,161.0787675680037,162.52829074743636,104778000
2014-10-07,159.16802978515625,161.19407983707555,159.13509150129343,160.8316958792471,147913000
2014-10-08,161.9517822265625,162.18238790937954,158.4267952839968,159.25862202793914,186461000
2014-10-09,158.7398223876953,161.91890194482096,158.60804407400462,161.69652761135188,210705000
2014-10-10,156.92787170410156,159.4892540593955,156.88670198520697,158.69860946399393,221909000
2014-10-13,154.3500213623047,157.43026020383087,154.25942536302045,156.86198991785034,230939000
2014-10-14,154.58880615234375,156.33483640477453,154.04523034072668,155.18179566191426,215847000
2014-10-15,153.54290771484375,154.58064611941268,149.8284964207241,152.4969504462394,380715000
2014-10-16,153.4111785888672,154.49008697348526,150.6274210282568,150.76743079288698,270391000
2014-10-17,155.2230224609375,156.27722354324186,154.52296136026698,155.18184017847426,214625000
2014-10-20,156.73016357421875,156.85369782305813,154.89354986143837,154.94296356097414,130011000
2014-10-21,159.83518981933594,159.9422486921458,157.70206785527077,157.86678444711472,154949000
2014-10-22,158.6986083984375,160.52699129274748,158.63271925475155,160.11519357001225,151822000
2014-10-23,160.54345703125,161.5894267845268,159.99164958094144,160.2881444493085,154944000
2014-10-24,161.77883911132812,161.82826539188608,160.18107458453974,160.8070025671867,117927000
2014-10-27,161.55650329589844,161.7953404717358,160.62583631911278,161.20235068067757,82954000
2014-10-28,163.40953063964844,163.41776206770595,162.02588413497654,162.10001725575708,106736000
2014-10-29,163.16244506835938,163.99427169363452,162.0835373704379,163.5248289659653,142557000
2014-10-30,164.20843505859375,164.67787784507095,162.57770731508273,162.72596100406872,113330000
2014-10-31,166.0862274169922,166.2180056780755,165.35322811943288,166.18505482927137,146903000
2014-11-03,166.17684936523438,166.73688821174287,165.79798994719084,166.3003836498852,93600000
2014-11-04,165.60031127929688,166.0368157783875,164.76847199203345,165.7320769749543,93343000
2014-11-05,166.64633178710938,166.8522306884675,165.91333220095734,166.81104839478155,91709000
2014-11-06,167.31341552734375,167.40401153217255,166.06979088566652,166.6874874912074,107089000
2014-11-07,167.4698486328125,167.68399143244113,166.86862764237625,167.329838953783,89540000
2014-11-10,167.99693298339844,168.04634668102253,167.29688465528315,167.50278344009314,66319000
2014-11-11,168.16172790527344,168.26879934475863,167.72522328331584,168.0629004639458,54499400
2014-11-12,167.98046875,168.21107438172908,167.44512437364978,167.478075216505,90120300
2014-11-13,168.1699676513672,168.69706827023788,167.362847577768,168.14526079165998,85357900
2014-11-14,168.21112060546875,168.41701944516876,167.78284750011372,168.09581775791943,80417500
2014-11-17,168.3181915283203,168.49115209558295,167.7252018220895,167.88993095931818,80441000
2014-11-18,169.29000854492188,169.59473477026998,168.37581730181122,168.37581730181122,76068100
2014-11-19,169.0182647705078,169.2900527859263,168.26055843982735,169.09238534733024,82373000
2014-11-20,169.31471252441406,169.42178392807256,168.16167163743387,168.22756076529555,72840300
2014-11-21,170.22068786621094,171.17606152737287,169.64417361105055,171.01134496405106,142327300
2014-11-24,170.6983642578125,170.80543567260446,170.41011343139428,170.62424369391073,65880800
2014-11-25,170.57485961914062,171.13489851089676,170.3195470321889,170.92899964179765,79108300
2014-11-26,171.01132202148438,171.11014943280531,170.50892840215877,170.72305864904294,62167800
2014-11-28,170.64895629882812,171.20076368269216,170.41011917362974,170.8878059910944,57890100
2014-12-01,169.4630126953125,170.10541620701127,169.15005493773523,169.9901133348364,103968400
2014-12-02,170.55836486816406,170.76426371393677,169.47945692704613,169.5041637831734,74507200
2014-12-03,171.2172393798828,171.4313696499539,170.56660457312242,170.73132113218233,68952000
2014-12-04,171.02783203125,171.53022575217048,170.237174879595,170.92899203287493,91316600
2014-12-05,171.30784606933594,171.69493691918504,170.937230646542,171.2007746440806,91025500
2014-12-08,170.1630401611328,171.4066646476086,169.60298877379267,170.91251496508642,108588200
2014-12-09,170.04779052734375,170.15486198057826,167.93938772780615,168.3182346795911,125180100
2014-12-10,167.3217010498047,169.64423432815317,167.13226499546906,169.58658916553955,159856400
2014-12-11,168.1699676513672,169.81715865622184,167.77464532898168,167.9146550563459,159012800
2014-12-12,165.4520721435547,167.86521309454568,165.4191338585101,166.8933640303132,202330200
2014-12-15,164.3155059814453,166.80276749093596,163.71428488657548,166.34978752888287,189965800
2014-12-16,162.99777221679688,166.69570760124464,162.956589932477,163.54957963889098,259543800
2014-12-17,166.1933135986328,166.64629359121042,163.31072964031722,163.4342764930577,253910100
2014-12-18,170.30308532714844,175.40114374758215,167.9476015721637,168.62295594942321,257633900
2014-12-19,171.0277099609375,171.69850225540927,170.2740984987699,170.95316765543888,245084600
2014-12-22,171.8143768310547,171.8143768310547,170.97795915248048,171.21811443010589,148318900
2014-12-23,172.04623413085938,172.4437381372228,171.75637982504625,172.39405171598042,122167900
2014-12-24,172.06288146972656,172.53491533012973,172.02147188705916,172.26991674663316,42963400
2014-12-26,172.61769104003906,172.9572318414319,172.46034224737275,172.51002867949322,57326700
2014-12-29,172.8495635986328,173.05659881637393,172.36924037710216,172.43549316315054,79643900
2014-12-30,171.92208862304688,172.55974813920923,171.84754632417165,172.42725517367154,73540800
2014-12-31,170.21617126464844,172.41075347230168,170.0919551139887,172.24512772594383,130333800
2015-01-02,170.12501525878906,171.325829928709,169.08983891329257,170.91175939051038,121465900
2015-01-05,167.05258178710938,169.24715009688967,166.7461737006491,169.0815244457335,169632600
2015-01-06,165.4791259765625,167.8807296085199,164.68410512720072,167.3589967812379,209151400
2015-01-07,167.54122924804688,167.8807701425897,166.35699350286723,166.80418415106138,125346700
2015-01-08,170.51425170898438,170.72957648769642,168.93251177202868,168.9490654962137,147217800
2015-01-09,169.1477813720703,170.9448456357597,168.53495254772835,170.92827927931057,158567300
2015-01-12,167.82276916503906,169.43765422966325,167.21822977118725,169.28030541730055,144396100
2015-01-13,167.35073852539062,170.1664129335598,166.05055106093315,169.0401406430063,214553300
2015-01-14,166.34039306640625,166.53915144512624,164.44395583561231,165.33833694878177,192991100
2015-01-15,164.8166046142578,167.29273780529536,164.70066539430715,166.97805285767345,176613900
2015-01-16,166.9780731201172,167.1354219312357,164.42739733525644,164.60958936534854,211879600
2015-01-20,167.33419799804688,167.8807741873434,165.76901173701117,167.61576295504287,130991100
2015-01-21,168.1788787841797,168.6592020890844,166.40665751815214,166.8704144645625,122942700
2015-01-22,170.67987060546875,170.8123635660142,167.55777539756028,168.9324925342067,174356000
2015-01-23,169.7440948486328,170.67989840459322,169.61158923007656,170.42316402997878,117516800
2015-01-26,170.14149475097656,170.23259072832744,168.81647728710072,169.52867875463753,92009700
2015-01-27,167.89735412597656,169.04018040750515,167.06921291271397,168.087823066826,134044600
2015-01-28,165.74412536621094,169.18090517407325,165.55365649034815,169.08153230604532,168514300
2015-01-29,167.2762451171875,167.53296686671393,164.5350871374661,165.94293728307736,173585400
2015-01-30,165.17269897460938,167.4252432198437,164.90770045916094,166.10022536974702,197729700
2015-02-02,167.21826171875,167.30935775192052,163.85601062679834,165.66964179128243,163107000
2015-02-03,169.63641357421875,169.6447030722255,167.73997608586896,168.11263703970548,124212900
2015-02-04,168.9904327392578,170.0835848102543,168.53495270967596,168.87449351685765,134306700
2015-02-05,170.69644165039062,170.84551362122258,169.57845873308844,169.65298840028913,97953200
2015-02-06,170.22433471679688,171.62389461456883,169.7026019974931,171.0607523302302,125672000
2015-02-09,169.46249389648438,170.29891174267553,169.0567002644991,169.57843312899038,87219000
2015-02-10,171.26785278320312,171.52457449325172,169.50390825922682,170.49768765305734,96164200
2015-02-11,171.36717224121094,171.79780900185008,170.45622492944372,171.10217375218946,91087800
2015-02-12,173.0152130126953,173.07318894711187,171.40034061976428,172.16222880934126,97545900
2015-02-13,173.72740173339844,173.77708816692638,172.88269445414045,173.13942875474757,93670400
2015-02-17,174.0006866455078,174.17460179617606,173.16426887773315,173.41270104093434,76968200
2015-02-18,174.01727294921875,174.09180260672233,173.3630344806547,173.62804566701706,80652900
2015-02-19,173.89306640625,174.25745051578036,173.28025007334028,173.42103254539876,91462500
2015-02-20,174.93650817871094,175.01103783545233,172.8578661957788,173.47897194148132,140896400
2015-02-23,174.9116973876953,174.9116973876953,174.30714525156807,174.68809573958757,74411100
2015-02-24,175.40850830078125,175.60726665036412,174.5389578964423,174.83708910260347,72472300
2015-02-25,175.25946044921875,175.76462689715748,174.9199196518574,175.284303664984,73061700
2015-02-26,175.05242919921875,175.3257172152652,174.4478772380732,175.16836842089657,72697900
2015-02-27,174.4562530517578,175.21814154781097,174.406566594516,174.95313026060967,108076000
2015-03-02,175.5576629638672,175.61562627871436,174.5059200691553,174.55560652086209,87491400
2015-03-03,174.83712768554688,175.60730540326986,173.97586658681115,175.12698209643352,110325800
2015-03-04,174.1000518798828,174.31537659378927,173.13112857658436,174.24083431166872,114497200
2015-03-05,174.2905731201172,174.57213804789114,173.7854065678499,174.42306608608567,76873000
2015-03-06,171.83926391601562,173.85993005329047,171.50801255821912,173.42929317901158,188128000
2015-03-09,172.55148315429688,172.90757776811046,171.88069087325783,172.03803970687056,89818900
2015-03-10,169.7523193359375,171.26781870995183,169.71090976336123,171.18501220122667,157121300
2015-03-11,169.35482788085938,170.18296884849192,169.27200872952477,170.00905368526062,110145700
2015-03-12,171.5080108642578,171.57425102601943,169.93453533919217,169.98422177872797,93993500
2015-03-13,170.45626831054688,172.19535687729632,169.42109203161417,171.23472289413294,162410900
2015-03-16,172.73367309570312,172.8247691226568,170.48112828051322,171.18505327392148,136099200
2015-03-17,172.2201690673828,172.60110676504362,171.40858197224705,171.99656750962697,94510400
2015-03-18,174.2905731201172,174.9613653571674,171.11050184470795,171.7481739993735,228808500
2015-03-19,173.4955291748047,174.29882690791254,173.10630191705437,173.87647957216197,117917300
2015-03-20,175.0269317626953,175.53435314639842,174.26164278434246,174.44464805012606,177715100
2015-03-23,174.68588256835938,175.6092227410769,174.68588256835938,175.03525281035607,71784500
2015-03-24,173.70433044433594,175.0186226578226,173.63778191445252,174.56112214072957,77805300
2015-03-25,171.15892028808594,174.14522727250312,171.11733855742628,173.91231373233074,159521700
2015-03-26,170.75131225585938,171.6663260245403,169.79469137466845,170.49344462384173,153067200
2015-03-27,171.14227294921875,171.31695173779872,170.4435197163953,170.63485150385748,118939000
2015-03-30,173.23019409179688,173.52965615952493,172.15712908659208,172.17375670108467,96180400
2015-03-31,171.7162628173828,173.10544304719463,171.65804077441965,172.40668968177818,126768700
2015-04-01,171.10899353027344,171.70791762382157,170.11910474530265,171.6829635109933,137303600
2015-04-02,171.72457885742188,172.1737656359064,170.85946053116376,171.0424658427631,86900900
2015-04-06,172.88079833984375,173.39653355555777,170.7013880356757,170.83447239619846,114368200
2015-04-07,172.42333984375,173.6544562457164,172.3900719162753,172.90580729557792,81236300
2015-04-08,173.00563049316406,173.44650353315095,172.25698151393598,172.64794631435277,89351900
2015-04-09,173.77088928222656,174.0038028212306,172.3484539327972,172.83923512621033,85548900
2015-04-10,174.71914672851562,174.76074114299004,173.82077337860102,174.02040625954504,72722900
2015-04-13,173.92889404296875,175.20993085834147,173.8789858254822,174.57772625595868,74436600
2015-04-14,174.2616729736328,174.44467827112047,173.10541915377996,173.72929738807832,75099900
2015-04-15,175.04364013671875,175.55106175453952,174.64436150571123,174.72755037138893,99529300
2015-04-16,174.99368286132812,175.50110433696972,174.51121549982994,174.71086110581254,68934900
2015-04-17,172.98065185546875,174.04540312484284,172.19872236546422,173.8041757701656,191113200
2015-04-20,174.5611572265625,174.89388725002235,173.82082213545306,173.90399829489962,92189500
2015-04-21,174.3531494140625,175.40126012071377,174.05368739890025,175.24320896092908,72559800
2015-04-22,175.20997619628906,175.3929815029831,173.7708878579371,174.69422819886228,78264600
2015-04-23,175.65086364746094,176.29969608187733,174.69424261211802,174.81069939027384,102585900
2015-04-24,176.05845642089844,176.32465059604635,175.60926961638245,176.06678292189486,61327400
2015-04-27,175.32647705078125,176.74891274622408,175.135145195686,176.62414213884804,79358100
2015-04-28,175.8837432861328,175.9336515110271,174.12856545128815,175.3014595076419,86863500
2015-04-29,175.16006469726562,175.7589761437368,174.35318113994506,174.9936870085861,125684900
2015-04-30,173.4049072265625,174.97708010512378,172.70615385277307,174.58611533755442,161304900
2015-05-01,175.28482055664062,175.32641497531887,174.08697237858064,174.1867888291408,103399700
2015-05-04,175.78392028808594,176.36620404488573,175.60091500840113,175.7090452606993,70927200
2015-05-05,173.77088928222656,175.90040444186292,173.62947839731953,175.5427076329979,113326200
2015-05-06,173.05548095703125,174.62765344280064,171.99072989221568,174.31987760631245,135060200
2015-05-07,173.74594116210938,174.17018652430545,172.6229678516267,172.955697863732,88244900
2015-05-08,176.0334930419922,176.23313866284923,175.33475240824686,175.417941256813,155877300
2015-05-11,175.19332885742188,176.25808003936282,175.11846651482492,175.99189859029525,75708100
2015-05-12,174.66925048828125,175.20995252786722,173.53795087828436,174.36147464716103,119727600
2015-05-13,174.70254516601562,175.70074779807248,174.4696316416302,175.07686956643255,94667900
2015-05-14,176.5242156982422,176.6157183176018,175.44282456749175,175.71733242557056,95934000
2015-05-15,176.71556091308594,176.85697176525187,176.23309363890243,176.71556091308594,76510100
2015-05-18,177.26458740234375,177.51412851366834,176.48265807263678,176.5492065999346,74549700
2015-05-19,177.2063751220703,177.65557456500738,176.9235533648642,177.38106661495368,72114600
2015-05-20,177.0816192626953,177.8302681393417,176.76551686494682,177.30620630998737,76857500
2015-05-21,177.59730529785156,177.80526467173664,176.77378160784684,176.9401592612212,64764600
2015-05-22,177.17308044433594,177.63058093249938,177.10653191866064,177.21466216665377,57433500
2015-05-26,175.26820373535156,177.10657066744847,174.8522848785079,176.68232531005276,124308600
2015-05-27,176.93186950683594,177.16478303853046,175.31810239949857,175.72570742638172,93214000
2015-05-28,176.7322540283203,176.84038430473933,176.04182717237333,176.62411105906452,74974600
2015-05-29,175.6342010498047,176.70726603429128,175.3680196018721,176.66568430602715,124919600
2015-06-01,175.991943359375,176.63244937719546,175.2016872325964,176.29971930801182,93338800
2015-06-02,175.81719970703125,176.50762645412786,174.91049974835676,175.5343779627752,91531000
2015-06-03,176.2830047607422,176.90688289736408,175.7922236728796,176.34955328512183,87820900
2015-06-04,174.79403686523438,176.2331123420793,174.47793451929695,175.57596623076313,151882800
2015-06-05,174.4945526123047,175.16833894364447,173.8373938918091,174.644277266899,121704700
2015-06-08,173.4215087890625,174.53618088064647,173.34664644724396,174.38644350417422,89063300
2015-06-09,173.3965606689453,173.93726277294067,172.7643686058993,173.3965606689453,105034700
2015-06-10,175.4761505126953,175.85880141825191,174.10362346119902,174.16184549668475,134551300
2015-06-11,176.04180908203125,176.42444729989205,175.6841122858548,175.91702581659672,73876400
2015-06-12,174.69419860839844,175.9170008174416,174.4196906948547,175.21826032451227,135382400
2015-06-15,173.94558715820312,174.22840893838293,172.8475552687948,173.55462241208073,124384200
2015-06-16,174.89385986328125,174.977048702538,173.6211493182285,173.795828110699,85308200
2015-06-17,175.17665100097656,175.78390149721426,174.15349445962744,175.17665100097656,126708600
2015-06-18,176.9984130859375,177.4642401362793,175.2099672263391,175.77561073237266,165867900
2015-06-19,176.2126922607422,176.83125097118443,175.83654703671488,176.75602447729432,130478700
2015-06-22,177.11546325683594,177.70057951585434,176.90649225328806,177.13218450840156,70696000
2015-06-23,177.24081420898438,177.5751754173251,176.84796051536992,177.32440769971356,68476800
2015-06-24,175.9535675048828,177.34949213933672,175.92849200731476,176.97334692123923,92307300
2015-06-25,175.4185791015625,176.58045710201526,175.34335261880636,176.45507963075502,97107400
2015-06-26,175.3851318359375,176.0203988844704,174.83344550836824,175.7779854581565,104174800
2015-06-29,171.70724487304688,175.39349541072858,171.63201839380625,173.90562329995635,202621300
2015-06-30,172.0666961669922,173.29544645073344,171.59023624879336,173.24528270573194,182925100
2015-07-01,173.4459228515625,173.88894033293766,172.66018988321343,173.63817259235734,135979900
2015-07-02,173.2870635986328,174.0895176357759,172.86912171054405,173.92234343145523,104373700
2015-07-06,172.7938995361328,173.57126534514668,171.7991957769713,171.99981247989805,117975400
2015-07-07,173.88058471679688,174.00596220881198,170.61227537611487,172.99454976101808,173820200
2015-07-08,170.96331787109375,172.82733523135315,170.72927142023497,172.54313779167816,164020100
2015-07-09,171.27255249023438,173.32047760897532,171.1638962902982,173.0613429671038,144113100
2015-07-10,173.4292449951172,173.84718708246632,171.31445905349696,173.27042496119165,129456900
2015-07-13,175.34336853027344,175.45202476370065,174.64958336566815,174.69138011140603,106069400
2015-07-14,176.10397338867188,176.41325903358256,175.24301419024053,175.30153217196556,81709600
2015-07-15,176.04551696777344,176.60555767656038,175.56905700017123,176.1458189590258,97914100
2015-07-16,177.45816040039062,177.45816040039062,176.8563229520847,177.09872367910233,106683300
2015-07-17,177.60855102539062,177.6670690019798,177.04015627632327,177.44973109415943,89030000
2015-07-20,177.70054626464844,178.19371467964135,177.3829190718028,177.83429074299156,70446800
2015-07-21,176.99838256835938,177.82591206552033,176.69746391071664,177.5667773913658,77965000
2015-07-22,176.68077087402344,177.01513207733043,176.27955018463078,176.3129799276736,88667900
2015-07-23,175.68605041503906,176.91480061758097,175.32662650435347,176.81449864335698,90509100
2015-07-24,173.86387634277344,175.84491739079107,173.52952783625315,175.7864121417101,117755000
2015-07-27,172.85240173339844,173.4876815708872,172.40938434913616,172.97779195349062,132361100
2015-07-28,174.97561645507812,175.11771521850073,172.8608307475074,173.6883478259436,123544800
2015-07-29,176.17930603027344,176.40498556768532,174.95890955812578,175.10100833320806,105791300
2015-07-30,176.2210235595703,176.38819776364778,175.05077862187974,175.66933720699794,91304400
2015-07-31,175.9535675048828,176.7476546885501,175.66937002939375,176.72257919098203,103266900
2015-08-03,175.36004638671875,175.97860495366947,174.4071394214331,175.92009972351912,113965700
2015-08-04,175.01736450195312,175.74457936960462,174.53255033866034,175.28484070143256,81820800
2015-08-05,175.5941162109375,176.63060396132454,175.30990602510028,175.91174338222967,85786800
2015-08-06,174.1564483642578,175.8867217297326,173.57131932074043,175.77805272086593,116030800
2015-08-07,173.8220672607422,174.14806149557737,172.91931105168084,173.997608504689,117858000
2015-08-10,176.01206970214844,176.09565043501362,174.9337723852112,174.9337723852112,80270700
2015-08-11,174.4238739013672,175.09258350334616,173.66321656968387,174.67464159643114,126081400
2015-08-12,174.63282775878906,174.81672320019484,171.6570837136026,173.11988024460172,172123700
2015-08-13,174.41554260253906,175.1594787845437,173.87221039931902,174.47404784482575,89383300
2015-08-14,175.05078125,175.12600772977814,174.0811529953894,174.22325170871736,72786500
2015-08-17,176.02883911132812,176.02883911132812,173.99764676028937,174.45738559115614,79072600
2015-08-18,175.5188751220703,176.1039912257194,175.28482868061067,175.75292156352995,71692700
2015-08-19,174.13131713867188,175.54395002898568,173.32050884254755,174.77493847324834,172946000
2015-08-20,170.49525451660156,174.10626663748775,170.43673651645807,172.6183941900729,194327900
2015-08-21,165.36289978027344,170.47015049672353,165.10377783345345,168.6228416186139,346588500
2015-08-24,158.39999389648438,165.07034363018442,152.46521329774097,156.71987190379426,507244300
2015-08-25,156.5359649658203,163.37348842234678,156.2434005299375,163.35676717483423,369833100
2015-08-26,162.54598999023438,162.82182045521694,157.45544730866962,160.55658221227628,339257000
2015-08-27,166.56663513183594,166.69201265023833,163.17294758489444,164.6858958283219,274143900
2015-08-28,166.57498168945312,167.0430747426461,165.43817880830773,165.92299311470876,160414400
2015-08-31,165.22914123535156,166.44953713642272,164.67745489289854,165.59693213032023,163298800
2015-09-01,160.29747009277344,162.80512196514385,159.42814363445524,161.42590578259393,256000400
2015-09-02,163.34005737304688,163.3818541142059,160.84076020480347,162.67970202462845,160269300
2015-09-03,163.45712280273438,165.54683285453467,162.96395429160822,164.050593314882,152087800
2015-09-04,160.98284912109375,162.04442505995004,160.16368661345783,161.20018706006013,207081000
2015-09-08,165.02850341796875,165.17896910782105,163.1394109546547,163.7830449384656,116025700
2015-09-09,162.82183837890625,166.73378212241914,162.45406013358513,166.60840462453442,149347700
2015-09-10,163.7078399658203,164.8529966388303,162.37042084416746,162.62954276977638,158611100
2015-09-11,164.4517822265625,164.5186544606328,162.60447342977204,163.31497975651632,119691200
2015-09-14,163.841552734375,164.67743640013705,163.3567386776843,164.62728542092293,79452000
2015-09-15,165.88951110839844,166.3325285195203,163.79980152590844,164.3431209155258,113806200
2015-09-16,167.32723999023438,167.51950247858431,165.84773460854305,166.1904500829999,99581600
2015-09-17,166.95106506347656,169.59246088923587,166.57491991056307,167.19347850406095,276046600
2015-09-18,164.2228546142578,166.93679233260318,163.81115036110563,164.44132249149104,223657500
2015-09-21,165.07151794433594,166.09658629271098,164.02123091196836,165.0547097619698,105726200
2015-09-22,162.9288787841797,163.39100749780152,161.79456401627903,162.90367292897145,153890900
2015-09-23,162.66842651367188,163.56746535756787,162.08866614231047,163.09693891729887,92790600
2015-09-24,162.08026123046875,162.54239000769567,160.11412732832267,161.45008912176417,159378800
2015-09-25,162.0382537841797,163.84474196466735,161.16440798067316,163.54225885128184,155054800
2015-09-28,157.97149658203125,161.24839834759015,157.6606158624,161.1391644424739,178515900
2015-09-29,158.06399536132812,159.4251760927764,157.06412004099744,158.19003749953106,159045600
2015-09-30,161.01319885253906,161.18124220471094,159.17309401717506,159.95450137417293,163452000
2015-10-01,161.43328857421875,161.7357716895095,159.49236059313813,161.39127453747872,131079000
2015-10-02,163.84475708007812,163.86996294011195,158.90420337928794,159.4503602620859,211003300
2015-10-05,166.76036071777344,166.98722628735067,164.96226998386578,165.07150392864102,126320800
2015-10-06,166.18899536132812,167.18887056699,165.52521966477568,166.62591831272772,110274500
2015-10-07,167.55018615722656,167.90308104765404,165.9285363764557,167.1216608595827,124307300
2015-10-08,169.0626220703125,169.34829708875148,166.86121155774333,167.16369475988097,153055200
2015-10-09,169.1634063720703,169.64233051907377,168.53323424856578,169.20542041114757,107069200
2015-10-12,169.3230743408203,169.5247212415479,168.81053376666046,169.23904625159292,56395600
2015-10-13,168.25595092773438,169.86079228825207,168.08790759835043,168.59203758650224,88038700
2015-10-14,167.4493408203125,168.77690504339486,167.15526817132374,168.19714460448515,99106200
2015-10-15,170.02041625976562,170.02881393785458,167.74338905116375,168.1130920211994,134142200
2015-10-16,170.79345703125,170.8102523905057,169.6591420581285,170.42375399346568,114580100
2015-10-19,170.8774871826172,170.8774871826172,169.83561069902436,170.14649154385307,76523900
2015-10-20,170.6590118408203,171.27237577728562,170.18848537882585,170.44055678943275,78448500
2015-10-21,169.60032653808594,171.2303609681213,169.43227038451462,171.07912581496848,102038000
2015-10-22,172.4655303955078,172.6755878044173,169.60035708185666,170.54980785192444,174911700
2015-10-23,174.35601806640625,174.72572109591775,173.33934755613427,174.13756301300612,144442300
2015-10-26,173.92750549316406,174.23838630368132,173.55780246396264,174.17957690588182,69033000
2015-10-27,173.59141540527344,173.92750206835612,172.9108187580718,173.2553159213064,77905800
2015-10-28,175.56597900390625,175.5911848671898,173.26375801809618,173.92753378604118,135906700
2015-10-29,175.46511840820312,175.83482141928536,174.9441802494331,175.0618118601516,90525500
2015-10-30,174.7089385986328,175.9776935292275,174.54930574049988,175.65840217118858,131076900
2015-11-02,176.77587890625,176.96912809584242,174.91056844424497,175.03661055814953,86270800
2015-11-03,177.28842163085938,177.84297616889708,176.19612073435962,176.42298628553587,95246100
2015-11-04,176.7506561279297,177.70851712584357,176.2129098277128,177.5824878448877,96224500
2015-11-05,176.57424926757812,177.27164138970872,175.6836079229662,176.80951253517802,78408700
2015-11-06,176.4818115234375,176.71708759596183,175.1542600981416,176.2297529116001,110471500
2015-11-09,174.83494567871094,176.0196722814713,173.88548229652773,175.8684243134523,131008700
2015-11-10,175.23825073242188,175.2718670898659,174.0871404971983,174.35600725233144,75874600
2015-11-11,174.54931640625,175.55758944690973,174.4820964940877,175.50717771800984,67846000
2015-11-12,172.1126251220703,173.97793582652446,172.0958297614075,173.5074093102452,121315200
2015-11-13,170.1800994873047,171.96979265843748,170.09608421887646,171.7009258502262,153577100
2015-11-16,172.7680206298828,172.82684286080433,169.87762851395553,169.9952729757986,117645200
2015-11-17,172.6419677734375,173.96112150855294,172.1462354127648,173.07889073209276,121123700
2015-11-18,175.381103515625,175.52394099502678,173.07888284412175,173.12088406326907,121342500
2015-11-19,175.2298583984375,175.64997313311568,174.9357729558091,175.2634619360227,88220500
2015-11-20,175.86843872070312,176.5490225803326,175.4903380010073,175.98607034062815,94011500
2015-11-23,175.66680908203125,176.43140827614252,175.20468023665438,175.9272782073656,64931200
2015-11-24,175.9020233154297,176.305329822214,174.27197629020296,174.65847461978046,98874400
2015-11-25,175.8768310546875,176.22972587801155,175.61634916093726,176.02806619859052,51980100
2015-11-27,176.0784912109375,176.2801509055882,175.49033312764547,175.96925727372445,37317800
2015-11-30,175.34747314453125,176.35574584659562,175.23823922133926,176.23811424503617,112822700
2015-12-01,177.01951599121094,177.13716041004395,175.70036255854447,175.97763978675954,97858400
2015-12-02,175.21304321289062,177.28841094488294,174.96097181798655,176.9691196566122,108441300
2015-12-03,172.75961303710938,175.73402025684985,172.0370150495846,175.46515344475668,166224200
2015-12-04,176.12889099121094,176.42297642336592,172.75957555460377,172.75957555460377,192913900
2015-12-07,175.0618438720703,176.2213520123573,174.0955721307971,175.8012372085567,102027100
2015-12-08,173.88551330566406,175.0114178936216,172.90244621132328,173.4990148690273,103372400
2015-12-09,172.53271484375,175.3390781729682,171.55804558972366,173.2469150156054,162401500
2015-12-10,172.97802734375,174.28878319329965,172.36466345433428,172.59992666728508,116128900
2015-12-11,169.62550354003906,171.52441723603533,169.3146099655293,170.86064169753504,211173300
2015-12-14,170.48252868652344,170.6085707805917,168.00385468710266,169.7851496137183,182385200
2015-12-15,172.27224731445312,173.17969668111772,170.45734858112394,171.9949700506764,154069600
2015-12-16,174.79295349121094,175.09543664417558,172.07901561545526,173.39816935138043,197017000
2015-12-17,172.12942504882812,175.17105189811343,172.11261686808538,175.10383199602776,173092500
2015-12-18,169.0629425048828,171.52255250194227,168.90234670875685,171.38732547637363,251393500
2015-12-21,170.45751953125,170.6350234924526,169.12205468560254,170.23776439102394,99094300
2015-12-22,172.00428771972656,172.3001233488802,170.3560919647485,171.34500941773533,111026200
2015-12-23,174.13433837890625,174.1766024705197,172.91720476470311,173.01018060737667,110987200
2015-12-24,173.8468780517578,174.3962852200451,173.6271229227537,173.88069446987208,48539600
2015-12-28,173.4496612548828,173.49191243890718,172.3762154986154,173.15382558359133,65899900
2015-12-29,175.30072021484375,175.63035944290874,174.51466240068416,174.5484659304294,92640700
2015-12-30,174.05819702148438,175.1401032204624,173.91450947796972,175.05557506677826,63317700
2015-12-31,172.31704711914062,174.02441544079304,172.31704711914062,173.38204524222868,114877900
2016-01-04,169.90817260742188,169.91662026614497,167.85425658509027,169.46020164850955,222353500
2016-01-05,170.19557189941406,170.65199058175733,169.08832228183417,170.2293754362877,110845800
2016-01-06,168.0486297607422,169.0967066751727,167.01744815983184,167.64291008691177,152112600
2016-01-07,164.01687622070312,166.8822052675258,163.62806476457075,165.0987695370902,213436100
2016-01-08,162.216552734375,165.53831360060605,161.92917760723282,164.98045866166842,209817200
2016-01-11,162.37713623046875,163.47593781271146,160.4415652002888,163.13783807353647,187941300
2016-01-12,163.68727111816406,164.4395254227884,161.55728756572674,163.82251103515432,172330500
2016-01-13,159.6047821044922,164.70151796175867,159.22443118474726,164.3549705671791,221168900
2016-01-14,162.22499084472656,163.34914831411587,158.61586796094596,160.21335217593364,240795600
2016-01-15,158.74269104003906,159.54565719734782,156.8071194441184,157.8636572556273,324846400
2016-01-19,158.9539794921875,160.68670387418427,157.3818509017829,160.55992451092123,195244400
2016-01-20,156.91693115234375,158.4806116797918,153.00352535135002,156.3928927234885,286547800
2016-01-21,157.7959747314453,159.63856975358786,156.06325082805316,157.39026798387735,195772900
2016-01-22,161.03318786621094,161.23603476748906,159.64701148634873,160.40771316050865,168319600
2016-01-25,158.5989990234375,160.72052224680877,158.40459968275314,160.52612290612439,130371700
2016-01-26,160.76275634765625,161.04168381774744,158.92016099014072,159.2582478584521,141036800
2016-01-27,159.0131072998047,161.91223970418267,158.10870510429336,160.23868809144315,185681700
2016-01-28,159.84152221679688,160.76282026183338,158.19332550843052,160.55997321907594,143798800
2016-01-29,163.7379913330078,163.8732312569941,160.4923105404706,160.61064224966137,210529300
2016-02-01,163.6788330078125,164.46490384807208,162.14896831648707,162.7321792534432,136061600
2016-02-02,160.7289581298828,162.25882253989477,160.20490670034297,162.25037488192345,182564900
2016-02-03,161.6925048828125,162.09821167988892,158.14254138972404,161.78548070059944,205054900
2016-02-04,161.94606018066406,162.91806944389361,160.55988360763845,161.19380605683648,139531800
2016-02-05,158.8610076904297,162.00526495100985,158.22708506365447,161.43051462671764,180788300
2016-02-08,156.72256469726562,157.31422319199183,154.5080659467813,157.0184003932227,191526700
2016-02-09,156.73101806640625,158.00732382709526,154.84615847267247,154.98139838987723,184513100
2016-02-10,156.59579467773438,159.19064455118342,156.46900241596902,157.5593565400831,148214100
2016-02-11,154.55874633789062,155.6068360996528,153.0626857426202,154.11922316074063,219058900
2016-02-12,157.7453155517578,157.76221086969568,155.48855247688485,156.3337826725911,127632400
2016-02-16,160.40777587890625,160.43313175148,158.5905362261157,159.55409807548358,120250700
2016-02-17,163.02796936035156,163.39987263036465,161.44738046279596,161.57417270331123,136009500
2016-02-18,162.3602752685547,163.35765366789053,162.0475442038463,163.29848135987,102343000
2016-02-19,162.28416442871094,162.43629964221327,160.97405531352098,161.58262196190358,114793000
2016-02-22,164.6339569091797,164.77764451261012,163.79717426864735,163.86479424035417,103640300
2016-02-23,162.5546417236328,164.24510174373455,162.4362971409267,163.9746219498688,111455300
2016-02-24,163.29852294921875,163.57745054980356,160.0190375213227,161.12628736482424,150812200
2016-02-25,165.2763214111328,165.28478196803928,162.9857546006108,163.7464566851493,110728300
2016-02-26,164.89593505859375,166.23984780551964,164.7353392780452,166.14688487697853,129833700
2016-02-29,163.60275268554688,165.8595157337722,163.40835335404287,164.91286205285977,125918100
2016-03-01,167.44854736328125,167.5330755380809,164.35500188513095,164.82832871075618,141799700
2016-03-02,168.2008056640625,168.25151741126524,166.7216528504338,167.13582028123787,102415000
2016-03-03,168.86009216308594,168.87700037868333,167.4485592446589,168.02330960307438,95172200
2016-03-04,169.40948486328125,170.1871080063001,168.22616772771258,169.05448972261064,129293600
2016-03-07,169.5447235107422,169.95044329460436,168.4121181328031,168.48818575583124,100219000
2016-03-08,167.69366455078125,168.97841805089885,167.53308164830707,168.47128767517106,123974900
2016-03-09,168.52198791503906,168.86852246743945,167.71900897155595,168.50507970117934,94801200
2016-03-10,168.65721130371094,169.95042524378096,166.8315240589992,169.01221930118146,156838700
2016-03-11,171.3788299560547,171.4210940354424,168.6402930134651,170.11098495754135,137964500
2016-03-14,171.1591339111328,171.61555259346525,170.54211940997521,170.87175870754606,73612000
2016-03-15,170.88015747070312,171.18444080425203,169.9335039428563,170.19552319451483,93169100
2016-03-16,171.8690643310547,172.27478401520258,170.3561083126268,170.3983723918738,129303200
2016-03-17,172.95947265625,173.466603075183,171.38734385289615,171.7846031078483,134278500
2016-03-18,173.6390838623047,173.97891443318605,173.146320459933,173.46066438618354,138372400
2016-03-21,173.88548278808594,174.11487558474272,173.14634406561157,173.37573686226835,72926700
2016-03-22,173.79202270507812,174.36124610349137,172.9509374130184,173.1123485254018,97471900
2016-03-23,172.64508056640625,173.596616617055,172.47515230275633,173.4097058980052,81052500
2016-03-24,172.56858825683594,172.60257909122618,171.39616374447115,171.617052313188,84360900
2016-03-28,172.67054748535156,173.19728874410737,172.2202661582787,172.98489140251812,62408200
2016-03-29,174.267822265625,174.3782730668679,171.95693741492593,172.26279020292168,92922900
2016-03-30,175.0323944091797,175.75453754913232,174.66706426238844,175.27027838042338,86365300
2016-03-31,174.6076202392578,175.36375430022682,174.4461961761792,174.93895959263287,94584100
2016-04-01,175.79701232910156,175.98392300786924,173.29921777075495,173.61357461979347,114423500
2016-04-04,175.2278289794922,175.9244985706201,174.92197625036152,175.72059242996414,63497000
2016-04-05,173.4776611328125,175.2363044443393,173.22278172084626,173.88546041373525,99662200
2016-04-06,175.3722381591797,175.43171563832263,173.29923799902537,173.47765747274903,91839800
2016-04-07,173.27378845214844,174.64162816452992,172.54314091080727,174.2848021043923,113859000
2016-04-08,173.7410430908203,174.88799403753805,173.2057975871912,174.45469511985496,95040600
2016-04-11,173.333251953125,175.07491300612878,173.23979659036752,174.37824339944453,83757500
2016-04-12,174.94749450683594,175.22786063950423,173.06140449703767,173.50319473309455,115350600
2016-04-13,176.7145233154297,176.79948740634987,175.72899690103637,175.86493426102857,96336400
2016-04-14,176.72308349609375,177.2243510861963,176.37476170028683,176.7740697487607,65212900
2016-04-15,176.5276641845703,176.85900349389996,176.20481610132975,176.7230660942509,75761600
2016-04-18,177.7681121826172,177.80209005868852,175.86502702994795,176.52770580484832,82531000
2016-04-19,178.3288116455078,178.58369106078013,177.51321307308314,178.1928871925741,88316100
2016-04-20,178.49879455566406,179.19545134277666,177.89558018693492,178.37134832715026,81100300
2016-04-21,177.5387420654297,178.62621573052118,177.26686716730248,178.5157649326934,85695000
2016-04-22,177.5387420654297,177.8106039998482,176.63817915187346,177.18191598441922,99251700
2016-04-25,177.23281860351562,177.27530065986903,176.32375185962587,176.93545717274523,66166500
2016-04-26,177.4962615966797,178.00602055342202,177.02049348436483,177.59820820254464,75864200
2016-04-27,177.86160278320312,178.25240677212835,176.75713361832348,177.11395972444592,77329400
2016-04-28,176.24732971191406,178.20987927726677,175.83103917605519,177.10542335757836,97216200
2016-04-29,175.29580688476562,175.97548109221796,174.191337918119,175.6271462783889,142424100
2016-05-02,176.68911743164062,176.8675239549284,175.3637599752499,175.79704592408345,62188000
2016-05-03,175.15135192871094,175.69508862030605,174.40370911637817,175.45720462796479,106422100
2016-05-04,174.17434692382812,174.88801198982688,173.6730922065313,174.15736446689803,92243800
2016-05-05,174.1403350830078,174.9984156840955,173.71554039586846,174.64158970254306,67619200
2016-05-06,174.77752685546875,174.82000891686093,173.2142855203949,173.3672053849607,89315000
2016-05-09,174.9219512939453,175.3552371968517,174.47166997414908,174.65008944223095,74374900
2016-05-10,177.09693908691406,177.1139345077505,175.55918407576223,175.62715279540032,77472200
2016-05-11,175.44024658203125,177.17340360452437,175.44024658203125,176.63817098959558,81727000
2016-05-12,175.49118041992188,176.28130528517482,174.4801669825997,176.1113770380545,89586300
2016-05-13,173.96194458007812,175.74608774865698,173.63910937941026,175.19385974889587,96474600
2016-05-16,175.67808532714844,176.15385329050272,174.07236196897537,174.131839446247,77486800
2016-05-17,174.03842163085938,175.69511863327767,173.51166730323104,175.40626130233449,114924900
2016-05-18,174.0894317626953,175.27036094901953,173.00195796365043,173.6901235592027,120062100
2016-05-19,173.4861602783203,173.77501757533724,172.27974483456785,173.36721827580124,115430500
2016-05-20,174.58216857910156,175.1004187447686,174.0469229918874,174.0978962928205,104990400
2016-05-23,174.34425354003906,174.87948606839956,174.1573428273716,174.59911999939837,58682600
2016-05-24,176.60414123535156,176.91849812298545,175.1343552297733,175.15984187421589,93537800
2016-05-25,177.8020782470703,178.21838174260373,176.60415401675047,177.28382816638836,76621400
2016-05-26,177.85301208496094,178.1673689256093,177.53866820801582,177.93797619620713,55280700
2016-05-27,178.61767578125,178.62616700810963,177.9634883293139,178.014461617882,64211200
2016-05-31,178.27783203125,178.99998818828732,177.71709993028256,178.88953742072263,109879400
2016-06-01,178.64317321777344,178.82157973853978,177.47073565505667,177.66613759427415,69936200
2016-06-02,179.18692016601562,179.20390262173052,177.76810729142292,178.24387532557296,63044700
2016-06-03,178.65164184570312,178.99997657950476,177.4452265624016,178.62615520310342,101757100
2016-06-06,179.5607147216797,179.91754069385723,178.8470498136199,179.00847386468456,64887000
2016-06-07,179.84112548828125,180.4018577517311,179.6882055784543,179.71369223009214,60974800
2016-06-08,180.42733764648438,180.55478386360957,179.84962294605026,179.97705619946709,66170900
2016-06-09,180.1809539794922,180.29989599837947,179.42481979577144,179.696681711639,73786900
2016-06-10,178.4732666015625,179.14443658039636,177.9295168943366,178.8046059770867,113829200
2016-06-13,177.09693908691406,178.72814946710477,177.01198791014727,177.87006868862602,117751200
2016-06-14,176.74856567382812,177.34328859989924,175.79702973404218,176.71458780328072,125059300
2016-06-15,176.5022430419922,177.87008284476488,176.31533228903874,176.74861832704423,109124500
2016-06-16,177.02896118164062,177.1988894537725,174.66710339252674,176.5022198364116,149533100
2016-06-17,176.36959838867188,176.95031712125797,175.712009092323,176.92469794370965,117055700
2016-06-20,177.5054931640625,179.00854191906885,177.4200871876243,178.3338816172478,82789600
2016-06-21,178.00938415527344,178.41930424189601,177.44573589171452,177.889823587045,72461700
2016-06-22,177.71902465820312,178.91463034063102,177.57383186786404,178.188718513434,95560500
2016-06-23,180.03334045410156,180.0845788252311,178.7181744809967,179.17933285228438,102731400
2016-06-24,173.56851196289062,180.06751041927396,173.12442435540223,173.90157441072643,333444400
2016-06-27,170.45994567871094,172.16796111424463,169.64862792193355,172.15941269714784,230775800
2016-06-28,173.53439331054688,173.56001250367444,171.75805541065586,172.06549875931248,159382400
2016-06-29,176.4892578125,176.71983053966585,174.8324805698264,174.93495733745567,137328600
2016-06-30,178.8975067138672,178.94874508440498,176.4038061090953,176.9589188625386,165021900
2016-07-01,179.2732696533203,179.76006022892233,178.73524070789102,178.8975042330917,106055300
2016-07-05,177.98374938964844,178.5559329897525,177.3859466008176,178.4449078178541,109803700
2016-07-06,179.05123901367188,179.17079955807648,176.83081401059002,177.4884035203763,96021500
2016-07-07,178.94024658203125,179.8967311122073,178.17164480330044,179.23060609567406,85593800
2016-07-08,181.6046905517578,181.85236002539787,180.00770068889682,180.23828636373955,133971000
2016-07-11,182.2452850341797,182.81748180834364,181.86098407615486,182.0659506682939,73633900
2016-07-12,183.5689239501953,183.8678318111423,182.27082879943083,183.2102423357317,101275600
2016-07-13,183.54336547851562,183.9959885963289,183.05658778041246,183.98745320903785,87324100
2016-07-14,184.56809997558594,185.03780671506956,184.17526381610546,184.80722103730116,91230900
2016-07-15,184.32046508789062,185.3281878185356,183.87637747942776,185.1317697158225,107155400
2016-07-18,184.81581115722656,184.97807470667493,184.18384076230222,184.4400456808458,58725900
2016-07-19,184.62789916992188,184.6620537391259,184.14965701433712,184.39731347665014,54345700
2016-07-20,185.39651489257812,185.6356359885821,184.6279132312971,184.6279132312971,58159500
2016-07-21,184.69622802734375,185.50753264431123,184.25214042488253,185.28549535864153,67777300
2016-07-22,185.524658203125,185.57589658587986,184.55108983740817,184.81583016905816,62787500
2016-07-25,185.02078247070312,185.37092879203456,184.44006342850685,185.31969040962014,55873100
2016-07-26,185.10614013671875,185.46482175110378,184.26066795423316,184.91825742949973,70080500
2016-07-27,184.90977478027344,185.55028063815573,184.14115993213971,185.48195844957993,84083900
2016-07-28,185.12326049804688,185.41362000068634,184.25216895900456,184.71332740254232,65035700
2016-07-29,185.422119140625,185.78080075573368,184.57665998755502,184.85848404895214,79519400
2016-08-01,185.2684326171875,185.87477078706675,184.81580957844722,185.48193454229607,73311400
2016-08-02,184.08135986328125,185.1744886620766,183.24443597726173,185.02076050196183,92295500
2016-08-03,184.619384765625,184.67917156164796,183.72268707427097,184.02158196101436,53993600
2016-08-04,184.81581115722656,185.13178983912698,182.97115138106105,184.7304051740042,46585500
2016-08-05,186.32737731933594,186.37008030679934,184.81579320588517,184.81579320588517,71892200
2016-08-08,186.2163543701172,186.61773897293264,185.95161410679665,186.51524920275074,39906500
2016-08-09,186.32737731933594,186.82270330544242,186.00286328308303,186.28468736299476,51251700
2016-08-10,185.86624145507812,186.51528263734355,185.51609515902592,186.43842506927075,57941100
2016-08-11,186.728759765625,186.97642927134805,186.13095704148282,186.3956973170942,72504300
2016-08-12,186.56655883789062,186.78006079832295,186.16517410978778,186.4213660374062,61313500
2016-08-15,187.10455322265625,187.4546995246367,186.9252188941168,186.93375428033923,49813500
2016-08-16,186.13951110839844,186.75438462109534,186.13951110839844,186.68607547722425,53213600
2016-08-17,186.4897003173828,186.6263447083874,185.33679747498837,186.1737215654203,75134300
2016-08-18,186.9081268310547,186.94228140555919,186.35302703527333,186.46403917575554,52989300
2016-08-19,186.6348419189453,186.8141892743431,185.95164616592666,186.43842379150863,75443000
2016-08-22,186.62631225585938,186.85689799669217,186.02850943807448,186.3957265150266,61368800
2016-08-23,187.00209045410156,187.54011954222074,186.94230365269942,187.24121159746008,53399200
2016-08-24,186.0455780029297,186.95082405730236,185.62710954919459,186.85688269140766,71728900
2016-08-25,185.91749572753906,186.33596424136022,185.50757563165044,185.66129078093684,69224800
2016-08-26,185.56732177734375,187.13015738473075,184.67915952994585,186.10535078200306,122506300
2016-08-29,186.48110961914062,186.7458499037358,185.66125654740873,185.6954241505889,70502200
2016-08-30,186.17367553710938,186.67753694435032,185.6185757536911,186.39571284425205,58114500
2016-08-31,185.6441650390625,185.96014366200822,184.8670150425582,185.8405831264784,85269500
2016-09-01,185.65274047851562,185.9430999801453,184.49128944087306,185.63565667514803,97844200
2016-09-02,186.4897003173828,186.91670426592736,185.9175165900683,186.50678412403997,79293900
2016-09-06,187.05325317382812,187.13011071786315,186.05406600801362,186.7714291479133,56702100
2016-09-07,187.03627014160156,187.21561753875966,186.42993181494552,186.8910903587244,76554900
2016-09-08,186.60919189453125,186.97642193066534,186.3017486440252,186.70313324971704,74102900
2016-09-09,182.1427459716797,185.3452745786899,182.1171267853134,185.2940362059573,221589100
2016-09-12,184.75601196289062,185.15739660107457,181.31436217421583,181.38268434998358,168110900
2016-09-13,182.1000518798828,183.7397450430388,181.47662992931066,183.4750047502392,182828800
2016-09-14,182.03172302246094,183.35543746900495,181.4766232696146,182.15128357066425,134185500
2016-09-15,183.85073852539062,184.23503930455087,181.69010053449708,181.8694478480362,134427900
2016-09-16,183.1400909423828,183.41476016392667,182.4534440824219,183.23450685016985,155236400
2016-09-19,183.17442321777344,184.43615706862911,182.8482568055404,183.7924158425578,80250500
2016-09-20,183.18301391601562,184.18724872391758,183.14868681099702,184.0327571059094,69665300
2016-09-21,185.24295043945312,185.4231906182393,183.20014110023288,183.88680091229358,110284400
2016-09-22,186.41024780273438,186.71066555155627,186.00684876700922,186.25575622696041,76678700
2016-09-23,185.38888549804688,186.15279119157253,185.29446959898425,186.01545659349085,73630900
2016-09-26,183.88682556152344,184.73655556931107,183.68940216236516,184.55631536636452,89827300
2016-09-27,185.02838134765625,185.12278414433544,183.35464386091715,183.72372893489282,78494800
2016-09-28,185.94679260253906,186.1012973023667,184.2902381859078,185.2515541956856,87411000
2016-09-29,184.2644500732422,186.14417622049535,183.71512484683936,185.74076407487726,128070600
2016-09-30,185.6549530029297,186.35876986017539,184.84812865424877,185.0970361399101,117202900
2016-10-03,185.20863342285156,185.43179232349547,184.57347072524445,185.24297362107262,83512100
2016-10-04,184.2644500732422,185.54335380051515,183.67221925015588,185.32019492936436,119948100
2016-10-05,185.0799102783203,185.50907112348864,184.82241115182939,184.89107845869026,72816000
2016-10-06,185.20863342285156,185.43179232349547,184.31598472332772,184.85671842430108,62927400
2016-10-07,184.57347106933594,185.65496466719526,183.8439055676314,185.48330296661467,89788300
2016-10-10,185.53480529785156,185.9982932119312,185.38889219347558,185.53480529785156,51855000
2016-10-11,183.1915740966797,185.1743080081347,182.4620085896904,185.10564070801541,130367400
2016-10-12,183.43194580078125,183.95552258886428,182.83111010200201,183.32893828550314,73866100
2016-10-13,182.83103942871094,183.3288674197768,181.2860713632012,182.10147408598587,101357000
2016-10-14,182.9254913330078,184.2730625030485,182.84824553390877,183.80956151455825,93346200
2016-10-17,182.2904052734375,183.15730565832382,182.1101519157727,182.89980647463946,58275700
2016-10-18,183.43194580078125,183.94693098937003,183.05428213764588,183.88685527766236,76869700
2016-10-19,183.9211883544922,184.23018471645503,183.33753583575734,183.6980294085555,66519200
2016-10-20,183.5778350830078,184.13573890575714,182.91692375835873,183.5692434846294,73639800
2016-10-21,183.6636505126953,183.7494879106389,182.6164971231346,183.57782621169983,89089100
2016-10-24,184.44479370117188,184.81387893085665,184.09287857673948,184.5392096346305,60146600
2016-10-25,183.8267059326172,184.5219442212793,183.6636227593367,184.2644451633073,66542300
2016-10-26,183.45767211914062,184.0413245480299,182.76242058903588,183.00276269752138,75705500
2016-10-27,182.96836853027344,184.2129319222733,182.8911227486954,184.17860482944252,77220200
2016-10-28,182.42767333984375,183.62073988076526,181.71527791279635,182.9426715562345,140623200
2016-10-31,182.43624877929688,182.985574049549,182.27316558865292,182.76240206363727,61272500
2016-11-01,181.1144256591797,182.81391175900075,179.90420222663423,182.76240146453398,122781800
2016-11-02,180.02435302734375,181.1916707711364,179.58660068782996,180.80541562522504,103330800
2016-11-03,179.20042419433594,180.45357978386227,178.92576802899876,180.23899933405616,88939300
2016-11-04,179.00299072265625,180.1531386417637,178.85707760727243,179.31198705433658,109122100
2016-11-07,182.9512481689453,182.98558836805617,179.00297657285438,179.00297657285438,109794900
2016-11-08,183.77523803710938,184.34173343556697,182.29034533837805,182.55642293848587,106772100
2016-11-09,185.72360229492188,186.34159479583778,182.25597625123305,182.28172484735904,258429000
2016-11-10,186.1871337890625,187.38020037818183,184.72798957960677,186.51330021241645,172113300
2016-11-11,185.75796508789062,185.99829409588128,184.81381915562696,185.46613887775177,100552700
2016-11-14,185.90386962890625,186.48753511924482,185.15713403826015,186.28153322319332,94580000
2016-11-15,187.35443115234375,187.35443115234375,186.08411889656378,186.2901076912078,91652600
2016-11-16,187.0025177001953,187.23426819301946,186.6162756101203,186.73644010696472,65617700
2016-11-17,187.96388244628906,188.02395815763933,187.0454718984963,187.15705791565438,69797200
2016-11-18,187.5432891845703,188.20420055273274,187.36303586708976,188.0325388341963,86265800
2016-11-21,188.9595489501953,188.98529755779083,187.97248406716224,188.11839720918744,72402600
2016-11-22,189.32859802246094,189.5088382412324,188.59901935461593,189.26850921823745,67429000
2016-11-23,189.43157958984375,189.48307679171555,188.61617666732693,188.813586973485,56620200
2016-11-25,190.1353759765625,190.1697030727558,189.6976236441837,189.77488253027462,37872300
2016-11-28,189.24273681640625,190.10105838971697,189.13974241863227,189.8264022966704,76572500
2016-11-29,189.61184692382812,190.06675636995516,188.9766841608632,189.27710198994313,69886700
2016-11-30,189.1569366455078,190.39292196424532,189.09684784117636,190.22983874900225,113291800
2016-12-01,188.46163940429688,189.45728229215683,188.10113288463475,189.45728229215683,79040500
2016-12-02,188.55606079101562,189.04531033243993,188.1955673327304,188.5474822909184,74840300
2016-12-05,189.68910217285156,190.03242562578706,189.19127399822997,189.38868432882037,67837800
2016-12-06,190.28988647460938,190.32422667116327,189.39723781842213,189.87789579459584,59877400
2016-12-07,192.77902221679688,192.83909791390192,190.0152258232298,190.13539031438717,110738100
2016-12-08,193.25108337402344,193.72316282546717,192.48717775148606,192.75326842189756,99714400
2016-12-09,194.41842651367188,194.43559661331304,193.43994038530235,193.4742805845847,88005800
2016-12-12,194.19525146484375,194.80466553044005,193.7746691887591,194.3239944590801,102016100
2016-12-13,195.49134826660156,195.98917643082981,194.83902848086277,194.85619858223612,110477500
2016-12-14,193.877685546875,195.89473343151758,193.43993315255847,195.19091653592832,142501800
2016-12-15,194.67593383789062,195.5342554988994,193.88627948139643,194.1180299970146,124972600
2016-12-16,194.29515075683594,195.19307389517814,193.97570417303768,195.1326309338425,156420200
2016-12-19,194.71824645996094,195.14130774183513,194.32972778329568,194.47650092007393,90341100
2016-12-20,195.4693603515625,195.6161466451417,195.0204119300411,195.2535152040126,89838800
2016-12-21,194.9254608154297,195.51255335726185,194.9254608154297,195.339879855202,67909000
2016-12-22,194.5886993408203,194.8995168446474,194.19153851820872,194.77864410283357,56219100
2016-12-23,194.8737030029297,194.88233206898292,194.44201256562894,194.63194423782636,36697800
2016-12-27,195.3571014404297,195.7542490766812,195.12398502619658,195.14125632425026,42672500
2016-12-28,193.74258422851562,195.63338968308497,193.63035371886235,195.6161315579945,64095000
2016-12-29,193.69949340820312,194.16571325719877,193.25916075588654,193.81172395706275,48696100
2016-12-30,192.99148559570312,194.11388313342871,192.30077840524552,194.02753979431756,108998300
2017-01-03,194.46788024902344,194.9772717176174,193.29368192997538,194.29519356381343,91366500
2017-01-04,195.62481689453125,195.77159004486924,194.78733649178588,194.79596555681337,78744400
2017-01-05,195.4693603515625,195.62477570835244,194.67505178947582,195.3571298332533,78379000
2017-01-06,196.16871643066406,196.6349361687553,195.03767675239263,195.58161075861804,71559900
2017-01-09,195.5211639404297,196.04782659963823,195.48662134112396,195.90968255069856,46939700
2017-01-10,195.5211639404297,196.3759022481929,195.13263215601918,195.53842206594092,63771900
2017-01-11,196.07371520996094,196.07371520996094,194.77000223421376,195.4348089025154,74650000
2017-01-12,195.58160400390625,195.77154878764264,194.22610332812465,195.55570364013695,72113200
2017-01-13,196.03054809570312,196.33272337074413,195.71973058408247,195.75426000797762,62717900
2017-01-17,195.33987426757812,195.79746496331217,194.95135560552103,195.39167499929997,61240800
2017-01-18,195.77159118652344,195.81476286020285,195.03771225640872,195.5902754267279,54793300
2017-01-19,195.04632568359375,195.98740742972183,194.6146353588587,195.84926336401224,66608800
2017-01-20,195.762939453125,196.25505958847907,195.09813264304947,195.72839684852326,129168600
2017-01-23,195.25355529785156,195.82338976618874,194.49378918088036,195.76295996301994,75061600
2017-01-24,196.50546264648438,196.91988171493335,195.3571646758191,195.46939521414495,95555300
2017-01-25,198.20623779296875,198.20623779296875,197.29104353482225,197.4550879129253,84437700
2017-01-26,197.99908447265625,198.327173332776,197.7227963432621,198.05951426712176,59970700
2017-01-27,197.68829345703125,198.22358531192515,197.50697770100385,198.07681216378148,59711100
2017-01-30,196.4622802734375,197.0234724569335,195.4780268056416,196.99757208995024,79737300
2017-01-31,196.4449920654297,196.50543503261844,195.4003088892889,195.97013008802804,75880800
2017-02-01,196.52273559570312,197.36021603464965,195.93564296897333,196.44503448466165,79117700
2017-02-02,196.65219116210938,196.93710832392662,195.8319822761067,196.52267617538791,69657600
2017-02-03,198.00772094726562,198.18903668573455,197.24795491128205,197.55877248141195,80563200
2017-02-06,197.65370178222656,197.9990619046049,197.3169838967462,197.60190105740523,57790100
2017-02-07,197.66241455078125,198.28404981873803,197.47246970923078,198.04230423388222,57931200
2017-02-08,197.92141723632812,198.05091908529695,197.11846625028537,197.66240036424514,51566200
2017-02-09,199.09555053710938,199.3977258106109,197.92135251854037,197.92135251854037,65955200
2017-02-10,199.88125610351562,200.10574351134014,199.11284782674448,199.44093670024577,66015900
2017-02-13,200.96914672851562,201.22816359590007,200.347511516451,200.3734118857749,55182100
2017-02-14,201.7720489501953,201.78069118787627,200.44244858746455,200.78779556699018,71109000
2017-02-15,202.82537841796875,203.0153232127471,201.50440709237412,201.55620782292402,86785800
2017-02-16,202.65269470214844,203.03258427254195,201.90155779877912,202.85126855062055,84722400
2017-02-17,202.97213745117188,202.97213745117188,201.97061281627794,201.9878841166429,77204100
2017-02-21,204.18089294433594,204.35356643805537,203.33477042906745,203.34341266694642,88946100
2017-02-22,203.9995880126953,204.22406224900018,203.61106933772223,203.77511377639047,62115200
2017-02-23,204.13771057128906,204.53485826860089,203.37793142979874,204.5176001420342,74615900
2017-02-24,204.39671325683594,204.43987174441176,203.24841556069094,203.29158722240828,82381600
2017-02-27,204.71621704101562,204.8888905619911,204.06005239165071,204.3104270209434,56515400
2017-02-28,204.1636199951172,204.57803901152806,203.77510134384804,204.33629348744313,96961900
2017-03-01,207.02137756347656,207.48761041623703,205.80400788299661,205.82127918195025,149158200
2017-03-02,205.71771240234375,206.8401098889274,205.6659116708949,206.8314676509237,70246000
2017-03-03,205.84715270996094,206.0111970932836,205.25141812805833,205.63130761067097,81974300
2017-03-06,205.2342071533203,205.58818318512778,204.62983019715523,205.0528914316423,55391500
2017-03-07,204.62118530273438,205.28599199859568,204.41396923315463,204.9320028200333,65103700
2017-03-08,204.24130249023438,205.17375507284743,204.10315843929723,204.91473827087572,78168800
2017-03-09,204.50035095214844,204.82843983038214,203.53336879416761,204.36220687982436,90683900
2017-03-10,205.2169189453125,205.50183609925148,204.26719509884924,205.45866443820472,81991700
2017-03-13,205.32054138183594,205.36371304729602,204.82842128319064,205.1564969575733,57256800
2017-03-14,204.5348663330078,204.8284257600669,203.9218734621619,204.77661185589673,59880800
2017-03-15,206.3047637939453,206.7278249733386,204.87154903026095,205.10466544944833,96081800
2017-03-16,205.89901733398438,206.52065246681713,205.57094163964848,206.4429513687489,78344000
2017-03-17,205.5374298095703,206.35254049942546,205.5374298095703,206.16176934939736,89002100
2017-03-20,205.31201171875,205.82361932466796,204.92180275205763,205.53746255403775,52537000
2017-03-21,202.67587280273438,206.04036769204072,202.54580758029502,205.91896907394496,131809300
2017-03-22,203.15277099609375,203.43892767511824,202.08619663351524,202.7105360729405,97569200
2017-03-23,202.93603515625,204.0719823082905,202.56317266330282,203.15281936790532,100410300
2017-03-24,202.78860473632812,203.81181976966536,202.00818693908641,203.23951955970136,112504900
2017-03-27,202.58045959472656,202.8406032355756,200.8375196945119,201.11499654168372,87454500
2017-03-28,204.05462646484375,204.47951500442747,202.16426146852515,202.27699348014863,93483900
2017-03-29,204.245361328125,204.47949192913052,203.54298275656367,203.76844675436723,61950400
2017-03-30,204.8957061767578,205.0951571260625,204.01123635075146,204.18466102851025,56737900
2017-03-31,204.4188232421875,205.0865090164155,204.36678392250064,204.55755506698202,73733100
2017-04-03,204.06326293945312,204.67025592884897,202.8319305234059,204.47081821050207,85546500
2017-04-04,204.193359375,204.280078343088,203.39559514812635,203.77713743738263,56466200
2017-04-05,203.58631896972656,205.84954590359206,203.37820143356575,204.86967736408383,108800600
2017-04-06,204.1586456298828,204.6789196571488,203.28282918541828,203.72507732476717,69135800
2017-04-07,203.95054626464844,204.64425826097678,203.4649518366553,203.90718678397994,74412300
2017-04-10,204.07192993164062,204.8696940380048,203.54297606170348,204.08927636892926,67615300
2017-04-11,203.8291473388672,203.9331995071442,202.33767118010337,203.69040229352734,88045300
2017-04-12,202.93603515625,203.74247930396604,202.71058433945345,203.5517081391927,81864400
2017-04-13,201.6179656982422,203.33490603007775,201.6179656982422,202.59783448274314,92880400
2017-04-17,203.4042510986328,203.4042510986328,201.9387880376458,202.13822576308058,68405400
2017-04-18,202.79725646972656,203.33489022290559,202.11222429628782,202.66719125687618,83225800
2017-04-19,202.4244384765625,203.73381042203994,202.19897441618463,203.3609479090441,68699900
2017-04-20,204.07192993164062,204.5141780780443,202.71919891513377,203.04003523197187,92572200
2017-04-21,203.42160034179688,204.0459398398568,203.0227248594819,203.99391375359454,110389800
2017-04-24,205.6588134765625,205.8669310518589,203.39558611710683,205.66748008040375,119209900
2017-04-25,206.8554229736328,207.20227229488893,206.2137371747102,206.30045612075094,76698300
2017-04-26,206.72537231445312,207.70524096418976,206.68202606706552,206.82075787532534,84702500
2017-04-27,206.89878845214844,207.20227830919333,206.36115478770645,207.04620007953378,57410300
2017-04-28,206.44790649414062,207.18496474801913,206.31782805066376,207.15895170561492,63532800
2017-05-01,206.96817016601562,207.39307188967717,206.55194827702297,206.96817016601562,66882500
2017-05-02,207.04624938964844,207.22834070095143,206.63869405097995,207.10694208293043,57375700
2017-05-03,206.79476928710938,207.1416319274124,206.11840367783955,207.04624635526116,73137700
2017-05-04,207.03753662109375,207.17628165717863,206.1877464301199,207.09824253617649,61462700
2017-05-05,207.85263061523438,207.8699770512272,206.9681476199527,207.41039573332046,62001300
2017-05-08,207.8180389404297,208.04348977795078,207.3931370832013,207.89607808824937,48385700
2017-05-09,207.62718200683594,208.27753443298593,207.28031944068357,208.07809672710707,51363200
2017-05-10,208.0000762939453,208.0000762939453,207.37573681053132,207.58385438215467,54293800
2017-05-11,207.57522583007812,207.73998395055054,206.49130475482116,207.54921278278863,62358300
2017-05-12,207.22833251953125,207.6185414026606,206.95952224963003,207.32371808931455,53912700
2017-05-15,208.37295532226562,208.4943539331432,207.63588382171568,207.65323026082854,61918900
2017-05-16,208.1822052001953,208.69381273828816,207.79199628523395,208.66779969272122,51241800
2017-05-17,204.4881591796875,208.18215632905066,204.4274532666438,208.18215632905066,172174100
2017-05-18,205.31201171875,206.16180219332924,204.15003819306568,204.41018191468035,107047700
2017-05-19,206.64735412597656,207.31505311972367,205.74553773938,205.7975638266799,115011400
2017-05-22,207.69654846191406,207.861306522099,207.08955552816983,207.15891480792322,61010600
2017-05-23,208.1561737060547,208.32093180101464,207.68791246443632,208.06945474087902,48341700
2017-05-24,208.64175415039062,208.7458063164518,208.05209433598128,208.39029033859103,46927700
2017-05-25,209.6389923095703,209.91648244236814,208.94529344049135,209.15339780863192,64071700
2017-05-26,209.59559631347656,209.76034115533866,209.37013232622007,209.44817144575288,46629900
2017-05-30,209.4134979248047,209.6649617278017,209.11867464364815,209.2747528872763,35201900
2017-05-31,209.36148071289062,209.74302296652962,208.6677687273157,209.7083300899503,91796000
2017-06-01,211.02633666992188,211.04368310452324,209.53486084907024,209.82101747845545,68962000
2017-06-02,211.72879028320312,211.88488178712976,210.7836143493645,211.0784376850001,88666100
2017-06-05,211.5727081298828,211.8415184151761,211.373257143443,211.55536168944082,44698800
2017-06-06,210.89634704589844,211.5640328555531,210.81829467795515,211.00906583255866,50375400
2017-06-07,211.28651428222656,211.511965042533,210.566789292094,211.23448820149852,54144300
2017-06-08,211.39060974121094,211.86753763132825,210.8616557597095,211.38194313646613,65950700
2017-06-09,211.06971740722656,212.45712799171255,209.80369218282215,211.65936392855593,132256400
2017-06-12,211.02633666992188,211.0783627422732,210.17654661479338,210.82689898209077,86108100
2017-06-13,212.0583038330078,212.11032992317647,211.21718009139528,211.5640295134911,60067000
2017-06-14,211.78948974609375,212.33577691451995,210.9656992283469,212.32711031013312,78602300
2017-06-15,211.38194274902344,211.50334137251647,210.15927667790672,210.43675357526607,66464900
2017-06-16,211.42807006835938,211.59363159818074,210.54799592602043,211.54135180896955,84553100
2017-06-19,213.18824768066406,213.24923634067045,212.16002966360008,212.25588038302146,65123800
2017-06-20,211.75051879882812,212.83972564003517,211.7331010624758,212.83101677185903,56906400
2017-06-21,211.6982421875,212.2559155667613,211.22771067524104,212.14264709483686,55977600
2017-06-22,211.6024169921875,212.20366137751898,211.4281465331309,211.70698990440846,44148100
2017-06-23,211.8550567626953,212.18616654655568,211.27995245433502,211.6633553265752,66986800
2017-06-26,211.99452209472656,212.94432066389356,211.78540286891484,212.5260556203035,56700500
2017-06-27,210.28662109375,212.0729228867936,210.26919006225233,211.7766485352585,82247700
2017-06-28,212.1687774658203,212.36918779574532,211.07084849322783,211.30612088678072,70042600
2017-06-29,210.3040313720703,212.36916298537918,209.09283407414108,212.31688319202655,106949700
2017-06-30,210.69618225097656,211.4891280533793,210.5044807757587,211.11443397145985,86820700
2017-07-03,211.0534210205078,212.07291695089415,211.0534210205078,211.63723424751635,39153800
2017-07-05,211.54136657714844,211.7504857485922,210.60899928452872,211.41937596181293,54427600
2017-07-06,209.60693359375,210.89655056421648,209.4239410235178,210.7745599493883,65400800
2017-07-07,210.96624755859375,211.11437806003448,209.61562872124975,210.18202412838315,57972300
2017-07-10,211.19285583496094,211.56754992071063,210.66132233842012,210.9663055873796,36663300
2017-07-11,211.03602600097656,211.34971813277667,209.86839934771405,211.19286541888502,50354600
2017-07-12,212.62188720703125,212.78744877653742,212.00322515843493,212.00322515843493,59610400
2017-07-13,212.97914123535156,213.092422998322,212.40403684855306,212.63060037449395,39471600
2017-07-14,213.9725341796875,214.32979726600743,212.88332718187107,212.97917792951827,60262700
2017-07-17,213.94630432128906,214.27742736411878,213.77203393410753,213.8940245347324,33531900
2017-07-18,214.05963134765625,214.11191114527443,213.19697479901293,213.53680677951223,42742500
2017-07-19,215.21853637695312,215.22724524405382,214.36458874579398,214.37331090887497,51034300
2017-07-20,215.3143768310547,215.59320682076344,214.7654124223429,215.4712162072697,47135200
2017-07-21,215.12274169921875,215.14888160331117,214.51277514777215,214.73933871121818,82340800
2017-07-24,215.07041931152344,215.20982767375511,214.59987453905043,215.04426611662504,46622300
2017-07-25,215.59324645996094,215.9243695986017,215.3666962206701,215.8197966992518,54915600
2017-07-26,215.60195922851562,215.91565134027576,215.34056021536747,215.88080257051678,47575400
2017-07-27,215.40155029296875,216.09864535654117,214.0770710017794,216.06379658655464,70766600
2017-07-28,215.14881896972656,215.27951845213977,214.4691550692181,214.92225547223714,50088400
2017-07-31,215.02682495117188,215.6454868861101,214.81769248664054,215.5496361685307,65838700
2017-08-01,215.506103515625,215.66294291021597,214.9832789416926,215.62809414341172,55050400
2017-08-02,215.6106414794922,215.7500631246833,214.67827418525408,215.636781375968,47211200
2017-08-03,215.19241333007812,215.52352315357572,214.91357000925768,215.49738325424647,40856000
2017-08-04,215.5845184326172,215.91562824584997,215.2011155263657,215.68036915918003,60191800
2017-08-07,215.98533630371094,215.98533630371094,215.54965360600968,215.6542264947249,31995000
2017-08-08,215.4537811279297,216.89154186277244,215.07910042780605,215.6716224547865,61719400
2017-08-09,215.445068359375,215.49734814951708,214.40814153496007,214.76540449556975,62632600
2017-08-10,212.4040069580078,214.73927294426474,212.35172716583438,214.6085601678515,120479500
2017-08-11,212.71774291992188,213.31027837749468,212.39534193764374,212.63061434697283,74869900
2017-08-14,214.826416015625,215.0442573617208,213.96377279451312,213.99862155965698,73291900
2017-08-15,214.80032348632812,215.2272974053868,214.49535351212924,215.20986637098062,55242700
2017-08-16,215.1749725341797,215.72393698714532,214.7479987045419,215.3231030556506,56715500
2017-08-17,211.8201904296875,214.87869118317516,211.8201904296875,214.5649991391246,128490400
2017-08-18,211.48907470703125,212.77869160921608,211.04466990113158,211.65462294297717,136748000
2017-08-21,211.65463256835938,211.91604482560402,210.72227858256187,211.42808236993656,65469700
2017-08-22,213.86790466308594,214.02474403743867,212.2210247524849,212.23845578162837,63140100
2017-08-23,213.1011505126953,213.52812440619064,212.75260962134018,212.90074016496524,50203800
2017-08-24,212.60446166992188,213.64137539039606,212.39532917464268,213.4845359909229,50741700
2017-08-25,213.1011505126953,214.01608697248088,212.95301996907025,213.39741159994543,64445900
2017-08-28,213.1099090576172,213.6588603904145,212.69164396140923,213.63272048389962,40565600
2017-08-29,213.35385131835938,213.6152503356472,211.68081783182186,211.79409960330165,51135700
2017-08-30,214.36459350585938,214.63472794374306,213.15339615295224,213.3363887339727,62030800
2017-08-31,215.6542205810547,215.8982018213985,214.3994523187264,214.98326552211907,103803900
2017-09-01,215.95916748046875,216.38614125358123,215.81103697860829,216.02887829828177,62007000
2017-09-05,214.4081573486328,215.68035661849729,213.44094127173,215.45379311653255,91398800
2017-09-06,215.14007568359375,215.47119873450276,214.55626255950273,215.0877958957615,57916900
2017-09-07,215.11398315429688,215.4625373098888,214.7044403314648,215.44510627811383,58034700
2017-09-08,214.8612518310547,215.32307436468693,214.61727061690857,214.8263897741887,63832800
2017-09-11,217.15296936035156,217.23138905249075,216.11604244435443,216.13346017862068,71364800
2017-09-12,217.8848876953125,217.91973645576547,217.33592332233192,217.5189158786517,56896000
2017-09-13,217.98948669433594,218.02434875707223,217.48409315250922,217.59737491243038,59228000
2017-09-14,217.91976928710938,218.12019290184045,217.49280875133618,217.66707917181387,95446300
2017-09-15,218.213134765625,218.3006957249808,217.67021138693656,217.7752898829497,95432400
2017-09-18,218.67727661132812,219.027547216473,218.2919709284885,218.5809501906182,46235200
2017-09-19,218.89617919921875,218.98375352353474,218.57217825078814,218.92244882412038,47108100
2017-09-20,218.97499084472656,219.08883479538468,217.97670499993538,218.9837562944486,59574100
2017-09-21,218.3882293701172,218.90488302857233,218.2130941220602,218.8173220855253,48211400
2017-09-22,218.43206787109375,218.59845107254785,218.06427975512648,218.09054938041226,51214000
2017-09-25,217.98545837402344,218.528395143318,217.24113005139031,218.17811120152052,57064400
2017-09-26,218.11679077148438,218.6597141064001,217.88035081255217,218.41452206082755,54082000
2017-09-27,218.96620178222656,219.35150736988413,217.9328810369664,218.81733614371592,81001400
2017-09-28,219.22894287109375,219.30775174481863,218.59844515736341,218.6860061186247,44778800
2017-09-29,219.99957275390625,220.07839500104708,219.03632186830936,219.2202092670468,85578000
2017-10-02,220.9540252685547,220.9540252685547,220.05205261005767,220.22720123467553,59023000
2017-10-03,221.42691040039062,221.45318002389556,220.87522158285677,220.95404381533672,66810200
2017-10-04,221.68959045410156,221.93478248211568,221.16417133009227,221.27801525808573,55953600
2017-10-05,223.003173828125,223.02067800399251,221.7246608055824,222.02239213892577,63522800
2017-10-06,222.7491912841797,223.0381704971402,222.29384224736145,222.55653847553936,80646000
2017-10-09,222.3814239501953,223.03819130584384,222.11871433554268,222.97689996753897,35803100
2017-10-10,222.9681396484375,223.34469322256305,222.4076986932,222.95063547249964,43057400
2017-10-11,223.31838989257812,223.31838989257812,222.70540977810776,222.87177959620632,47674300
2017-10-12,222.9856719970703,223.3534601456891,222.74923198654133,223.00318953613802,47065100
2017-10-13,223.25711059570312,223.53733774388797,222.98564889712773,223.42349379469215,54800400
2017-10-16,223.55482482910156,223.74747763825945,223.14326294986222,223.4847814093758,38221700
2017-10-17,223.7124481201172,223.7562352773911,223.28335535797586,223.50227778238104,31561000
2017-10-18,223.93138122558594,224.13278612429528,223.7387284139631,224.0889989649328,40888300
2017-10-19,223.99267578125,224.02771085402995,222.73169376244084,223.1520211020439,61903800
2017-10-20,225.1486358642578,225.1749322183964,223.97522787066666,224.78962649281712,89176400
2017-10-23,224.2728729248047,225.4988598658279,224.19406405984094,225.47259024417332,63915300
2017-10-24,224.66696166992188,224.9033882834358,224.30792566307667,224.70199674286374,66935900
2017-10-25,223.55482482910156,224.44803209320048,222.42519095900735,224.33418815270767,103715300
2017-10-26,223.84384155273438,224.43930425393978,223.7212455047234,224.1678558925946,69798000
2017-10-27,225.67398071289062,225.8316251660089,223.85255793086253,224.58813405767742,85562500
2017-10-30,224.83331298828125,225.57765452017483,224.53558172030918,224.58812096030857,54285700
2017-10-31,225.18360900878906,225.43756651350975,224.88587770708503,225.209878631765,60304800
2017-11-01,225.4813690185547,226.3045196085102,225.11359425006668,225.96301446634277,54202700
2017-11-02,225.56893920898438,225.7090527881011,224.34297879662896,225.41132145395284,56449500
2017-11-03,226.322021484375,226.36579528131784,225.31495691539166,225.72653215758763,59589700
2017-11-06,226.67233276367188,226.80368090203288,226.1206438586212,226.1906872911022,49652600
2017-11-07,226.51470947265625,227.11017216799166,226.00679438480307,226.77740574297073,57502200
2017-11-08,226.8999481201172,226.9962878847408,226.05929348051524,226.33952060169227,50469600
2017-11-09,226.07684326171875,226.26949608312867,224.49182016688687,225.69153761889893,95085500
2017-11-10,226.0067596435547,226.18190827946347,225.37626196778473,225.6915241676346,59984700
2017-11-13,226.2169189453125,226.44460682954087,225.28868995813082,225.3237250304575,50228600
2017-11-14,225.6915283203125,225.79660681421927,224.63192448424843,225.4113011872742,61315200
2017-11-15,224.5618438720703,225.24488069327333,223.85253743174124,224.71946158682658,80811500
2017-11-16,226.4709014892578,226.83870297952345,225.46386352096016,225.50763732326016,67777000
2017-11-17,225.80532836914062,226.44459145703757,225.72651950470316,226.12059055081866,75756800
2017-11-20,226.19068908691406,226.38334193268457,225.80538339537304,226.05060222083983,48075500
2017-11-21,227.67056274414062,227.85447682737197,226.15563662524804,226.9612562057613,69176800
2017-11-22,227.4691925048828,227.81069763269807,227.30280930386726,227.67934950661527,45033400
2017-11-24,227.99456787109375,228.0996730879914,227.8194459574578,227.9595595227246,27856500
2017-11-27,227.88075256347656,228.33610161146362,227.67933430098003,228.03837030424936,52274900
2017-11-28,230.19253540039062,230.2188050210911,228.248503296773,228.34484305529307,98971700
2017-11-29,230.0524444580078,230.8580907785463,229.60586086220994,230.32390613990088,77512100
2017-11-30,232.06658935546875,232.97728761182418,230.89316809429405,230.97197697855933,127894400
2017-12-01,231.5848846435547,232.32922621426226,228.34484887095724,231.84760758117812,164390900
2017-12-04,231.30467224121094,233.63398314544906,231.2521062772744,233.20490377739364,94040600
2017-12-05,230.47279357910156,232.18913805211622,230.34144545788914,230.47279357910156,77994500
2017-12-06,230.5165557861328,230.94566192575616,230.05244129856732,230.5690950319757,75898600
2017-12-07,231.24334716796875,231.55858258023784,230.253813695139,231.24334716796875,77218600
2017-12-08,232.50440979003906,232.5131485158571,231.20837925182036,232.19791301203568,76563900
2017-12-11,233.20492553710938,233.26623023081655,232.47811483320623,233.20492553710938,83077500
2017-12-12,233.6165008544922,234.08938078279797,233.23996069117888,233.99304101780547,85195800
2017-12-13,233.5902557373047,234.29956234221004,233.50268141192322,233.86171743923478,102905400
2017-12-14,232.63577270507812,234.00184675634205,232.58323345110134,233.8880027980811,100666700
2017-12-15,234.5729522705078,235.03943898321614,233.58717105576744,233.63997884509112,144610300
2017-12-18,236.0604705810547,236.41253151743066,235.86683303696876,235.9724486318288,83653600
2017-12-19,235.15391540527344,236.35092803483727,235.08348709734065,236.3069304877763,82382900
2017-12-20,235.03073120117188,236.17493628273866,234.73147797769343,236.1221284703916,76751500
2017-12-21,235.51480102539062,236.22776018062655,235.26835562550028,235.65563080540426,67032300
2017-12-22,235.4531707763672,235.56759663243676,234.91625565031677,235.5323824781393,78720900
2017-12-26,235.17147827148438,235.39151969904776,234.90743930261863,235.04824217899647,45244400
2017-12-27,235.28591918945312,235.64679037704607,235.01306995063143,235.33872698661037,57751000
2017-12-28,235.77000427246094,235.81402867797968,235.4003496850609,235.78762477887966,45116100
2017-12-29,234.8809814453125,236.36846347286163,234.68737079749977,236.35086983047577,96007400
2018-01-02,236.5621795654297,236.59739372242203,235.35635657862522,235.74363172394615,86655700
2018-01-03,238.05845642089844,238.20809643270974,236.7293974037698,236.7293974037698,90070400
2018-01-04,239.06185913085938,239.54596651632667,238.12010198488656,238.70101473112751,80636400
2018-01-05,240.65492248535156,240.77813171842422,239.36107780519546,239.85396845853816,83524000
2018-01-08,241.0950164794922,241.25343986955644,240.26765851734245,240.5581013991269,57319200
2018-01-09,241.64076232910156,242.26567261945058,241.23586666107144,241.51752620564912,57254000
2018-01-10,241.27105712890625,241.53512299871895,240.21487423124526,240.88378200827157,69574300
2018-01-11,243.0313720703125,243.0313720703125,241.65831559560675,241.82554924347087,62361500
2018-01-12,244.6157684326172,244.7829752758909,242.99623921039304,243.2955193144502,90816100
2018-01-16,243.7795867919922,246.52570051228253,243.08424810623418,245.874386244416,106555100
2018-01-17,246.1031951904297,246.49047036797927,243.77957098566594,244.71254476961712,113258800
2018-01-18,245.68946838378906,246.41118384964335,245.19655087610764,245.98872150095318,100728000
2018-01-19,246.80728149414062,246.80728149414062,245.68948066001104,246.27036641848483,140920100
2018-01-22,248.8140869140625,248.8140869140625,246.5432439734275,246.5960786362487,91322400
2018-01-23,249.34226989746094,249.63271290103532,248.5325052411439,248.85816241078558,97084700
2018-01-24,249.2454376220703,250.58330732706133,248.0660182340915,249.98477394615236,134816100
2018-01-25,249.35105895996094,250.2048211978596,248.55891479894575,250.10801581464779,84587300
2018-01-26,252.23797607421875,252.28200049326455,249.9319453091672,250.18720098591655,107743100
2018-01-29,250.565673828125,252.10596447193785,250.40725037986175,251.66588143084846,90118300
2018-01-30,247.99557495117188,250.6184523790427,247.52027780134623,248.73491115060395,131796400
2018-01-31,248.1187286376953,249.35095536070756,247.0449253089572,248.84928127883944,108364800
2018-02-01,247.83705139160156,249.1397063257959,247.0449076164335,247.3881851399711,90102500
2018-02-02,242.44166564941406,246.64885684381446,242.4064514986019,246.51681049340058,173174800
2018-02-05,232.3021697998047,242.79375870651555,231.75647126237143,240.68136600719666,294681800
2018-02-06,236.87901306152344,237.38071398653761,227.6988907174772,228.79028765425716,355026800
2018-02-07,235.59402465820312,239.7219781294161,235.51478608778726,236.32455055637257,167376100
2018-02-08,226.7571258544922,236.03408117347925,226.72191170053435,235.89325141817721,246449500
2018-02-09,230.16336059570312,232.02049757208297,222.6115362922506,229.54723378106326,283565300
2018-02-12,233.54318237304688,235.0130710287403,230.30417878341456,232.21412346392802,143736000
2018-02-13,234.1240997314453,234.66979822260853,231.75645161163467,232.33736425528434,81223600
2018-02-14,237.2839813232422,237.64485265609568,232.6278950224739,232.63670527905563,120735700
2018-02-15,240.31167602539062,240.3204862790797,236.56216098587512,239.0266414316785,111200300
2018-02-16,240.3821258544922,242.32731207420653,239.64278963010545,239.68681404688184,160420100
2018-02-20,238.8769989013672,240.8749925095738,238.08485503306727,239.4315076673359,86369700
2018-02-21,237.68878173828125,241.79916815751923,237.5919763859256,239.31709396501657,98883700
2018-02-22,237.996826171875,240.32926016216408,237.3279184312155,238.61295297407747,110511300
2018-02-23,241.79029846191406,241.79029846191406,238.74493283044296,239.22022980292311,92766400
2018-02-26,244.5980682373047,244.6949004419044,242.2744445137796,242.86414055255415,86491400
2018-02-27,241.54388427734375,245.49584682465152,241.48226622730925,244.7828878438035,99099200
2018-02-28,239.09703063964844,243.09299083312848,238.78018384941745,242.64409768643978,121907800
2018-03-01,235.6204071044922,240.434915343989,234.12411442597886,238.88581486369563,176855100
2018-03-02,236.83494567871094,237.39826455064633,233.0854585219147,233.9480036113477,139083200
2018-03-05,239.57240295410156,240.18852994271782,235.54122734168752,235.64686983214997,97307400
2018-03-06,240.17965698242188,240.6285501529497,238.68336432101546,240.54931159065572,79213200
2018-03-07,240.09161376953125,240.4436746997118,237.82079793841837,238.01443547909676,87063500
2018-03-08,241.2534637451172,241.37667299607364,239.7747915704599,240.7693564135305,66901200
2018-03-09,245.45181274414062,245.45181274414062,242.3448287927158,242.66170242288203,113625300
2018-03-12,245.1437530517578,246.36719632748682,244.7564779760254,245.74228617095227,71924800
2018-03-13,243.55943298339844,246.8072462906102,242.95211655291016,246.30554543750716,91968900
2018-03-14,242.30967712402344,244.7037296005574,241.75519513417626,244.51890227060835,105895100
2018-03-15,242.0455780029297,243.46263194836675,241.54387708563357,242.82012815022333,83433000
2018-03-16,242.30807495117188,243.3596693637448,242.25505565037898,242.5731714551364,100343700
2018-03-19,239.02955627441406,242.48479112275547,237.37705851392633,241.55692641312461,109208400
2018-03-20,239.43617248535156,240.07243131060753,238.75571291349303,239.4273269424073,59757300
2018-03-21,238.97654724121094,241.4862264091591,238.76447003403774,239.39188308399758,78709600
2018-03-22,233.00277709960938,237.59795331535972,232.72880812684755,236.74961765474657,148785900
2018-03-23,228.0364227294922,233.77159492761265,227.8420096555202,233.44463361413833,183534800
2018-03-26,234.27528381347656,234.55807137654898,229.23826181576712,231.64190216567016,141956100
2018-03-27,230.28990173339844,235.74226061596968,228.73459679677995,235.21206754040583,129941400
2018-03-28,229.60939025878906,232.09258645062064,228.50477665506375,230.42239773709733,146452300
2018-03-29,232.54330444335938,234.40790666269632,229.6182890991537,230.7494126132141,111601600
2018-04-02,227.52392578125,232.52562014188928,225.0495882525477,232.0130642531419,186286300
2018-04-03,230.4401397705078,230.91734055975408,226.96723989836562,228.76113191870314,119956900
2018-04-04,232.90560913085938,233.6125511780007,226.7551270227763,226.8876752856015,123715300
2018-04-05,234.74365234375,235.62734320129803,233.57717393944145,234.66409643463845,82652600
2018-04-06,229.51222229003906,234.27530264645085,227.99227272647158,232.78188970165434,179521200
2018-04-09,230.64337158203125,234.03674208867398,229.70666119589032,230.970332966311,105442900
2018-04-10,234.3105926513672,235.09709034906356,232.3929988613385,233.53294049080034,103529000
2018-04-11,233.08236694335938,234.7437104819056,232.75540555998597,232.82608898012964,91140200
2018-04-12,234.9999542236328,235.94551011855185,234.2311473257847,234.40789632285558,68890500
2018-04-13,234.3105926513672,236.42262644963864,233.30319923834267,236.3077423393593,85079200
2018-04-16,236.23699951171875,237.0058329975939,235.12356767856687,235.94539347563304,63405300
2018-04-17,238.7644500732422,239.36535342206966,237.49193300036845,238.00446186422565,64682000
2018-04-18,238.9412384033203,239.74537353512525,238.48170179301928,239.20633493379327,57303900
2018-04-19,237.6156463623047,238.49049167681346,236.58171619852686,238.28723307214477,77655900
2018-04-20,235.6009063720703,237.76596067728715,234.71721514024568,237.545037869331,99953100
2018-04-23,235.56552124023438,236.73199985683402,234.487417119094,236.175270200361,65558000
2018-04-24,232.39306640625,236.81152135905498,230.89078093505276,236.59059861141472,112885500
2018-04-25,232.96749877929688,233.4093443478293,230.5108384969812,232.33124008188568,103840900
2018-04-26,235.33572387695312,236.16639548906852,233.55067794884684,233.9925234034569,67731900
2018-04-27,235.5566864013672,236.24596434828754,234.61997603678594,235.9455126245644,57053600
2018-04-30,233.7450714111328,236.73195074852742,233.67436104218984,236.17522120754387,82182300
2018-05-01,234.16038513183594,234.26642370716084,231.62417002084163,233.17947437387755,74203400
2018-05-02,232.5874786376953,234.7790150265446,232.19865244584616,233.96603442039367,86368900
2018-05-03,232.0749053955078,232.728828047359,228.920122334684,231.7567896085878,136311500
2018-05-04,235.07943725585938,235.7598964903456,230.77586700224066,231.1028283116458,91222100
2018-05-07,235.87478637695312,236.84682479033765,235.1589719388645,235.84827672873547,55304900
2018-05-08,235.87478637695312,236.23707591322565,234.31063622779368,235.5036243338,67499200
2018-05-09,238.15472412109375,238.4816854756761,236.02502557830903,236.5464000313064,59666100
2018-05-10,240.381591796875,240.7085800870118,238.79095894501123,238.89699753938797,72063900
2018-05-11,241.11514282226562,241.38023938788254,239.99283776888683,240.5053937532322,59871500
2018-05-14,241.2299346923828,242.20197303980675,240.68202371955482,241.5480504494079,54790600
2018-05-15,239.56858825683594,240.01925223966236,238.6230326009291,240.00158813166456,87036100
2018-05-16,240.5760040283203,241.03554055980896,239.577428987947,239.6039656045541,53942600
2018-05-17,240.3728485107422,241.45095283807808,239.5951959509439,240.3109836552776,56536400
2018-05-18,239.77191162109375,240.39050622303347,239.4184405491771,240.02818960968182,64368000
2018-05-21,241.57455444335938,242.11361986539976,240.86761257666436,241.25643869377768,58025900
2018-05-22,240.90293884277344,242.35220471630439,240.5759775578704,242.0959268302574,52966400
2018-05-23,241.5657958984375,241.59233252189594,239.4714522218291,239.6305371220134,64694200
2018-05-24,241.0708465576172,241.4420085705214,239.28580079752527,241.16806657189602,76043800
2018-05-25,240.4964599609375,241.12387291474323,239.9927497029885,240.4964599609375,56374800
2018-05-29,237.7305145263672,239.6304715224005,236.61708233856234,238.870483330366,115908600
2018-05-30,240.90293884277344,241.344784247908,238.96768077893915,239.03836417779522,69678400
2018-05-31,239.42726135253906,240.79697172773785,238.82635789555584,240.49651999924623,93519900
2018-06-01,241.77781677246094,242.07826841884986,240.65551215742434,240.72622252604762,71258400
2018-06-04,242.92666625976562,243.18294421745537,242.36111800650752,242.5997048834602,45385200
2018-06-05,243.10345458984375,243.4834353336152,242.29044681961813,243.05925384896074,51135000
2018-06-06,245.1359100341797,245.24194865313652,243.09458571492277,243.71318028298782,62732200
2018-06-07,245.10935974121094,245.9135217591233,244.19915912192252,245.62191560533927,72969400
2018-06-08,245.83399963378906,245.8870189359492,244.48195349248826,244.64985693869826,72139700
2018-06-11,246.16098022460938,246.87676782782057,245.94005745897357,246.05494161200195,58892500
2018-06-12,246.47911071777344,246.84140030338042,245.8340065658228,246.57630378510464,72329000
2018-06-13,245.69256591796875,246.97392843756035,245.48930731397496,246.7176505400211,79070600
2018-06-14,246.3112030029297,246.84139603030306,245.7191181648838,246.55863540507366,77097600
2018-06-15,245.99688720703125,246.33420188479369,244.4168556289836,245.52642912730911,120041600
2018-06-18,245.49095153808594,245.61523679111465,244.06183366346013,244.54114998148327,52917600
2018-06-19,244.55006408691406,244.77197884561363,242.80137470479337,243.2185755347167,97531500
2018-06-20,244.96726989746094,245.6330141870954,244.62995512310675,245.2335567776329,53785500
2018-06-21,243.43154907226562,244.97609385839925,242.93446229418976,244.958323344698,71061400
2018-06-22,243.87545776367188,244.80751609244447,243.65354298385074,244.69211607266445,54898500
2018-06-25,240.55560302734375,242.88126540868595,238.86905624683794,242.72149328077796,137854200
2018-06-26,241.08819580078125,241.9403408769516,240.36919416007444,241.12370974663938,68547400
2018-06-27,239.09097290039062,243.10318209396516,238.94005894114787,241.6740640121467,105110700
2018-06-28,240.4579620361328,241.2213357813261,238.3275587424145,239.03770220338833,76650500
2018-06-29,240.8041534423828,242.91678638094555,240.68875342804373,241.54978381672169,97592500
2018-07-02,241.31895446777344,241.4787536700917,238.99329230174064,239.23297756061706,63554800
2018-07-03,240.4668426513672,242.31318873303871,240.0407836242166,242.2155321465129,42187100
2018-07-05,242.42861938476562,242.49076203742376,240.52015730001455,241.59424456152084,56925900
2018-07-06,244.4790496826172,244.8518512865387,242.07347432791317,242.45518827943604,66493700
2018-07-09,246.68040466308594,246.7336620303323,245.43768761200442,245.48205972164303,50550400
2018-07-10,247.5681915283203,247.6658481448804,246.84030434746882,247.13324710793506,51966800
2018-07-11,245.75730895996094,246.8047673860751,245.45550808776144,246.01473770859317,77054700
2018-07-12,247.9853057861328,248.03856316228035,246.41415901137128,247.01776066717977,60124700
2018-07-13,248.18055725097656,248.48235803679225,247.35504094661,247.80775566993393,48216000
2018-07-16,247.95870971679688,248.36702535070975,247.51488013104566,248.2250237217725,48201000
2018-07-17,248.96168518066406,249.35225725189926,247.13311006951704,247.1863674347583,52315500
2018-07-18,249.4854278564453,249.5919425985369,248.5977688867464,249.04159837159585,44593500
2018-07-19,248.54454040527344,249.20139945065603,248.06519692094298,248.81971255072858,61412100
2018-07-20,248.26046752929688,248.97061099686556,248.1006954075452,248.3403535901727,82337700
2018-07-23,248.72210693359375,248.92625120286243,247.71016249054702,248.05636256502333,47047600
2018-07-24,249.97360229492188,250.81688906019508,249.10371393621796,250.13340147989928,68026900
2018-07-25,252.1040496826172,252.42359393047738,249.6807307795288,249.72510289533034,78882900
2018-07-26,251.50927734375,252.19276496602095,251.28736261180742,251.38501918024653,57919500
2018-07-27,249.80506896972656,251.9354456744102,248.88189579832016,251.83778907407216,76768700
2018-07-30,248.50018310546875,250.0447013158275,247.97644038274046,249.88492917459178,63742500
2018-07-31,249.72506713867188,250.33755394857604,248.8818074347574,249.26349426145134,68570500
2018-08-01,249.30787658691406,250.43522077645216,248.659902898579,249.92924867985008,53853300
2018-08-02,250.66603088378906,250.8346611669265,247.79888264321872,248.00305395952506,63426400
2018-08-03,251.74012756347656,251.79338494263322,250.61278316317959,250.7903258198392,53935400
2018-08-06,252.66322326660156,252.97388218684088,251.38499237975012,251.77556443346572,39400900
2018-08-07,253.49765014648438,253.8793641115752,253.19584933141965,253.32901985532757,43196600
2018-08-08,253.39109802246094,253.7905553568563,252.92952515383473,253.32898248823008,42114600
2018-08-09,253.04501342773438,253.84390128604824,252.91186996621687,253.453329072791,35717000
2018-08-10,251.3495635986328,252.14845140127855,250.63942003800895,251.6069923324344,77076000
2018-08-13,250.40866088867188,252.23723663812476,250.1157181883877,251.62474963484885,65732900
2018-08-14,252.0064239501953,252.2461092546333,250.74596314374196,251.13653533173775,43842000
2018-08-15,250.1246795654297,250.79930941821226,248.68667558594407,250.65728065503612,102925400
2018-08-16,252.14840698242188,253.0183225324878,251.52703486248876,251.5625488065655,69967900
2018-08-17,253.03614807128906,253.47997770406536,251.53600174536825,251.94431742254338,65618500
2018-08-20,253.57745361328125,253.84374036750975,253.03596776076105,253.4886823321412,39807500
2018-08-21,254.1723175048828,255.0333479630859,253.61308790667158,254.09243143216798,67272000
2018-08-22,254.02137756347656,254.5450931013599,253.49763493639148,253.76394887902484,44993300
2018-08-23,253.6840362548828,254.70483853839855,253.36446497503155,253.843808350209,49204900
2018-08-24,255.21083068847656,255.35285936968114,254.20777175129484,254.26102912059642,57487400
2018-08-27,257.225830078125,257.33234482639574,256.24939973697053,256.40917185937667,57072400
2018-08-28,257.3502502441406,257.79407998738856,256.8886499740634,257.68753809406616,46943500
2018-08-29,258.7348937988281,258.9656667527116,257.32351902828185,257.5631772420402,61485500
2018-08-30,257.6873474121094,258.628263604404,257.09263116619366,258.25546206590116,61229500
2018-08-31,257.6962890625,258.1401185744521,256.790886610231,257.27908823769684,66140800
2018-09-04,257.2525634765625,257.60762181172146,256.2495040400578,257.2791921744691,57594400
2018-09-05,256.56011962890625,257.10160578959284,255.54820229775174,256.89743443569347,72452400
2018-09-06,255.78787231445312,256.96844710347045,254.7581844159346,256.66664623326454,65909900
2018-09-07,255.290771484375,256.26720194628166,254.50074185499375,254.74042715744764,73524800
2018-09-10,255.73458862304688,256.56899033274806,255.539302540155,256.30267635287424,50210900
2018-09-11,256.5777587890625,257.02158817779235,254.74032570750984,255.08649854433716,50530500
2018-09-12,256.6399841308594,257.24358579269136,255.8499816506508,256.58672675418035,59810800
2018-09-13,258.1579284667969,258.34435641404013,257.4211832065274,257.7052406687176,51034200
2018-09-14,258.20233154296875,258.54850457020456,257.4211870548733,258.3621037093853,55079900
2018-09-17,256.8353271484375,258.1845594721034,256.5601549448557,258.14907260591986,68244000
2018-09-18,258.2288818359375,258.8235981934395,257.02165151471684,257.0482802010348,61930400
2018-09-19,258.50408935546875,258.9212902243807,258.1578892967261,258.2821745760306,49080600
2018-09-20,260.5988464355469,260.9184176750307,258.5217281910864,259.7644721245067,100360600
2018-09-21,260.36083984375,261.45761269257395,260.200344464458,261.34169029247494,105479700
2018-09-24,259.4959716796875,259.9239866684046,258.9163867572712,259.7813150054989,53409600
2018-09-25,259.25518798828125,260.05769215619654,259.0144449014566,259.95069522871887,44370000
2018-09-26,258.4795227050781,260.5838689069124,258.06043311920877,259.39794960025876,79739700
2018-09-27,259.20172119140625,260.28956877338703,258.6756347591469,258.95205259284523,59249500
2018-09-28,259.2283630371094,259.7277000273732,258.54178147845295,258.577428969311,70091400
2018-10-01,260.12896728515625,261.1989634661565,259.4602094675966,260.46778172145326,62078900
2018-10-02,259.9773864746094,260.69071730657924,259.6028973119646,259.9773864746094,47258200
2018-10-03,260.1202087402344,261.44879974930035,259.7635431176752,261.0297101595366,64694600
2018-10-04,258.0870361328125,259.69204411596644,256.4998518963773,259.6385456639831,111545900
2018-10-05,256.64263916015625,258.82723283215563,255.21594963674153,258.31007182598546,105951700
2018-10-08,256.64263916015625,256.9993047380501,254.57394071179687,255.95603003057528,87742200
2018-10-09,256.2680969238281,257.5699383979539,255.7063357693403,256.25919865326443,74339000
2018-10-10,248.15383911132812,255.83119659050328,247.77934979732228,255.7598471513721,214731000
2018-10-11,242.6878662109375,248.6888380999141,241.0739049737835,247.06597859221083,274840500
2018-10-12,246.05836486816406,247.07486285260504,242.86614485598972,246.7895195822303,183186500
2018-10-15,244.6762237548828,247.03026467764224,244.58705059050632,245.70164711563956,102263700
2018-10-16,250.0262908935547,250.40080730492338,246.16534044473926,246.63792829013926,118255800
2018-10-17,250.0709991455078,250.6951571517335,247.494037764788,250.06207366152813,110626000
2018-10-18,246.4596405029297,249.73210870124333,245.18454828665827,249.1346728395284,134557500
2018-10-19,246.3258819580078,249.04548714557046,245.63037467389387,247.11056242456397,139901600
2018-10-22,245.22021484375,247.31563500155545,244.6852029518663,246.99464419352634,82415800
2018-10-23,243.97178649902344,245.09530848280906,239.51340048314862,241.5999490849873,146352700
2018-10-24,236.579833984375,244.1055927711054,236.02699839773905,243.72215084103613,177806700
2018-10-25,240.82424926757812,242.36686115191208,237.39131263295704,238.4167363242791,138061500
2018-10-26,236.58877563476562,241.64459895888504,233.87809566701173,237.11488929847306,201574600
2018-10-29,235.27801513671875,240.97584749722535,231.70240681944074,239.6829042207381,160749100
2018-10-30,238.76443481445312,239.07652733010562,234.6181405688793,235.10857943971416,157116000
2018-10-31,241.3146514892578,243.6330180983539,240.8598873218433,241.332475240434,128296300
2018-11-01,243.88270568847656,244.07887581404464,241.09175094319107,242.17959851009834,99495000
2018-11-02,242.43814086914062,245.4163396224673,240.38726686446276,244.98832474567004,122634100
2018-11-05,243.77565002441406,244.3284855509738,241.95662086296792,242.92854577447287,65622500
2018-11-06,245.31825256347656,245.47874794542096,243.65082037900277,243.71324432036943,60085900
2018-11-07,250.57028198242188,250.65052968527576,247.06596902012262,247.49398398051218,102752100
2018-11-08,250.1156005859375,250.75760963313456,248.9742541922366,249.76783321327704,65584900
2018-11-09,247.67230224609375,248.99196727016925,246.26343683541072,248.80472265142413,98812600
2018-11-12,243.0445098876953,247.4047981237727,242.52732176890174,247.1640550275417,99673600
2018-11-13,242.5897216796875,245.5054966258056,241.86746525072402,243.50814820119857,98176600
2018-11-14,240.93116760253906,244.8634397372777,239.3707326497035,244.46220136221564,125335900
2018-11-15,243.44573974609375,243.90942938261057,238.08677738884973,239.665036498494,135101400
2018-11-16,244.07888793945312,244.98838917854061,241.83184326007407,242.34903144037196,126668000
2018-11-19,239.95034790039062,243.7667253541707,239.03192144248044,243.4724566298117,103061700
2018-11-20,235.5098419189453,238.0778773089809,234.6449137106602,236.61551324060773,136021300
2018-11-21,236.31228637695312,238.21156320405137,236.30338810882228,237.06129197420626,75563700
2018-11-23,234.73403930664062,236.13397913932772,234.57354393026174,234.67161536743865,42807900
2018-11-26,238.5237274169922,238.74664678840992,236.59770078252234,236.99004105316456,79981400
2018-11-27,239.3262176513672,239.3262176513672,236.8830301919533,237.48936431574663,75502400
2018-11-28,244.8367156982422,244.8367156982422,239.26373315054556,240.39618061980798,127629600
2018-11-29,244.3018035888672,245.7017165389916,242.91968718008556,244.0610332558377,82346400
2018-11-30,245.7908935546875,246.3526547247184,243.82921941274031,244.15021024599378,98204200
2018-12-03,249.04539489746094,250.02624511734257,247.4493125338339,249.91924822277815,103176300
2018-12-04,240.975830078125,248.64426156553154,240.6637375292736,248.2162465946637,177986000
2018-12-06,240.61016845703125,240.72609084503256,234.0117627270498,237.114809128682,204185400
2018-12-07,235.01937866210938,241.8407041633417,234.1811998724855,240.2713434999047,161018900
2018-12-10,235.46522521972656,236.43715018686217,230.6055731722175,234.8410402406926,151445900
2018-12-11,235.51870727539062,238.8535713534547,234.04744531223463,238.66632675751862,121504400
2018-12-12,236.70468139648438,239.86122709730182,236.6244336937308,238.49696172682033,97976700
2018-12-13,236.62440490722656,238.514756462568,235.5098082626307,237.64982837788833,96662700
2018-12-14,232.2551727294922,235.42954153976902,231.70233719235173,234.47544035827565,116961100
2018-12-17,227.69869995117188,232.4156665517509,226.06692897355805,231.3010700046853,165492300
2018-12-18,227.44903564453125,230.0081586162255,225.84401386571423,229.33940067554468,134515100
2018-12-19,224.04283142089844,231.30108403130993,222.33973813419806,227.52929289696613,214992800
2018-12-20,220.39588928222656,224.3638507742223,218.1488585473539,222.79450353410618,252053400
2018-12-21,215.88006591796875,223.96100288010308,215.234308074358,221.29725519655113,255345600
2018-12-24,210.17588806152344,216.00563669064812,210.11311326960217,214.39124202550883,147311600
2018-12-26,220.79502868652344,220.79502868652344,209.65572438241446,211.63784523018114,218485400
2018-12-27,222.4901123046875,222.68741427560954,214.31949514400904,217.55724826813972,186267300
2018-12-28,222.20314025878906,225.47676328895756,221.03718764346476,223.84444057580092,153100200
2018-12-31,224.1493377685547,224.3915003778305,221.95197382206396,223.82645885131,144299400
2019-01-02,224.38255310058594,225.30635670743422,220.58873557425875,220.61564101388458,126925200
2019-01-03,219.0281219482422,222.9385380619332,218.5437967601723,222.633586997628,144140700
2019-01-04,226.3647003173828,227.01045831471532,221.6829616794085,222.05965156362367,142628800
2019-01-07,228.1494140625,229.55751518261582,225.73679330201114,226.63367752908553,103139100
2019-01-08,230.29298400878906,230.77730922015044,227.80862422016872,230.33784464859812,102512600
2019-01-09,231.36929321289062,232.21236682399817,229.77283991391428,231.0015672871316,95006600
2019-01-10,232.18544006347656,232.43656660303958,229.15396638327567,229.83560729240676,96823900
2019-01-11,232.2751007080078,232.3020061415807,230.52616541356173,231.10913472146507,73858100
2019-01-14,230.85806274414062,231.6652533127134,229.9701558557848,230.37373745469992,70908200
2019-01-15,233.5038604736328,233.81777548974284,231.22576641958676,231.23474402227959,85208300
2019-01-16,234.0689239501953,234.95683083626523,233.7281034648272,233.9343693801608,77636700
2019-01-17,235.84469604492188,236.70572470971874,233.1540430515914,233.1989036905895,96118400
2019-01-18,238.98379516601562,239.45019254319757,235.8805829927316,237.65642385123763,127900300
2019-01-22,235.7550048828125,237.72816138252549,234.14062401631128,237.51291789918878,115531200
2019-01-23,236.24830627441406,237.4860110376435,233.78187434995297,236.78644235026223,86030300
2019-01-24,236.3739013671875,236.95689819455436,235.0554800443033,236.06896391865726,59204100
2019-01-25,238.37391662597656,239.19906225440906,236.47252622175893,238.2214342464364,96883400
2019-01-28,236.5623016357422,236.6250627588356,234.7954377983892,236.23045869793808,85613700
2019-01-29,236.24830627441406,237.27074018486155,235.4142104107552,236.70572604449566,66136300
2019-01-30,239.98831176757812,240.8313852793916,237.00169880775235,237.7640560093802,92473700
2019-01-31,242.09600830078125,242.5803335581487,239.71029242579274,239.92556330170092,104012100
2019-02-01,242.2126007080078,243.23506206970345,241.42333805071436,242.2933170201301,85782500
2019-02-04,243.91673278808594,243.9795212802583,241.58482730961643,242.25749077240113,60744800
2019-02-05,244.9391326904297,245.2440700989235,243.8449326384274,244.34718570779833,79552800
2019-02-06,244.61630249023438,245.15443873636184,243.88087790363153,244.66116314368043,58347800
2019-02-07,242.2843017578125,243.54888434571455,240.62506057645214,243.00179814236867,95482000
2019-02-08,242.58033752441406,242.67898167564843,240.21254944589518,241.03769518042967,75788900
2019-02-11,242.71482849121094,243.49511346448097,242.18567003084087,243.23503672054903,68021400
2019-02-12,245.83602905273438,246.2127051877354,244.2575036888499,244.32926977124873,72270200
2019-02-13,246.63430786132812,247.47738164494692,246.2486540203052,246.67019091211458,65277200
2019-02-14,246.08712768554688,247.2172107038442,244.73282358398347,245.54899161156067,83234400
2019-02-15,248.7688446044922,248.80472764761052,247.6567166045043,247.8629825182646,97088700
2019-02-19,249.19940185546875,249.8541101231767,247.9616966771346,247.9706742821433,59120800
2019-02-20,249.70152282714844,250.15894250840327,248.66113391473954,249.1633868558014,76610800
2019-02-21,248.8136444091797,249.42351913934854,247.85397167831258,249.06477090811603,64214700
2019-02-22,250.35638427734375,250.55367261649744,248.79578643695467,249.43256684905373,78114600
2019-02-25,250.69711303710938,252.3025437474752,250.61639672707835,251.78236284814005,69030700
2019-02-26,250.51771545410156,251.3966445024455,250.14101202571476,250.34730525682363,56844100
2019-02-27,250.4100799560547,250.7598505617869,248.86743803495978,249.8001778974014,56921600
2019-02-28,249.9438018798828,250.63442056159886,249.62093655135067,250.19492848121226,69268300
2019-03-01,251.5043487548828,251.9169079368331,250.0693281650552,251.52227659036197,78880500
2019-03-04,250.58949279785156,252.80479833338205,248.2934709518045,252.56264940183235,106494600
2019-03-05,250.24867248535156,250.91238554563273,249.70158614575405,250.7150698851285,59114600
2019-03-06,248.73294067382812,250.3742544670684,248.41007542510283,250.36527686435716,75039800
2019-03-07,246.65220642089844,248.42802015111022,245.80913283091718,248.28451535167278,94885100
2019-03-08,246.15890502929688,246.3293152689879,244.32928040957538,244.7956504825107,85795800
2019-03-11,249.72842407226562,249.88985664974473,246.84943362429368,246.87633905387352,65098900
2019-03-12,250.6702117919922,251.19042007076519,250.09622000970506,250.28455806959337,79667500
2019-03-13,252.3294219970703,253.26218931927139,251.39665467486924,251.5581146482741,80639200
2019-03-14,252.1680145263672,252.77788933327716,251.7285499406143,252.3563525815843,67518400
2019-03-15,253.413818359375,254.22456412663388,252.53099041783403,252.7201855068536,81309000
2019-03-18,254.33265686035156,254.6299477159504,253.40479818943265,253.63000687161,62199800
2019-03-19,254.39584350585938,256.16147272064484,253.50402549530833,255.39578482823217,90268100
2019-03-20,253.6300811767578,255.38672040889546,252.52207173026378,254.1796048177356,84609200
2019-03-21,256.4947814941406,256.9001407842022,252.765311077745,252.8103693263995,79550400
2019-03-22,251.55816650390625,255.6569546393203,251.49510145781022,255.13448245054312,122659300
2019-03-25,251.36900329589844,252.40495803609156,250.10783980821537,251.21584925143233,85575200
2019-03-26,253.24273681640625,254.1976197397824,251.8374363823318,253.1256238650162,68125900
2019-03-27,251.9185333251953,253.81930970512812,250.36909583442437,253.23374488985834,72224700
2019-03-28,252.87332153320312,253.32373891988468,251.39596680036126,252.54903421061425,56238500
2019-03-29,254.4678497314453,254.79213709615857,253.26073427729185,254.38677789026698,82186800
2019-04-01,257.4856872558594,257.78297823712984,256.19749964716954,256.46776667480685,77617900
2019-04-02,257.6117248535156,257.84595069509163,256.81898584322386,257.674789886447,40070400
2019-04-03,258.01715087890625,259.22426637741154,257.4135793840035,258.82789681177695,68243200
2019-04-04,258.7017517089844,258.95398437326423,257.64779030482515,258.34142325877013,48997500
2019-04-05,259.9539794921875,260.00802739640625,259.08016838557876,259.3684422022816,58621700
2019-04-08,260.1521301269531,260.2602259211894,258.87293241545575,259.5305518187939,53566300
2019-04-09,258.8188781738281,259.51251116404137,258.2693820694969,259.18822378928195,66142300
2019-04-10,259.7016906738281,259.7917796584995,258.81886261012613,259.2332389500564,52601500
2019-04-11,259.6296691894531,260.19719968513976,259.0621386937665,260.188182537175,55093100
2019-04-12,261.38629150390625,261.66554815952185,259.67471047201315,261.24215460241066,69727800
2019-04-15,261.21502685546875,261.55734842408344,260.41327081410356,261.45824231624084,49596700
2019-04-16,261.38629150390625,262.15200676565667,260.7917370944754,262.0979588640087,52153200
2019-04-17,260.74664306640625,262.5302783705718,260.3322392659286,262.50325442630555,58268300
2019-04-18,261.2600402832031,261.5303071574477,260.03491842542303,261.3321224461844,68708500
2019-04-22,261.4853210449219,261.63847506502617,260.40433572370114,260.49442470662734,40160100
2019-04-23,263.8365173339844,264.07074319403506,261.62047128318324,261.8546696519358,52246600
2019-04-24,263.2509460449219,264.08871575545896,263.10680918752394,263.7554113001675,50392900
2019-04-25,263.08880615234375,263.7464254877272,261.89972504731713,263.151871189565,57770900
2019-04-26,264.3139343261719,264.3859890119185,262.3591107705115,263.1338429715897,50916400
2019-04-29,264.7283935546875,265.25089328238977,264.3140171264198,264.40410613029644,57197700
2019-04-30,264.86334228515625,265.15161591489357,262.9716118818102,264.38590111334156,81111700
2019-05-01,262.87255859375,265.70119260753455,262.86354144998256,265.4939907399268,71671900
2019-05-02,262.30511474609375,263.67440146767416,260.8097254266999,262.7555322221292,65030200
2019-05-03,264.87249755859375,265.1517541920076,262.4132082639191,263.7824949736138,56543700
2019-05-06,263.7825012207031,264.2239015566236,260.25121605943474,260.56651379565,107198100
2019-05-07,259.3773498535156,261.97175840097896,257.46758453143724,261.377204151244,144729900
2019-05-08,259.01702880859375,260.7286094294374,258.4224745419498,259.01702880859375,91568300
2019-05-09,258.2332763671875,258.8368202163099,255.20645750355328,256.9450893542433,103471100
2019-05-10,259.53057861328125,260.28727674235887,254.30571892493052,257.2964978336447,112429300
2019-05-13,253.00843811035156,255.377637933495,252.17066837943403,254.41376563134563,127290500
2019-05-14,255.29652404785156,256.82795388779897,253.90024139300414,254.0263439434626,77003200
2019-05-15,256.79205322265625,257.43163845061366,253.45895233256329,253.66615430389857,73956400
2019-05-16,259.1702575683594,260.53049981387437,257.4226353539373,257.49469006251053,76749600
2019-05-17,257.49468994140625,259.98100350122996,256.846087599335,256.8641218949481,100353000
2019-05-20,255.7920379638672,257.60269711519743,255.04432972710484,255.89111659043132,62877600
2019-05-21,258.0982360839844,258.4765713763025,257.2334147189398,257.48564741091906,46847100
2019-05-22,257.3054504394531,258.2603331360052,256.8280090911771,257.1433067720303,49482500
2019-05-23,254.1614990234375,255.12537119674462,252.74718203795626,255.080340461173,98733800
2019-05-24,254.738037109375,256.0172344882969,254.11645896281843,255.60283072973016,55268100
2019-05-28,252.36886596679688,255.97220519885195,252.3508591675034,255.01732250166108,70029400
2019-05-29,250.67535400390625,251.65726088805204,249.27005355583492,251.25190161916805,104972900
2019-05-30,251.35997009277344,252.26982217173114,250.26095037557218,251.43202479119464,62523800
2019-05-31,247.97283935546875,249.63938959568011,247.94581540525135,248.81063679481224,86862800
2019-06-03,247.34225463867188,249.1258902150911,246.00900903833892,248.00886369318812,96428000
2019-06-04,252.711181640625,252.8463013603854,249.18891432529162,249.63933171869033,77231900
2019-06-05,254.90025329589844,254.92727724512184,252.5220632903335,254.3327228709053,71169700
2019-06-06,256.5577697753906,257.2333959536874,254.54892553301983,255.19752776383675,69430400
2019-06-07,259.1251525878906,260.2061654606606,257.4045546359031,257.5757154656133,74272200
2019-06-10,260.3143005371094,261.98085084610926,260.2242115355655,260.67462905198147,60799100
2019-06-11,260.2512512207031,262.50333893893577,259.6026488581999,262.13399325418897,58641300
2019-06-12,259.7918395996094,260.57556171360955,259.2783570106766,260.01704836760047,47096300
2019-06-13,260.8637390136719,261.2240949401442,259.9989452709926,260.70159534153777,48945200
2019-06-14,260.57550048828125,261.17904444955684,259.80978535876454,260.57550048828125,52324700
2019-06-17,260.6745910644531,261.44030622903506,260.50343023385363,260.80971080142655,39205700
2019-06-18,263.4040832519531,264.4580720370348,262.1339029176426,262.4942588214182,85434800
2019-06-19,263.9986267089844,264.53011590663687,262.56630277131865,263.53919219436335,78674400
2019-06-20,266.52099609375,266.9263827888443,264.06173445016157,266.6831672665671,116570000
2019-06-21,266.1336669921875,267.5095862098621,265.91642385913804,266.2513495642616,83309500
2019-06-24,265.8077392578125,266.6586172021475,265.65384032505415,266.34181358325094,47582700
2019-06-25,263.20074462890625,265.8892385984447,263.0921230745837,265.86208320986407,82028700
2019-06-26,262.9381408691406,264.6037352997455,262.82951934921067,264.09681645673555,51584900
2019-06-27,263.8704833984375,264.37740218570366,263.3183148578448,263.6984901357934,40355200
2019-06-28,265.22833251953125,265.7261903530985,264.33217736910836,264.8481295807128,59350900
2019-07-01,267.63629150390625,268.7768730392971,266.43233818876865,268.55960231230983,78705600
2019-07-02,268.3332824707031,268.38759324301185,266.7491538200057,267.5909984158022,61504500
2019-07-03,270.47857666015625,270.4966986632992,268.867293005705,269.01213090582485,40898900
2019-07-05,270.17083740234375,270.333797324257,267.95307413888946,269.2475267615392,51677300
2019-07-08,268.68634033203125,269.9898541670269,268.143204963281,268.85833365921906,45841800
2019-07-09,269.021240234375,269.31994946484144,267.47332806284766,267.52763883202334,41101300
2019-07-10,270.306640625,271.25713436614035,269.5553232105845,270.08939754131563,58448500
2019-07-11,270.94024658203125,271.18464500017757,269.9354699046471,270.9493075836309,50826100
2019-07-12,272.1532897949219,272.225722572846,271.12135752209366,271.42912776574457,40326000
2019-07-15,272.2437744140625,272.5877609929242,271.7368555478473,272.5877609929242,33900000
2019-07-16,271.3657531738281,272.3614966723665,271.0579829333727,272.15328696925974,36650100
2019-07-17,269.5190734863281,271.5014992547846,269.5190734863281,271.33856696217356,36036300
2019-07-18,270.5057678222656,270.88597081349883,268.5776803578232,269.0212274934216,51392600
2019-07-19,269.0030822753906,271.6282034568177,268.8310890053141,271.60104807864786,58678600
2019-07-22,269.6639709472656,270.20710633424665,268.8854980717697,269.401450445639,43638100
2019-07-23,271.5920715332031,271.5920715332031,269.953632082453,270.7864433136411,44564500
2019-07-24,272.868408203125,272.868408203125,270.7411443378768,270.83167149437855,47213200
2019-07-25,271.56488037109375,272.4700966389974,270.75922463265556,272.41578587292383,55394100
2019-07-26,273.3843688964844,273.58351757677167,272.12610504716736,272.2528485823537,45084100
2019-07-29,272.88653564453125,273.38442125310485,272.33436688549176,273.2667386978963,38126500
2019-07-30,272.2166442871094,272.62400266829127,271.10321830355207,271.48342130098905,45849000
2019-07-31,269.2384338378906,272.6511164157316,267.21981949609557,272.461001133541,104245200
2019-08-01,266.89398193359375,272.35243534985585,266.0973871356964,269.3923878679063,142646600
2019-08-02,264.8843688964844,266.24219324196565,263.32739587533223,265.99779480478156,116749700
2019-08-05,256.9184875488281,260.892372596246,255.01752786298675,260.78375106419935,178745400
2019-08-06,260.5212707519531,260.73854147453096,257.3349189459399,258.8104261086006,120711700
2019-08-07,260.6751708984375,261.4446103725473,255.3072442129039,257.44354168218393,140572300
2019-08-08,265.78961181640625,265.78961181640625,261.61657783559,262.1687465315291,87713900
2019-08-09,263.9792175292969,265.4456637627405,262.19594001239,264.8482175889276,93730000
2019-08-12,260.765625,263.9700703060593,259.81513146006324,262.4764691718785,65527600
2019-08-13,264.8209533691406,266.26930462331774,260.1228797001237,260.46686623080353,94299800
2019-08-14,256.9908447265625,261.3720873263827,256.8641288378296,260.7656080106551,135622100
2019-08-15,257.6697998046875,258.565982676383,255.6240298665411,257.87800948700215,99556600
2019-08-16,261.4717102050781,261.90619630989795,257.7241018009672,259.3263521875103,83018300
2019-08-19,264.621826171875,265.30073828744696,263.816198159732,264.495110275304,53571800
2019-08-20,262.5941467285156,264.64897742124305,262.46743083392226,264.114903213662,51596400
2019-08-21,264.7305908203125,265.10170529540915,264.0697727944984,264.7577462117834,49524700
2019-08-22,264.6490783691406,266.07027488099453,262.874861793045,265.4366399163249,51666400
2019-08-23,257.8507995605469,265.0110618919458,256.60159698092207,263.34546766077995,149161500
2019-08-26,260.7022705078125,260.7022705078125,258.5116351075703,260.0414527243702,72423800
2019-08-27,259.67938232421875,262.4674638561055,258.91900398597903,262.0963218770228,66668900
2019-08-28,261.5079650878906,261.67089740118485,258.21296430788306,259.0186201208558,59696700
2019-08-29,264.84820556640625,265.373246555172,263.0649281304495,264.06973271239076,57899400
2019-08-30,264.7305908203125,266.3509085531038,263.79821887978943,266.3328141671288,62901200
2019-09-03,263.1825866699219,263.9429650713282,261.8519175612082,263.0287153639879,69101400
2019-09-04,266.1698913574219,266.18798574404536,264.60385672643133,265.35520195908106,46887300
2019-09-05,269.59149169921875,270.505741263956,266.1335592315825,268.65912013072057,83258100
2019-09-06,269.7996826171875,270.4424060217157,269.22941960508075,269.9083317683097,49584300
2019-09-09,269.9354553222656,270.87686018760576,268.9940228319221,270.78636067651786,51260300
2019-09-10,269.87213134765625,269.93550311664103,267.9168608869009,269.1750971388404,57947100
2019-09-11,271.7911682128906,271.87263435713766,269.52812767822877,270.17988445721164,68821100
2019-09-12,272.7326354980469,273.79172313296596,271.9360407085292,272.69641910988423,72908700
2019-09-13,272.5515441894531,273.5291931620798,272.180402229938,273.1761455816851,62104800
2019-09-16,271.7098388671875,272.5969611484194,271.0671427667653,271.42016290290525,58191200
2019-09-17,272.397705078125,272.4882046094224,271.33858983685184,271.5105831463322,41475500
2019-09-18,272.56060791015625,272.6692294359746,269.97167516979073,272.00841165390426,73375800
2019-09-19,272.54254150390625,273.94564349864027,272.2076158559735,272.9498999338318,76560500
2019-09-20,271.2547607421875,273.4282314887525,270.46359030392364,273.14629306857836,89565000
2019-09-23,271.191162109375,271.90959322004414,270.336327054296,270.5909570013887,43476800
2019-09-24,269.0631408691406,272.67344612254635,268.09918278912005,272.2824122840167,94869400
2019-09-25,270.654541015625,271.10013635250647,267.6626192117398,269.14493972329393,71854000
2019-09-26,270.09075927734375,270.87282694256567,268.6812058097561,270.6636835101628,56179700
2019-09-27,268.6357727050781,270.95475088185464,267.08071215888543,270.84559996849686,84746600
2019-09-30,269.8816833496094,270.59101175665927,269.10871825734625,269.154176997154,51662400
2019-10-01,266.67138671875,271.4184369525393,266.45314046745057,270.76367044606576,88242400
2019-10-02,261.9608154296875,265.09824519659725,260.6694876361952,265.0891423486225,122539500
2019-10-03,264.1069641113281,264.1342448983291,259.01433776802537,261.7334246319195,85278800
2019-10-04,267.6808166503906,267.93544651398554,264.7070728744863,264.7616621869322,65091200
2019-10-07,266.5260009765625,268.508507085416,266.24409018978105,266.8806790485321,59610500
2019-10-08,262.38818359375,265.40738677887896,262.35179996128653,264.67077779882845,95708100
2019-10-09,264.8798828125,265.8165600063333,263.77952092519905,264.4070066694013,62359400
2019-10-10,266.67138671875,267.55350232118553,264.63434769975464,264.7980323882292,55296300
2019-10-11,269.43603515625,271.67314311799345,269.30873405810314,269.4269323090313,98720400
2019-10-14,269.1360168457031,269.7907837072383,268.7904415920332,269.11781114650563,40394800
2019-10-15,271.8004150390625,272.54612678764573,270.06346449166466,270.1816904704129,46754500
2019-10-16,271.3639831542969,272.0551335613163,270.9274904783572,271.33670236205063,48928200
2019-10-17,272.1641845703125,273.03719744331266,271.4730343465405,272.5279376213477,45736600
2019-10-18,270.9729309082031,272.2733615050628,270.1180958054572,271.62769763046424,64304000
2019-10-21,272.8099060058594,273.0099743891221,271.85505057590547,272.2915709810018,39048600
2019-10-22,271.918701171875,273.6374464088708,271.82775595636684,273.34643282027804,48594700
2019-10-23,272.70977783203125,272.76433939201576,271.45480644724023,271.6639775955633,34352200
2019-10-24,273.1554260253906,273.79201468518664,272.3278718686874,273.64650791287386,35453100
2019-10-25,274.2740478515625,274.81969141726717,272.5279939918244,272.58255557313646,45205400
2019-10-28,275.8199768066406,276.32016158660775,275.4653265651048,275.49260735291523,42147000
2019-10-29,275.7381591796875,276.6657615536214,275.4198647916236,275.5471936478828,44284900
2019-10-30,276.5838623046875,276.95669044401245,274.6286376454852,275.9381708137291,49643900
2019-10-31,275.8471984863281,276.5747322596814,274.3921864447731,276.5747322596814,69053800
2019-11-01,278.4026794433594,278.4481381708568,277.1295020424609,277.29321451712957,71141500
2019-11-04,279.5212097167969,280.09413397670744,279.1483538055443,279.9577300463906,60606900
2019-11-05,279.2120361328125,280.02141242557303,278.9210225610841,279.72129600704636,42933200
2019-11-06,279.275634765625,279.5484425794908,278.32985475659814,279.2119703581979,46487100
2019-11-07,280.2578125,281.5946264927241,279.78493630115787,280.6124904635661,54272300
2019-11-08,280.9490661621094,281.0036277531164,279.21211484148,279.91234042779666,49032100
2019-11-11,280.4125061035156,280.5852937140423,279.43034202761794,279.5667737483614,35797300
2019-11-12,281.0035705566406,281.9038643775972,280.230577837926,280.7762213895236,46484600
2019-11-13,281.0945129394531,281.4946496897508,279.78497952985765,280.0123286946821,53917700
2019-11-14,281.50372314453125,281.58559326566467,280.17601180041527,280.8126005592483,51219900
2019-11-15,283.5408020019531,283.58626073546037,282.1494261750997,282.8405487883665,62023600
2019-11-18,283.7498779296875,283.9863298938384,282.8495843009252,283.3042825380905,49228000
2019-11-19,283.6680908203125,284.35924115622686,283.0224269685197,284.3501383088859,67804700
2019-11-20,282.6130676269531,283.5952311357881,281.05800778263125,283.07686860349025,79406200
2019-11-21,282.15850830078125,282.8314807405151,281.3582625050897,282.72235757531104,54664700
2019-11-22,282.7859802246094,283.0406101816487,281.77656324396247,282.90420623191045,44850200
2019-11-25,284.9776306152344,284.9776306152344,283.71358367271534,283.71358367271534,48647200
2019-11-26,285.6233215332031,285.8052119858325,284.69574683100126,285.0140412468093,37569000
2019-11-27,286.89642333984375,286.89642333984375,285.88697877404934,286.10522505743006,44444600
2019-11-29,285.8324890136719,286.57820100600895,285.60513982717293,286.33264612293493,36592700
2019-12-02,283.4043884277344,286.15075634985016,282.976970887455,286.08709192303365,75767800
2019-12-03,281.50372314453125,281.58559326566467,279.302998783299,280.68527170644836,73941700
2019-12-04,283.2406921386719,283.84089729888063,282.20399431837325,282.5495695093345,49080000
2019-12-05,283.7498779296875,283.9590491097116,282.4403447864453,283.94087117115305,40709000
2019-12-06,286.3417663574219,286.7419031701625,285.6506159076721,285.65971875651235,48927000
2019-12-09,285.4414367675781,286.62364136052076,285.3686694911169,285.9506966924689,34838500
2019-12-10,285.123046875,286.0506211948081,284.4682803690839,285.3867795968124,52649800
2019-12-11,285.93243408203125,286.18706396907805,285.0412156010794,285.5777561576217,53429100
2019-12-12,288.39697265625,289.1790404773349,285.7051662626912,285.9415905269858,96389600
2019-12-13,288.56976318359375,289.7974542607273,287.3875308397455,288.1605235736877,81503900
2019-12-16,290.5522155761719,291.14331781947243,288.5060732129594,290.29758563663097,82749700
2019-12-17,290.6158752441406,291.2342582653961,290.53403288126106,290.9341696015044,61097700
2019-12-18,290.6340637207031,291.23426882282587,290.5795021434722,291.00691966683615,48133000
2019-12-19,291.8253479003906,291.8981151659742,290.57037621858717,290.825006142969,85310500
2019-12-20,293.1047668457031,294.23795375085035,291.88018760229625,292.8580047434994,147142100
2019-12-23,293.5526123046875,293.94556876059863,293.4063901117604,293.89073892437995,52990000
2019-12-24,293.5616455078125,293.8266469832561,293.26005363710664,293.7809647672198,20270000
2019-12-26,295.1243591308594,295.1335067299267,293.9363425910148,293.94546230106056,30911200
2019-12-27,295.0512390136719,295.91027666961054,294.52120815038006,295.8554468523397,42528800
2019-12-30,293.4245300292969,295.27056001059447,292.9401814269704,295.13348547956235,49729100
2019-12-31,294.13739013671875,294.38415221906047,292.5746844676578,292.9219585916766,57077300
2020-01-02,296.88812255859375,296.9064177570936,294.74967601076855,295.67269108630387,59151200
2020-01-03,294.6400146484375,295.7640816777263,293.44285049264414,293.49768030977805,77709700
2020-01-06,295.7641296386719,295.8463743777095,292.76661707449347,292.8854243272233,55653900
2020-01-07,294.9325256347656,295.67275622250656,294.4847115081981,295.19752718117184,40496400
2020-01-08,296.50439453125,297.7198263343244,294.87771109631456,295.12444534201336,68296000
2020-01-09,298.5149230957031,298.5880481404525,297.48224797862525,298.06713678048754,48473300
2020-01-10,297.6558532714844,299.2551218137174,297.1897996894312,299.0997799160431,53029300
2020-01-13,299.7029113769531,299.7120310890485,297.8477611357546,298.2772800531271,47086800
2020-01-14,299.2460021972656,300.31521183370324,298.68852837435486,299.264269511989,62832800
2020-01-15,299.9222412109375,300.68073912701385,299.07235094750735,299.15459569341715,72056600
2020-01-16,302.4171142578125,302.4171142578125,301.0737276112458,301.30219453828755,54050300
2020-01-17,303.3583984375,303.56857016247767,302.3531383755547,303.1299315092865,95846000
2020-01-21,302.7642822265625,303.56849006392315,302.32564368910903,302.3987408156773,77742400
2020-01-22,302.80096435546875,304.2723060684874,302.64562244176034,303.62343982713384,48914900
2020-01-23,303.14813232421875,303.5593838604017,301.03710060172915,302.1520200824009,51963000
2020-01-24,300.4522705078125,303.8884219479204,299.16371371777205,303.80617720247466,87578400
2020-01-27,295.6361999511719,297.1166611579254,294.8685544324489,295.2066810180619,84062500
2020-01-28,298.7342529296875,299.6115581923156,295.7276201151106,297.06185926917453,63834000
2020-01-29,298.4874572753906,300.3243402372707,298.28640527016483,300.0958733171972,53888900
2020-01-30,299.4561767578125,299.6663763797536,295.6727787860852,296.42212914324796,75491800
2020-01-31,294.0186767578125,298.9901194730198,293.1048090217675,298.8347496867189,113845600
2020-02-03,296.20269775390625,298.06699506215597,295.3802226702437,295.4990298946987,69083000
2020-02-04,300.7173156738281,301.5855011806518,299.4927362514343,299.81259553758144,62573200
2020-02-05,304.19000244140625,304.4002020615823,302.1886577494263,303.65082382168174,65951100
2020-02-06,305.21356201171875,305.40546643081,304.1351768681348,305.14958457567815,50359700
2020-02-07,303.58685302734375,305.222656086769,303.03852684411055,304.15344652404104,64139400
2020-02-10,305.85321044921875,305.91718787642037,302.66382135820703,302.7003838721832,42070000
2020-02-11,306.38330078125,307.9916890041701,305.85324188570775,307.20577615157714,54864500
2020-02-12,308.35723876953125,308.5674104828042,307.4524908196525,307.81803230663076,43992700
2020-02-13,308.02825927734375,308.9969568539677,306.6574576626084,306.93160682994335,54501900
2020-02-14,308.5217590332031,308.64056630335443,307.24234975663256,308.43951428210545,64582200
2020-02-18,307.7265930175781,308.5856306420383,306.3374966602275,307.52554106527845,57226200
2020-02-19,309.1979675292969,309.8742206443196,308.41205476200304,308.6953514933789,48814700
2020-02-20,307.92767333984375,309.4721116863874,304.9393086876562,308.64960860364215,74163400
2020-02-21,304.756591796875,306.8858911350751,303.93408860649663,306.5751794829659,113788200
2020-02-24,294.649169921875,304.8296393108705,293.5707850824369,295.3071556336412,161088400
2020-02-25,285.720703125,296.65055194836293,284.84339802698764,296.0382762665826,218913200
2020-02-26,284.669677734375,290.7103274931494,283.9385950145809,287.11883552360496,194773800
2020-02-27,271.884765625,284.72459458112405,271.884765625,279.1499964992916,284353500
2020-02-28,270.7424621582031,272.23207101783856,260.94579899354517,263.83362436216396,384975800
2020-03-02,282.46734619140625,282.53132361972916,269.0974581232793,272.5244617816566,238703600
2020-03-03,274.37957763671875,286.80818159326185,271.9395669552168,282.8419998690826,300139100
2020-03-04,285.9126281738281,286.1319753809504,277.20347032348707,279.753168952443,176613400
2020-03-05,276.40838623046875,281.9007394258582,274.1694273459628,278.71135042930734,186366800
2020-03-06,271.8390808105469,273.0453928793516,265.231835125878,267.9003132173233,228667200
2020-03-09,250.6099395751953,259.71205370103047,249.8971239127328,251.58775678015627,309417300
2020-03-10,263.5777282714844,263.6690927281698,249.94281022843532,260.1233095601224,276444100
2020-03-11,250.728759765625,257.6558934054065,247.54851762564883,256.52270624187776,255316300
2020-03-12,226.73968505859375,243.69193139870373,226.34671474938688,233.95009968243195,392220700
2020-03-13,246.12281799316406,248.09677526977262,227.11436995312613,240.42941305337604,329566100
2020-03-16,219.191162109375,234.7725944345364,216.9156266338003,220.40659381646842,297240000
2020-03-17,231.0257568359375,234.10550046036911,216.65062185131984,223.93413457519435,262070500
2020-03-18,219.32821655273438,226.977283642767,208.38008698094055,215.9012131690979,327597100
2020-03-19,219.79429626464844,226.07257629627384,212.21833983048688,218.6428280834812,289322000
2020-03-20,210.3224334716797,224.72694441324552,210.04665824854578,222.94361386702494,347158800
2020-03-23,204.9448699951172,211.13136077030381,200.63362552870024,209.761700043424,326025200
2020-03-24,223.51356506347656,224.38685570948732,214.91866545634184,215.48859069772814,235494500
2020-03-25,226.85958862304688,235.6475485646317,220.38813506232896,225.0946467428511,299430300
2020-03-26,240.10586547851562,241.57662927963491,228.93707402575518,229.36911860691484,257632800
2020-03-27,232.9541473388672,239.74734053233655,230.77554977075565,232.8162667433577,224341200
2020-03-30,240.51947021484375,241.23647727595963,233.05523566758163,235.04998751981518,171369500
2020-03-31,236.93447875976562,242.06383359967347,235.52804049293425,239.5175449357564,194881100
2020-04-01,226.27125549316406,236.8517325396181,224.20296243005834,227.9534688676713,189554600
2020-04-02,231.4925537109375,232.27390045217555,224.83724120524906,225.38879163266066,177660400
2020-04-03,228.1465606689453,232.86227427028138,225.41641216569948,230.509004139297,135561200
2020-04-06,243.4702911376953,245.43748142052502,228.12816222742413,237.01722588258153,188061200
2020-04-07,243.71849060058594,252.81897536266575,243.49788162912452,252.0651906394755,201427200
2020-04-08,251.8997344970703,253.71064128342437,243.8287956537258,246.31993213901734,153774500
2020-04-09,255.7329864501953,258.49071084159345,253.22344715493466,255.16303317810022,189999200
2020-04-13,253.39810180664062,255.09870410198187,249.4913256390023,254.75858925351815,114839100
2020-04-14,260.8715515136719,261.89189610685975,253.26023306323893,258.2884851590157,134143400
2020-04-15,255.3284912109375,261.0093961292997,253.21421923389877,255.1538331068728,121775000
2020-04-16,256.560302734375,257.4151905782351,253.49003955687044,256.6062535871755,131798300
2020-04-17,263.4913024902344,264.0979769759108,259.59370085255654,262.3330496388237,146684800
2020-04-20,258.84918212890625,263.6292486240073,258.62857317015494,259.7867982566206,100109300
2020-04-21,250.9897003173828,255.5859076947366,250.05205605846757,254.38170360611178,126385700
2020-04-22,256.560302734375,258.30685593614993,254.5471616484955,255.87087162422512,92951600
2020-04-23,256.54193115234375,261.00945987704335,256.2385937703153,257.8380651634286,104709700
2020-04-24,260.1177062988281,260.7887625327662,256.0086966523413,258.0586148072076,85063200
2020-04-27,263.8681945800781,264.9896700484018,261.6344450330701,262.09406566675983,77896600
2020-04-28,262.6549072265625,267.8669912848749,262.35154179491997,267.51767499536015,105270000
2020-04-29,269.5307922363281,271.06593788395355,266.9569272587203,267.98647324976343,118745600
2020-04-30,267.02117919921875,269.63182069737235,265.28379996126034,268.151827859147,122901700
2020-05-01,259.9522705078125,267.1866954796315,258.78481603360234,262.2687486221893,125180000
2020-05-04,260.6693115234375,260.9726488665371,256.58787713450204,258.06784244223917,80873200
2020-05-05,263.07769775390625,265.8905741855777,260.79796898937275,263.4913676039255,79569900
2020-05-06,261.2943115234375,265.16430912686474,260.86226703661674,264.7782435319276,73632600
2020-05-07,264.4473876953125,266.3778004537861,263.9418160920804,264.5117413329673,75250400
2020-05-08,268.8229675292969,269.2917896381727,266.45130891700745,267.58198598128706,76452400
2020-05-11,268.87811279296875,270.2569749098558,266.4697047839562,266.89254797828886,79514200
2020-05-12,263.5188903808594,270.47752502995445,263.38098175675503,270.0638833166879,95870800
2020-05-13,258.8583679199219,263.9969236633219,256.43155730782263,262.95817645676516,144721100
2020-05-14,261.9562072753906,262.08488647615417,250.94368586031882,256.42238447612806,121977900
2020-05-15,263.1605224609375,263.20647332642034,258.6194660511916,259.56628391499515,111146300
2020-05-18,271.1761474609375,272.78481952214645,269.0619039731258,269.383615942956,119703800
2020-05-19,268.3909606933594,272.28853594964113,268.3725859611599,270.5787601052246,95189300
2020-05-20,272.95037841796875,273.81446769296434,271.7002234133943,271.9300337939139,85861700
2020-05-21,271.0660095214844,273.6307018379518,269.9721096036483,272.821764616053,78293900
2020-05-22,271.5807800292969,271.75543820293,269.54006225850645,270.7810442095197,63958200
2020-05-26,274.9266662597656,277.78552119257876,271.59901735603495,277.54650948578575,88951400
2020-05-27,279.0173034667969,279.05408097269293,272.89515320041767,277.72116990088165,104817400
2020-05-28,278.5025634765625,282.06002314727544,277.8315071665672,280.04688227031033,90405200
2020-05-29,279.7435607910156,280.3318607230198,275.28523421175083,278.03375713092686,119090800
2020-06-01,280.8741760253906,281.4808786671015,278.5852740999053,279.10004699838373,55758300
2020-06-02,283.19989013671875,283.2458690404746,280.46056860288843,281.7934518574034,74267200
2020-06-03,286.96881103515625,287.92483007098406,284.9097190069347,285.18548024177693,92567600
2020-06-04,286.2149963378906,287.7225657388418,284.119127013096,285.98518598186917,75794400
2020-06-05,293.5505676269531,295.324696931107,291.5466279553278,291.6109815909454,150524700
2020-06-08,297.0988464355469,297.2918792842742,293.817147742069,294.35949682860377,73641200
2020-06-09,294.88348388671875,297.17238620785696,293.5689472426089,294.43303648292283,77479200
2020-06-10,293.2380065917969,296.3542484031599,292.5209994219378,295.462583123064,95000800
2020-06-11,276.3330993652344,286.9411512707297,275.7815770563141,286.3068725624546,209243600
2020-06-12,279.6424865722656,284.1191887925022,274.48555452726214,283.347029194733,194678900
2020-06-15,282.2530822753906,283.38375938311225,272.7757049594633,273.9523329194972,135782700
2020-06-16,287.68572998046875,290.1493178185226,282.8229640297754,290.00223585408537,137627500
2020-06-17,286.49078369140625,289.0003228615567,285.75537372521586,288.7061588750805,83398900
2020-06-18,286.6011657714844,287.079161339161,284.5144972868028,284.9741181202328,80828700
2020-06-19,284.96319580078125,290.26285198086515,283.01504638164135,290.0689696801593,135549600
2020-06-22,286.791259765625,287.1882662143913,283.21814537378975,284.3630116638021,74649400
2020-06-23,288.11163330078125,290.37369722062647,287.7053848565929,289.44116854058365,68471200
2020-06-24,280.7622985839844,286.6898126377775,278.92496674442594,286.07119804236737,132813500
2020-06-25,283.77215576171875,284.03991677797876,278.1677990684482,280.1897990735888,89468000
2020-06-26,277.0321044921875,282.8857657278593,276.45045766240185,282.6733996882287,127961000
2020-06-29,281.10382080078125,281.24230815078425,275.99804720322345,278.28780803699664,79773300
2020-06-30,284.70458984375,286.4034616691279,280.5128897413489,280.66983265552534,113394800
2020-07-01,286.6990051269531,287.9639317029631,285.3602561815504,285.8218995785466,72396500
2020-07-02,288.2778015136719,291.4816073233506,287.61303399713563,290.1335885242947,69344200
2020-07-06,292.7279968261719,293.30967187564966,291.35230884827496,292.1001687186121,61713800
2020-07-07,289.7089538574219,293.16203774566503,289.3304028583476,291.1862184893879,82910000
2020-07-08,291.9247741699219,292.0355640626978,288.71175457352604,290.4752073276655,54638600
2020-07-09,290.2628479003906,292.7741885974815,286.84667618527334,292.53412506328704,83354200
2020-07-10,293.2266540527344,293.49441511654214,288.7671911665096,290.1982744487149,57550400
2020-07-13,290.68756103515625,297.95382235069326,290.03203541314804,295.57175522796825,102997500
2020-07-14,294.4546203613281,295.23017784397115,288.06546370459,289.2657251994357,93657000
2020-07-15,297.1598815917969,298.25859520955737,294.77778571364365,297.67691997939255,87196500
2020-07-16,296.18109130859375,296.63349268794474,294.61149295046425,295.2578047865102,54622500
2020-07-17,297.039794921875,297.82459424337384,295.21167713283364,297.1875241733961,62774900
2020-07-20,299.44036865234375,300.18822867354294,296.024196371045,296.77205639224417,56308800
2020-07-21,300.0774230957031,301.8501178028075,299.08949955212785,301.40695821426857,57292200
2020-07-22,301.78546142578125,302.09940368262994,299.6065184526506,299.7173083426101,57792900
2020-07-23,298.18463134765625,302.1270831480681,296.8181852176336,301.42537631818345,75738000
2020-07-24,296.2642822265625,297.28911708214275,294.7593201869097,296.3289190669535,73766600
2020-07-27,298.4247131347656,298.60013985296814,296.16264956413676,296.95669073754914,48293000
2020-07-28,296.5320129394531,298.8125323008997,296.23655442203676,297.6953350650081,57495000
2020-07-29,300.1789245605469,300.74214401894255,297.37212550366144,297.40906485580297,48454200
2020-07-30,299.10797119140625,299.5234615044289,295.11939379817784,297.20600271794535,61861700
2020-07-31,301.4715881347656,301.57316433195354,296.67972751036586,300.8991548415424,84986800
2020-08-03,303.5675354003906,304.3338511995633,302.58885345133507,303.1335893907918,53077900
2020-08-04,304.73992919921875,304.73992919921875,302.7086877001967,302.7086877001967,41917900
2020-08-05,306.6326904296875,306.89123771970355,305.7740406786033,306.0418016743555,42697700
2020-08-06,308.68243408203125,308.8024658628492,305.72793350897297,306.05108949352723,43679400
2020-08-07,308.90399169921875,309.19020827921787,306.8081131712944,307.71294414525704,57308300
2020-08-10,309.8272705078125,310.0119109096436,307.41747799040013,309.35638535667545,44282100
2020-08-11,307.26971435546875,311.6461112181924,306.5403383587364,311.0090413238048,69601100
2020-08-12,311.5538330078125,312.32939037175544,309.67956233416606,309.7072598051472,53774400
2020-08-13,310.9906005859375,312.30167990291056,310.06731402303166,310.7874764150394,41816100
2020-08-14,310.99981689453125,311.53533883580377,309.873406253352,310.6028104674803,47260400
2020-08-17,311.9877624511719,312.38476890654016,311.0090809592796,312.0154599206983,35481000
2020-08-18,312.66180419921875,313.0865081681524,310.7875052531915,312.38480129876183,38733900
2020-08-19,311.35992431640625,313.557322573065,310.79670488557355,313.04028437426666,68054200
2020-08-20,312.32940673828125,312.8095056526026,309.5041518442734,309.6333973234677,42207800
2020-08-21,313.4373779296875,313.6589577204171,311.65541319099066,311.99705293699736,55106600
2020-08-24,316.61346435546875,316.68731488840734,313.4096586142327,315.8748181437234,48588700
2020-08-25,317.72137451171875,317.8044669230327,316.0132886974553,317.17663880879144,38463400
2020-08-26,320.9066467285156,321.17437948571245,317.76747874155967,318.31221431248014,50790200
2020-08-27,321.6084289550781,323.0579957694621,319.94652424244754,321.77464196751936,58034100
2020-08-28,323.685791015625,323.8150646592131,321.4422114288014,322.6332589850596,48588900
2020-08-31,322.51324462890625,324.3505759728523,322.28242297558756,323.473470596124,66099200
2020-09-01,325.5509033203125,325.6524513348711,322.4486452873158,323.3442345333608,54908700
2020-09-02,330.2596130371094,331.2290526523332,326.31716140186785,327.46205589368293,69540000
2020-09-03,318.8939514160156,329.0408614690771,316.3087321994255,328.5699763174422,148011100
2020-09-04,316.29034423828125,321.1468133146193,309.1810250931994,319.5772427676945,139156300
2020-09-08,307.6483459472656,316.3549607309717,307.3436737413122,310.8798493187982,114465300
2020-09-09,313.72357177734375,316.1887312996784,310.78749888094603,311.65539056693245,91462300
2020-09-10,308.2762756347656,316.25345977490616,307.3160493722509,315.59793396730015,90569500
2020-09-11,308.4330749511719,311.11984195166,305.60782061590953,310.0580681497682,84680200
2020-09-14,312.4955749511719,314.2682976219797,308.58084878107974,311.59998582152673,65605700
2020-09-15,314.074462890625,315.7825208192452,312.5048641612994,314.95156838815086,52920900
2020-09-16,312.8280944824219,316.74282217550757,312.5510914885922,315.3117386584074,82096000
2020-09-17,310.07659912109375,311.79392701921023,307.4452264147787,307.97150659133644,91523300
2020-09-18,306.5068054199219,310.9933980198159,304.0224987247291,310.88216462887675,105877900
2020-09-21,303.0954895019531,303.2438101066205,298.2381099284634,301.9182318320632,99450800
2020-09-22,306.1822509765625,306.7384460300399,302.06644718578764,304.5785896576303,63612100
2020-09-23,299.0816650390625,307.0166334444668,298.5810865385112,306.7385217044883,93112200
2020-09-24,299.8788757324219,302.9379070439711,296.44902874373327,297.7653565033435,76681300
2020-09-25,304.7269592285156,305.5148717009548,298.1546568746652,299.0259943751535,71069400
2020-09-28,309.7882995605469,310.5020659374077,307.8972472441894,308.8891253586317,64584600
2020-09-29,308.1011962890625,310.3259488282698,307.40595935248126,309.5843740782885,51304000
2020-09-30,310.4371337890625,313.58886813155385,308.5738902068861,308.76854858003315,104081100
2020-10-01,312.43017578125,314.0060289873834,310.5484025217798,313.03270872151455,88698700
2020-10-02,309.46380615234375,312.40235285633963,307.0073084094654,307.48007849386664,89431100
2020-10-05,314.9516296386719,315.1370091924181,311.475444751699,311.5217825678193,45713100
2020-10-06,310.47418212890625,317.18555337279156,309.964353167819,315.0905642737861,90128900
2020-10-07,315.8785400390625,316.68501022213155,313.403484518265,313.43129285943087,56999600
2020-10-08,318.67803955078125,318.7429351145588,316.8982207211978,317.81595262377294,45242500
2020-10-09,321.52392578125,321.9874170889095,319.7070477762188,320.32811028649445,59528600
2020-10-12,326.6964416503906,328.1703404575897,323.5725150946358,324.0638146970355,80388500
2020-10-13,324.56439208984375,326.73352777746965,323.6003223544785,326.55739883670304,73255500
2020-10-14,322.5250549316406,326.2329853972063,321.7927590329618,325.1391526992879,57727900
2020-10-15,322.1264343261719,322.6084550653457,318.07552513157503,318.6131625602973,60357700
2020-10-16,321.9317932128906,325.1391450693449,321.7556642567683,323.4798383039487,89501900
2020-10-19,317.037353515625,323.8228451922091,316.13817918991043,323.19250376305786,68425600
2020-10-20,318.3072509765625,321.55168968171705,317.6212929886074,318.38139712826285,60051900
2020-10-21,317.7047119140625,320.43004263717467,317.39879185718223,318.26087876428136,63575000
2020-10-22,319.44744873046875,320.0314522737697,315.7766056873438,317.9179331532719,55399300
2020-10-23,320.53204345703125,320.7267018827422,318.0755452159894,320.6710851896819,49143900
2020-10-26,314.608642578125,317.9365067637999,311.1139000222835,317.1485658849641,91473000
2020-10-27,313.5240478515625,315.285309087353,313.31083167503937,314.95160893898276,65994100
2020-10-28,302.8081359863281,313.55186080057024,302.31683634561693,307.85092353477626,127094300
2020-10-29,305.8857116699219,309.0559761451705,301.35275342695843,303.0398684553781,90597700
2020-10-30,302.6968994140625,305.6168888814722,299.0445857878949,304.3098400497384,120287300
2020-11-02,306.08966064453125,308.0919181320214,303.34577182679664,306.08966064453125,86068300
2020-11-03,311.4939270019531,313.55182927466103,306.1730565274314,309.324791356006,93294200
2020-11-04,318.45556640625,322.53428362589443,314.79397432552076,315.9712318810282,126959700
2020-11-05,324.6663513183594,326.4739785623512,323.3871109043666,323.7393687910326,82039700
2020-11-06,324.59228515625,325.8437175343975,322.26554938669335,324.37906893828546,74973000
2020-11-09,328.6709289550781,337.77390433814645,328.2074376824893,337.3938380999121,172304200
2020-11-10,328.1888427734375,329.24558795380415,324.91659617303077,327.67898550170014,85552000
2020-11-11,330.6268615722656,331.4518612889709,329.1344050330131,330.3765581914952,58649000
2020-11-12,327.4195251464844,330.67324321370563,325.61192600078954,329.61646944206416,67546200
2020-11-13,331.9524841308594,332.69405891618226,328.8099994489029,329.32910745648184,62892200
2020-11-16,336.09613037109375,336.2907888205987,333.33371169129214,334.62223124630657,74541100
2020-11-17,334.2884826660156,335.49357709881195,332.17496333061706,333.68594959425036,66111000
2020-11-18,330.2652893066406,335.10413858036725,330.22820208953993,334.55722235747817,70591300
2020-11-19,331.6557922363281,332.02657957234703,328.29084129066734,329.63497720915376,59940900
2020-11-20,329.3847351074219,331.6002372367879,329.31058894212913,331.3962999206507,70417300
2020-11-23,331.359130859375,332.61984167212626,328.9582497650771,331.1922808117231,63230600
2020-11-24,336.6985168457031,337.2454330156402,333.0554831451829,333.9082910311252,62415900
2020-11-25,336.1794738769531,336.6429651228615,335.085641326032,336.61515677967736,45330900
2020-11-27,337.1157531738281,337.5884950330975,336.1053173094643,337.2733243638305,28514100
2020-11-30,335.6233215332031,336.6059208367198,332.9443565005629,336.33708795881,83872700
2020-12-01,339.294189453125,340.8329840925718,338.2837817293062,338.8770642217867,74231400
2020-12-02,340.0079650878906,340.16553629221875,337.6070834828416,338.1818081843012,45927000
2020-12-03,339.915283203125,341.3057572313504,338.8121715442582,339.90600432370485,62882000
2020-12-04,342.8445129394531,342.8445129394531,340.4065442272832,340.4992481431544,50749900
2020-12-07,342.139892578125,342.63119206392616,340.86993135761554,342.074997027919,48944300
2020-12-08,343.1411437988281,343.7065895768302,340.8236874183033,340.8700252302088,42458900
2020-12-09,340.0634460449219,343.95675454397633,339.22916767292827,343.79918340254324,74098300
2020-12-10,339.95233154296875,340.99979809475724,337.82025463669373,338.6916205245105,57735400
2020-12-11,339.55364990234375,339.9615244312118,336.73564370740246,338.2558801692447,57698600
2020-12-14,338.03338623046875,342.7980607861549,337.8572573213051,341.7227861576118,69216200
2020-12-15,342.6034851074219,342.6034851074219,339.2014749129828,340.5733910132798,63865300
2020-12-16,343.1411437988281,344.058847472952,341.93604950739774,342.8166942477022,58420500
2020-12-17,345.0599365234375,345.26387379305515,343.9568251499501,344.78185310544035,64119500
2020-12-18,343.6822509765625,345.5161923260127,341.6714298718465,345.34863100308337,136542300
2020-12-21,342.45330810546875,352.3212124729903,337.0259763287473,339.76292408601836,96386700
2020-12-22,341.8761901855469,342.8909048278069,340.74976800980517,342.7791972943252,47949000
2020-12-23,342.1834716796875,344.0918753195968,341.8576390458393,342.8444269701643,46201400
2020-12-24,343.5146484375,343.5425753213041,342.0717120912017,342.6581766510882,26457900
2020-12-28,346.4656677246094,346.8566440369137,345.4416347950201,346.06534457269254,39000400
2020-12-29,345.8047180175781,348.1692982115266,345.2182250819667,347.9924184877755,53680500
2020-12-30,346.298095703125,347.3314471151924,345.90711937087656,346.6239282532309,49455300
2020-12-31,348.0575866699219,348.78371400805713,345.59061740637577,346.1026197103733,78520700
2021-01-04,343.3191833496094,349.51920765992713,339.6233739583343,349.38886325350404,110210800
2021-01-05,345.68365478515625,346.7728598923991,342.6301928867929,342.6767566253038,66426200
2021-01-06,347.7503662109375,350.9434912559952,343.62633562425066,344.17558324644114,107997700
2021-01-07,352.91705322265625,353.66178899148537,349.9473717579539,350.12425147477427,68766800
2021-01-08,354.9278259277344,355.1419225171707,351.0551379514854,354.3040877879952,71677200
2021-01-11,352.5354309082031,354.29488155566315,351.63242370939287,351.7534496860149,51034700
2021-01-12,352.6098327636719,353.6245473333701,350.3662785938468,352.7215686990142,52547700
2021-01-13,353.5594787597656,354.55555668053626,351.7534642871781,352.53544554182605,45303600
2021-01-14,352.3212890625,354.80689545132014,351.9861664446019,354.3041831146207,49989100
2021-01-15,349.75189208984375,351.5020240301078,347.8900242126763,350.7014344796534,107160000
2021-01-19,352.49810791015625,353.0380654699637,350.72933922047633,352.20952068020125,51233300
2021-01-20,357.3762512207031,358.21408610198193,354.39725118743416,354.7882275407677,61836100
2021-01-21,357.70208740234375,358.36307102761856,356.780471791413,357.93482091297085,47840100
2021-01-22,356.4359436035156,357.5996108721701,355.46776448123836,355.8494507545385,52860500
2021-01-25,357.84173583984375,358.1954668974896,352.3212755983803,357.17146221981005,70402000
2021-01-26,357.28314208984375,359.2008637189769,357.0504086066009,358.79125051568155,42665300
2021-01-27,348.5509948730469,354.05281810421934,346.3167590029396,353.95971902424606,123351100
2021-01-28,351.54852294921875,355.5515267830559,349.92870728592044,350.3662188829247,94198100
2021-01-29,344.5107116699219,350.6548810290884,342.83501362114134,349.6867018282273,126765100
2021-02-01,350.24530029296875,351.27862337041176,344.7993308471236,347.9086469202224,75817600
2021-02-02,355.1977844238281,356.75245638940856,350.32901877184787,353.4290158638977,64450700
2021-02-03,355.4771728515625,357.199406526891,354.2017977480035,356.0264205321538,52427100
2021-02-04,359.5174560546875,359.56399139751954,355.58891286655813,356.5105285695319,47142600
2021-02-05,360.9324035644531,361.6399224767463,359.47085881489795,361.3885805309923,48669800
2021-02-08,363.53900146484375,363.58553679527535,361.52818085884974,362.3846241257551,38365200
2021-02-09,363.2969055175781,363.89271677001443,362.29150954139715,362.7010942651418,35551100
2021-02-10,363.1387023925781,365.18676844469576,360.73690530404883,365.0378156036463,59154400
2021-02-11,363.72515869140625,364.63748409725014,361.29543496551975,364.21855249837824,42913300
2021-02-12,365.52191162109375,365.7639351240039,362.8501073798465,362.9245980037026,50593300
2021-02-16,365.20538330078125,366.94625368053585,364.4885743748941,366.7507370926893,50972400
2021-02-17,365.2891540527344,365.54049596951603,362.4404702799734,363.455213196624,52290600
2021-02-18,363.73455810546875,364.47929399166895,360.9603643711448,362.68259806906747,59712800
2021-02-19,363.09222412109375,365.27992492742703,362.6453655277191,364.9913376306186,83241000
2021-02-22,360.2994079589844,362.71052376422216,360.02942912693527,360.3273348443789,67414200
2021-02-23,360.7369079589844,362.0867735591579,353.941101443955,358.0930589330605,107284100
2021-02-24,364.71197509765625,365.1402251600415,358.66090455980543,359.6476922516517,72433900
2021-02-25,355.9239501953125,364.81438610383606,354.4810139951626,363.4459121163381,146670500
2021-02-26,354.0899963378906,358.9494723193458,352.1071310412466,357.8044418312601,152701600
2021-03-01,362.6732482910156,363.92072482785227,354.2855524299561,358.9588307931296,105348800
2021-03-02,359.8432312011719,363.12942703807903,359.34051889355743,362.8966935413863,79595300
2021-03-03,355.07684326171875,360.11317098093735,354.97442575307235,359.1450201183431,119940200
2021-03-04,350.6828308105469,357.47863729094,346.19572234702065,354.8906420427798,183433000
2021-03-05,357.1341552734375,358.18611506318695,346.90320141461257,354.1830824863514,152039600
2021-03-08,355.3560485839844,360.90440603525224,355.07677981003513,358.09299620806587,123149200
2021-03-09,360.4297180175781,362.9804680067196,358.69816605856334,359.2008783576128,113633600
2021-03-10,362.6732482910156,364.3675549570112,361.3606563767608,362.77566580218155,109899400
2021-03-11,366.3504638671875,368.32403944461987,364.6840840161151,365.14026100475496,86245000
2021-03-12,366.84381103515625,366.9834454384432,364.181353712992,364.9912616619042,64653600
2021-03-15,369.0315246582031,369.29218502366257,364.95402947649114,367.09516616349055,73427200
2021-03-16,368.5660095214844,370.3533865339371,367.793318546746,369.6458961543537,73722500
2021-03-17,369.8228759765625,370.6234656362169,366.13635662184026,367.28141575002945,97959300
2021-03-18,364.4420471191406,369.32013211532865,363.76245508171684,367.2348490775415,115349100
2021-03-19,363.7676696777344,365.71969051583625,361.59147356195604,364.141257136667,113624500
2021-03-22,366.6723937988281,368.0546989422797,364.2253628242193,364.28139952570655,73778600
2021-03-23,363.786376953125,367.48494163658637,363.0018346568089,366.0372793939017,90686600
2021-03-24,361.9371337890625,366.82187584042055,361.89044603352863,365.18740535609027,97588600
2021-03-25,363.9731750488281,364.76703777153006,358.556056717537,360.4987572580339,116128600
2021-03-26,369.83856201171875,370.2401678212908,364.52419698725413,365.1219312266108,114409100
2021-03-29,369.65179443359375,370.5577590931056,366.877863754709,368.3628933197625,108107600
2021-03-30,368.6711120605469,369.34358094645273,367.07398064220894,368.381579616897,76262200
2021-03-31,370.16546630859375,371.7252304449524,369.2128139187483,369.2408322683644,112734200
2021-04-01,374.1628723144531,374.2189375105821,371.893300729822,372.0987781059756,99682900
2021-04-05,379.53338623046875,380.0751124291974,376.7501346334227,376.82484074553827,91684800
2021-04-06,379.3091735839844,380.35522998954474,378.63670467999566,378.9729533834397,62021000
2021-04-07,379.7481384277344,380.0937075716996,378.6834126464064,379.141055188101,55836300
2021-04-08,381.5507507324219,381.60678743598396,380.0657210822236,380.9997041454603,57863100
2021-04-09,384.3246154785156,384.49275406318844,381.30786894490393,381.429291282708,61104600
2021-04-12,384.4647521972656,384.7355867285504,383.11981447960585,383.7268976917543,56704900
2021-04-13,385.60418701171875,386.2299681294225,383.979065799831,384.36200222963515,56551000
2021-04-14,384.28729248046875,386.6315702804382,383.7455664130594,385.5761649966313,61659900
2021-04-15,388.41558837890625,388.68645148740967,386.37951184593425,386.4261996047187,60229800
2021-04-16,389.7137451171875,390.3208283501207,388.28475230611167,389.7043961665137,82037300
2021-04-19,387.799072265625,389.2280651111477,386.4728323712962,388.7797715143714,78498500
2021-04-20,384.9598083496094,387.68702290879025,383.4840991609738,386.5849297445035,81851800
2021-04-21,388.602294921875,388.80777231208793,384.2032146818028,384.34333492736897,66793000
2021-04-22,385.05316162109375,389.26543407718646,383.9884358212958,388.43420402767475,97582800
2021-04-23,389.2281188964844,390.63844253799283,385.53890264969044,385.61360875851005,73209200
2021-04-26,390.0405578613281,390.61030221191777,389.29338299483373,389.8817967410728,52182400
2021-04-27,389.9565734863281,390.5356668911207,388.8171130815738,390.3395099382348,51303100
2021-04-28,389.8445129394531,391.3482404466595,389.3775214221555,390.2274494039852,51238900
2021-04-29,392.3288879394531,392.94532012603673,388.94787411541165,392.5717326349584,78544300
2021-04-30,389.7511291503906,390.9092875553303,388.8545133714871,390.0593595294179,85527000
2021-05-03,390.5916748046875,392.12339199652814,390.0966649892705,391.7404555728437,68128300
2021-05-04,388.1820373535156,389.0973510192944,384.4928213443372,388.6023411344011,101591200
2021-05-05,388.3033142089844,390.0592062756715,387.7429188787601,389.82571059665224,60162200
2021-05-06,391.40423583984375,391.5349786293804,386.3700541332892,388.3781117451592,74321400
2021-05-07,394.2528381347656,394.9066375343284,391.48825686517847,392.17007461027134,67733800
2021-05-10,390.34881591796875,394.83192244153906,390.22739358037734,394.60777566622943,81852400
2021-05-11,386.8651123046875,387.8551320603856,382.9890883362958,385.8284047975115,116888000
2021-05-12,378.64605712890625,385.35204832878026,377.3291376588085,384.0818451111226,134811000
2021-05-13,383.194580078125,385.1279319103437,380.1497860913207,380.1965023474464,106394000
2021-05-14,389.07855224609375,389.9284800362055,385.9030163453545,385.9310346899563,82201600
2021-05-17,388.0885925292969,388.9011816537385,386.0711858984487,387.9671986859142,65129200
2021-05-18,384.7449645996094,388.59297005214694,384.5861749461466,388.3501253478743,59810200
2021-05-19,383.7361755371094,383.91363455674485,378.57125157773066,380.0563093742371,106467100
2021-05-20,387.86444091796875,389.1253236094422,384.49277612741383,384.61416996928796,78022200
2021-05-21,387.5468444824219,390.5916376819598,387.0892020087102,389.34942453489305,76578700
2021-05-24,391.4975891113281,392.57166364801725,389.5455399453994,389.78838459822936,51376700
2021-05-25,390.6289978027344,392.93593669892675,390.0499329669356,392.58101863752853,57451400
2021-05-26,391.40423583984375,391.90856610321015,390.1807204738854,391.21742785148024,43088600
2021-05-27,391.6097412109375,392.9453300641983,391.3295292083679,392.43165081383626,56707700
2021-05-28,392.3101806640625,393.4402919789062,392.0766849418198,393.1787779101102,58520200
2021-06-01,391.9646301269531,394.81326667212426,391.5256570082224,394.67317493272026,54216600
2021-06-02,392.5811462402344,393.4217539232556,391.6098242335208,392.61851354907884,49097100
2021-06-03,391.12408447265625,392.2635449713107,388.79847572246956,390.2648359999735,58138800
2021-06-04,394.70123291015625,395.0001143194918,391.18944760771376,392.973358609629,55938800
2021-06-07,394.3183288574219,394.869375468293,393.38434575366006,394.6919163983461,51555000
2021-06-08,394.4023742675781,395.2709716921303,392.5717754098022,395.1775676834587,47134300
2021-06-09,393.8139343261719,395.31766180851946,393.58978752250255,395.24292720536323,48436300
2021-06-10,395.64453125,396.5972121670287,393.7205285195885,395.0374479909109,51020100
2021-06-11,396.29833984375,396.41041324763955,394.90671424062083,396.1956153911513,45570800
2021-06-14,397.1855773925781,397.2883018302443,395.1681709071251,396.4103556235315,42358500
2021-06-15,396.4570617675781,397.3723467449024,395.5791155832376,397.3350079519186,51508500
2021-06-16,394.2435302734375,396.8213323424478,392.19813383077667,396.59718555484613,80386100
2021-06-17,394.11285400390625,395.0935248680887,391.6378044633818,393.832670472112,90949700
2021-06-18,388.79608154296875,391.5228387958726,388.5899319002041,390.8294393593685,118676300
2021-06-21,394.3620300292969,394.5494491775668,389.74243684552914,390.5576558078238,72822000
2021-06-22,396.4703369140625,397.30431488608144,393.6311114680384,394.35264939802,57700300
2021-06-23,395.9925537109375,397.35124264550416,395.90822366088724,396.5454031031455,49445400
2021-06-24,398.3351135253906,398.75676373658587,397.88532470396706,398.1383434268328,45110300
2021-06-25,399.75,400.1997887962621,398.75674142988316,399.08471063989845,58129500
2021-06-28,400.555908203125,400.7245682950884,399.0753997356411,400.2748080498527,53159600
2021-06-29,400.7713623046875,401.577201657203,400.23724351738144,400.9400223650543,35970500
2021-06-30,401.10870361328125,401.78337248653116,400.28410514640404,400.31221515795005,64827900
2021-07-01,403.3294372558594,403.4887463683767,401.80206006724353,401.8676596192297,53441000
2021-07-02,406.412353515625,406.7684327334074,403.41381877275404,404.49143596219454,57697700
2021-07-06,405.6720275878906,406.6840450735782,402.9358914741421,406.4685159469993,68710400
2021-07-07,407.1058044433594,407.38693319644403,404.3415575796705,406.35618496076756,63549500
2021-07-08,403.7887268066406,404.54772586147544,400.60277236849515,401.7834502743056,97595200
2021-07-09,408.09893798828125,408.3987971278305,403.59178574520314,405.2972024307304,76238600
2021-07-12,409.56085205078125,409.81387079491634,407.5837141699606,408.014743954132,52889600
2021-07-13,408.16461181640625,410.27294851905754,407.9022421705888,408.7736811446095,52911300
2021-07-14,408.7737121582031,410.34795874869207,407.52746339505444,409.8606803722424,64130400
2021-07-15,407.3775329589844,408.10842192602513,405.4753457373174,407.43375298751454,55126400
2021-07-16,404.18218994140625,408.60501287947545,403.78864977864345,408.55817239214764,75874700
2021-07-19,398.21331787109375,404.24784908958907,395.40220190953943,399.35650617263855,147987000
2021-07-20,403.9198303222656,405.1942176052661,398.0820699298473,398.8785584072042,99608200
2021-07-21,407.1900634765625,407.33064212666307,403.87296781863677,405.11921642523396,64724400
2021-07-22,408.0428466796875,408.28648588193806,406.3842985469024,407.3681777009672,47878500
2021-07-23,412.24078369140625,412.57810387739073,409.2891176794418,409.973137588627,63766600
2021-07-26,413.25274658203125,413.2621261186514,411.60357811733337,411.65041860813767,43719200
2021-07-27,411.3692932128906,412.24073218061153,408.53941855758904,412.2126221686252,67397100
2021-07-28,411.2006530761719,412.5781010183634,409.77636464052375,411.99714163798257,52472400
2021-07-29,412.9060363769531,413.9836250033735,412.11892741688575,412.12830695326727,47435300
2021-07-30,410.90081787109375,412.35321630587856,410.20738984106623,410.33858897512397,68951200
2021-08-02,410.0387268066406,413.16843236981356,409.68264755521176,412.61558301486065,58783300
2021-08-03,413.3746032714844,413.49642287388605,408.6425694296475,410.8352364844253,58053900
2021-08-04,411.3411865234375,413.346434118997,411.10692688961086,412.09080591322396,46732200
2021-08-05,413.9461975097656,414.0305275555735,412.1845602964902,412.5031500015922,38969700
2021-08-06,414.6301574707031,415.0518362349307,413.9835986168319,414.26472732503214,46930000
2021-08-09,414.2928466796875,414.92064647614995,413.5244682278816,414.60205680992107,41222600
2021-08-10,414.80816650390625,415.5203248634887,414.05854719624097,414.74256695054606,43339300
2021-08-11,415.8389892578125,415.9326988371535,414.75202104898426,415.87647880877864,44034300
2021-08-12,417.0852355957031,417.22581426197354,414.78950819398324,415.68905723891174,38909400
2021-08-13,417.8442687988281,417.86299927638066,417.0477802625369,417.53503004424323,39470300
2021-08-16,418.8281555175781,418.95932605512974,414.9862914344037,416.5417789840265,73740000
2021-08-17,416.0826721191406,416.9447317088072,413.0935163801424,416.2700627013434,92673900
2021-08-18,411.52862548828125,416.63549754497274,411.28501488582106,415.0706304246031,89351900
2021-08-19,412.1657409667969,413.36517769933806,408.6612261268582,408.80177618265736,92812200
2021-08-20,415.44537353515625,415.7733427277286,412.02518874666305,412.51246706573465,72008700
2021-08-23,419.09991455078125,420.00884318252696,415.52042005494565,417.1321276721808,54973000
2021-08-24,419.7652282714844,420.299347194437,419.2498684240996,419.7652282714844,38744700
2021-08-25,420.64599609375,421.16135587884156,419.57775837696613,419.9525966891945,40529700
2021-08-26,418.162841796875,420.5991192042751,418.0691322205563,420.3648595615522,57829600
2021-08-27,421.9016418457031,422.2764515773078,418.9124863376052,418.9687063675384,77235100
2021-08-30,423.7569885253906,424.544097540426,422.33267151100796,422.57631070476276,48357400
2021-08-31,423.1291198730469,424.0005588501911,422.5294300788062,423.6632387027082,59300200
2021-09-01,423.35406494140625,424.5815833267058,423.11980527098797,424.0662234902461,48721400
2021-09-02,424.656494140625,425.4623335511139,423.45708596482183,424.77831372503533,42501000
2021-09-03,424.5534362792969,425.068824666954,423.11976836523195,423.52271669627993,47170500
2021-09-07,423.0354309082031,424.30043871518234,422.3607619842241,424.20672913760086,51671500
2021-09-08,422.52008056640625,423.23223905655976,420.5991342695839,422.5013500889307,56181900
2021-09-09,420.7115173339844,424.0754818080808,420.467878195624,422.32322454960996,57970400
2021-09-10,417.3944091796875,423.06348035998116,417.272589605885,422.6418302154465,89948200
2021-09-13,418.46270751953125,420.655403124016,416.1482209113753,420.39303344599693,83738600
2021-09-14,416.2044372558594,420.11187210742554,415.3142391694053,419.9057224766755,78197100
2021-09-15,419.6808776855469,420.17750702921626,415.520423766594,416.62612251723135,78792200
2021-09-16,419.0155944824219,420.1306441908273,416.063899796155,419.15614456363676,77786700
2021-09-17,414.93389892578125,418.665861109797,414.5766789216659,418.2428600689456,118425000
2021-09-20,408.0151672363281,410.38405885600616,403.14573587535295,408.8047977762208,166445500
2021-09-21,407.6297607421875,411.6531328768098,407.1033403647797,410.3558724154265,92526100
2021-09-22,411.60614013671875,413.64604074631075,407.74258725869817,409.9046690416803,102350100
2021-09-23,416.60711669921875,418.2146065121486,413.24178453544346,413.4767946462248,76396000
2021-09-24,417.29339599609375,418.0078359804858,414.7552750846295,414.97149473457984,62094800
2021-09-27,416.09954833984375,417.4249802239827,415.40389884937827,416.25933916263614,61371100
2021-09-28,407.71435546875,413.65541814858807,406.9811250466519,413.3263982451864,130436300
2021-09-29,408.400634765625,410.8353363854079,407.83660468931265,409.0962556033454,82329200
2021-09-30,403.4090270996094,410.58151260645667,403.0705975741562,409.8764821735044,140506000
2021-10-01,408.20318603515625,409.8858665977476,401.61352150069314,405.1386734490561,129240100
2021-10-04,402.9389343261719,407.9399274949172,400.79561465530827,407.03749673565017,128570000
2021-10-05,407.131591796875,409.3782739253751,403.64404918460883,404.4430607487151,90682500
2021-10-06,408.8236389160156,409.0304489893108,401.90495407806975,403.5312059070278,113032200
2021-10-07,412.35821533203125,415.19712763222657,411.92580468619974,412.1044146962141,72437500
2021-10-08,411.60614013671875,413.51444998736724,410.9763290353788,413.1290299205683,74557400
2021-10-11,408.626220703125,413.8622533457,408.5604109808945,410.9481219621356,65233300
2021-10-12,407.6203308105469,409.9516414282403,406.83070028385015,409.5474309242927,71181200
2021-10-13,409.0868835449219,409.9047143211053,405.665150493523,408.6450632915193,72974000
2021-10-14,415.9678649902344,416.11827489242256,412.28289410601354,412.7529142924432,70236800
2021-10-15,419.1357727050781,419.50240219983965,417.46250208372,418.0829321371791,66260200
2021-10-18,420.3768005371094,420.7152014170573,416.691828391451,417.34986835281455,62213200
2021-10-19,423.619873046875,423.68565408047556,421.39195292020696,422.0030022074686,46996800
2021-10-20,425.2837219238281,425.58454176597354,423.9676709741409,424.08047124300566,49571600
2021-10-21,426.39300537109375,426.6186059313377,424.2497139854905,424.6821246218787,41305400
2021-10-22,425.9511413574219,427.40822132656245,424.0052506620859,425.96055094238534,58845100
2021-10-25,428.2354736328125,428.5644935725112,425.26497065295007,427.04163242690424,45214500
2021-10-26,428.620849609375,430.99915087837957,428.2448391545924,429.78651931328756,56075100
2021-10-27,426.72198486328125,429.7489164065924,426.6467655584889,429.0814956872959,72438000
2021-10-28,430.8393859863281,430.9145766067055,428.1414742340312,428.15085513172806,51437900
2021-10-29,431.7135925292969,432.00500278448646,428.244840846289,428.53625110147857,70162400
2021-11-01,432.456298828125,433.07672908555327,430.72662751397496,432.7006898838901,48433600
2021-11-02,434.2047424316406,434.51497189123603,432.4938616741639,432.6254811267831,48908400
2021-11-03,436.8556213378906,437.25983186693117,433.19885003088245,433.6406702124122,52509800
2021-11-04,438.91436767578125,438.9989678887315,437.1094770695545,437.4572875076041,52847100
2021-11-05,440.43719482421875,442.43007618696566,438.92374331887703,441.1422252320449,66390600
2021-11-08,440.8132019042969,442.0352718144265,440.1269906728055,441.53705147758245,50405200
2021-11-09,439.3561706542969,441.4148618185051,437.9461097849906,441.17985167362065,51149100
2021-11-10,435.8215637207031,439.35612511347824,434.3363123816006,437.6640350330447,69429700
2021-11-11,435.9626159667969,437.3914960298939,435.94382548251065,437.31627671722447,34848500
2021-11-12,439.25274658203125,439.8073670755041,436.2822149398842,437.23166509516153,53466700
2021-11-15,439.403076171875,440.70033651062397,438.27504490739136,440.540545708173,46980500
2021-11-16,441.1422424316406,442.2796835013746,439.0647607814874,439.1399514053057,48857500
2021-11-17,440.070556640625,441.0575876528418,439.4501264917785,440.87897766963937,47858300
2021-11-18,441.56524658203125,441.8284567817868,438.3784954289363,441.1046072166389,50625600
2021-11-19,440.7756652832031,442.7027371018379,440.40903566695056,441.45246699733707,57315600
2021-11-22,439.5347595214844,445.1468026589416,439.3279494564215,442.6557009805207,72762000
2021-11-23,440.1175231933594,440.9729634115955,436.6017812293338,439.205682845372,73206500
2021-11-24,441.2926025390625,441.4148123907597,437.29743052339023,438.1152611459688,61858800
2021-11-26,431.4504089355469,436.08480192497507,430.32234880945094,434.6183409737067,112669600
2021-11-29,436.7428894042969,438.5853610359219,434.0449773431906,436.2446690099577,86268800
2021-11-30,428.2449035644531,436.20704878218436,428.00048382259115,434.29876746658414,148559600
2021-12-01,423.48822021484375,436.80860593500284,423.290819754086,433.9602845358961,131939200
2021-12-02,429.97454833984375,431.54442870471775,423.3096641820062,423.7044938415965,127637800
2021-12-03,426.2331848144531,432.7006394884692,422.0030024782896,431.638417799551,137331600
2021-12-06,431.28118896484375,433.1612699645703,426.36476682296546,428.78067779267633,98977500
2021-12-07,440.2021179199219,440.76614789818484,431.1495242664586,436.56416615737265,95484700
2021-12-08,441.3678283691406,441.8190581603877,438.83911699656346,440.5970169214314,72238800
2021-12-09,438.3878479003906,441.4711792762943,438.1904474482316,440.0799091515518,61272600
2021-12-10,442.51470947265625,442.66511941343407,438.53835603543934,441.09526765313603,77159800
2021-12-13,438.5947265625,442.3454791791736,438.3126971846737,441.99766876550603,87724700
2021-12-14,435.5771789550781,437.8144800719802,432.65366659136504,435.323378332146,97264100
2021-12-15,442.3831481933594,442.6275392616218,433.1143322034432,435.63366301970495,116899300
2021-12-16,438.48199462890625,444.5170398390227,436.93090452850896,444.2350391050043,116568600
2021-12-17,433.8152160644531,438.40929266529145,432.1077672413191,435.400025670144,135511600
2021-12-20,429.2022399902344,429.5984279577143,425.5798060591172,428.73056845563246,107134800
2021-12-21,436.824462890625,436.9659586009306,430.4568968299471,432.62657449075914,69806300
2021-12-22,441.192138671875,441.30533523820264,436.37164043974565,436.56976321936594,58890200
2021-12-23,443.9372863769531,445.4371985113299,442.0883418877811,442.19209581442925,56439700
2021-12-27,450.21990966796875,450.26706530467493,445.2673586949308,445.314514331637,56808600
2021-12-28,449.8520202636719,451.6821081838997,449.0879146544429,450.65386765775884,47274600
2021-12-29,450.4275207519531,451.4463187392995,448.95590766548065,449.9558491527363,54503000
2021-12-30,449.1822204589844,451.8613112086021,448.71999158678375,450.8519272576119,55329000
2021-12-31,448.0502014160156,449.8425474311,447.77665266265734,448.6916965613621,65237400
2022-01-03,450.6444091796875,450.77649102777576,447.0031187538817,449.31429199851436,72668200
2022-01-04,450.49346923828125,452.7858147658463,448.63508224842974,452.0688648240115,71178700
2022-01-05,441.843017578125,450.8991165177179,441.7486775164381,450.1255683158479,104538900
2022-01-06,441.4279479980469,444.1447805813084,439.060147736231,441.38079236108484,86858900
2022-01-07,439.6827697753906,442.6165817047028,438.32435344615055,441.43740286255314,85111600
2022-01-10,439.1357116699219,439.35266218590664,430.7305201228873,436.4849195241094,119362000
2022-01-11,443.1353759765625,443.22971603463884,435.8716233328437,438.87147596382505,74303100
2022-01-12,444.3335266113281,446.390036772666,442.371385321116,444.8712391723062,67605400
2022-01-13,438.211181640625,446.0881025089078,437.18294108680465,445.4371934481838,91173100
2022-01-14,438.390380859375,438.7394131797268,433.8434604749311,435.06038106331687,95890900
2022-01-18,430.6266784667969,433.9000801446297,429.51354052849086,433.6925435130348,109709100
2022-01-19,426.1552734375,433.5699368723863,425.88169585972383,432.1738074172843,109357600
2022-01-20,421.4385070800781,432.74918102362534,419.31598522013365,428.04190842212745,122379700
2022-01-21,413.1654357910156,422.6743219055185,413.1371366485651,420.31596407281415,202271200
2022-01-24,414.9200134277344,415.4294267475225,396.9210402768621,407.5525063368311,251783900
2022-01-25,409.854248046875,414.8067989622443,402.9489701470522,408.52413091783615,167997300
2022-01-26,408.8260498046875,418.8820910132849,404.56212043743244,415.7501849161173,186391100
2022-01-27,406.80731201171875,416.57091988117384,405.1187484129023,413.42959969479165,149878300
2022-01-28,416.9105529785156,416.9577086247044,403.5811085016075,408.1657427915105,164457400
2022-01-31,424.4195861816406,424.76861859534057,414.89181312481946,416.2407871301934,152251400
2022-02-01,427.2873229980469,427.92878947837016,421.617821033728,425.14591546405666,123155400
2022-02-02,431.4380187988281,432.16438269982757,427.38162576079867,429.69282811901024,117361000
2022-02-03,421.2970275878906,427.30611843415994,420.45743842360054,425.40057576602374,118024400
2022-02-04,423.2780456542969,427.1268727004783,418.68394073588917,421.06118368926354,118454400
2022-02-07,421.9197082519531,425.4383601251335,420.58959082414395,424.04223054958567,84472900
2022-02-08,425.3911437988281,426.31563040935833,419.99522006477935,421.4196773714475,81012000
2022-02-09,431.6172180175781,431.93795122288446,429.23056108197864,429.4286550758493,92589900
2022-02-10,423.8629455566406,431.7775795121979,421.86306271080866,425.7684883309894,140103700
2022-02-11,415.5048828125,426.0231523425291,414.0710117021737,423.94781485036305,153214600
2022-02-14,414.146484375,416.5803257355876,410.67498861776903,414.9955162101405,123006300
2022-02-15,420.8253479003906,420.9951427431811,418.0707734780917,418.5896294380124,88482700
2022-02-16,421.2970275878906,422.67430043142383,416.9010453564432,418.77828888356663,84863600
2022-02-17,412.2975158691406,421.2687175900961,411.6937912802445,418.10851257856154,102259100
2022-02-18,409.62786865234375,413.80687151261105,407.3544084156553,412.55220911710694,132642900
2022-02-22,405.2319030761719,410.8259207595827,401.7320794413733,407.4204659812032,124391800
2022-02-23,398.0436706542969,408.7128798332859,397.47765898241863,408.14686816140767,132578000
2022-02-24,404.0338134765625,404.4677720037459,387.3744006844994,387.73284685817333,213942900
2022-02-25,412.948486328125,413.0333837616076,403.61880824968927,405.26965885180056,121804500
2022-02-28,411.8918762207031,413.37293170296726,406.297858901948,407.552492478369,145615000
2022-03-01,405.61865234375,412.40129113186845,402.9112336256211,410.3919658423738,137785900
2022-03-02,413.0805358886719,414.8068411449072,407.1186004140651,407.8732634005898,117726500
2022-03-03,411.02398681640625,416.11803346129733,409.22219816012046,415.5143088873288,105501700
2022-03-04,407.6845703125,408.8165646764018,403.6376206493303,407.2883535725804,113978200
2022-03-07,395.6664123535156,407.8072341448679,395.60037142345385,407.09972677904506,137896600
2022-03-08,392.66656494140625,403.0055972451965,391.60058263341585,395.84562657872834,164772700
2022-03-09,403.1943054199219,405.1753318232111,398.8643637492097,401.05292680024445,116990800
2022-03-10,401.37359619140625,402.2697547820951,396.61913933731984,398.5812801406087,93972700
2022-03-11,396.27020263671875,404.47727157024167,395.76078922516666,403.8641042205582,95636300
2022-03-14,393.3741149902344,400.4963446455009,392.23267777731564,397.0437338622443,95729200
2022-03-15,402.0245361328125,402.65655987964084,394.7136272071247,395.9871173439881,106219100
2022-03-16,410.93914794921875,410.99574623645054,400.7321679197033,405.53380999874116,144954800
2022-03-17,416.08038330078125,416.08038330078125,408.64683443641115,409.02416595069127,102676900
2022-03-18,420.6375427246094,420.95927229277345,413.72975679136624,414.4678490660908,106345500
2022-03-21,420.5146179199219,422.47338269242965,417.00392141262006,420.46728690424806,88349800
2022-03-22,425.4352722167969,426.3720741213854,421.905660231953,421.905660231953,74650400
2022-03-23,419.9562683105469,424.39429439850414,419.8711071405114,422.8991946168003,79426100
2022-03-24,426.28680419921875,426.2962761766024,420.86467470667094,421.98127067470915,64736900
2022-03-25,428.36865234375,428.64307980820996,424.33751705816746,426.92085470819296,77101300
2022-03-28,431.4156799316406,431.4156799316406,425.8799725760659,427.7725201247763,68529800
2022-03-29,436.75262451171875,437.24470532869987,432.6174129701443,435.30482687325934,86581500
2022-03-30,434.0558166503906,436.42150122145665,431.94561561692495,435.6076907124575,79666900
2022-03-31,427.3750915527344,434.11255605182595,426.9208697553412,433.2893025074121,121699900
2022-04-01,428.5863342285156,429.0973012788602,425.00942048618305,428.9553659870978,89048800
2022-04-04,432.25787353515625,432.3619786728985,427.96181114365424,428.7850647544049,59601000
2022-04-05,426.7978515625,433.2325015603828,425.6528684021026,430.7627409154782,74214500
2022-04-06,422.5301818847656,424.81070528964915,419.64405824278475,422.8803274607899,106898000
2022-04-07,424.6592712402344,426.47612959296237,419.7008059045146,421.65012756907544,78097200
2022-04-08,423.52374267578125,426.4193379958125,421.98131186663085,423.9022463943376,79272700
2022-04-11,416.28472900390625,421.09178658035466,415.7832051098399,420.24958914576314,89770500
2022-04-12,414.7423095703125,421.80150331220403,413.19040683522564,419.2749398176844,84363600
2022-04-13,419.4925537109375,420.24956105130474,414.3164358847849,414.49623018176845,74070400
2022-04-14,414.2691650390625,420.8363067294956,414.16505991706254,419.71968183285964,97869500
2022-04-18,414.439453125,416.12381899160926,412.20623239424935,413.3417722746959,66002500
2022-04-19,421.1296691894531,421.8488175877449,414.1650795150678,414.33540185587515,77821000
2022-04-20,420.8173522949219,423.52370998577396,419.6534541721469,422.9086378808468,65224400
2022-04-21,414.524658203125,425.8326405645599,413.61624352930863,424.44161705872466,85417300
2022-04-22,403.1504821777344,414.54359749502777,402.5827121441921,413.43647336370464,132471800
2022-04-25,405.48779296875,405.6581153210633,396.33731266857023,400.9078312682018,119647700
2022-04-26,393.7444763183594,403.15043882373135,393.7160892636341,402.9517005626742,103996300
2022-04-27,394.8516540527344,400.198124069915,392.7130949238464,394.8232669941469,122030000
2022-04-28,404.8253479003906,406.5570449371299,395.1639015423122,399.6019274903522,105449100
2022-04-29,389.86480712890625,402.9896201658994,389.1172427381389,400.83211704855785,145491100
2022-05-02,392.2115173339844,393.5741537158079,383.25974771045304,389.93099434604335,158312500
2022-05-03,394.0094299316406,396.4224162058567,391.1516650055243,392.71303964199615,100028200
2022-05-04,406.0081787109375,406.5759486887727,391.48287209472454,394.67180974349054,144247900
2022-05-05,391.5775451660156,402.16635092774,387.44233342518896,401.7405161814466,172929100
2022-05-06,389.240234375,392.5143334096191,383.9316525873715,389.01313791973797,151770800
2022-05-09,376.7778015136719,384.575087347115,375.1975117716512,383.3354711443122,155586100
2022-05-10,377.64837646484375,384.26282054447404,373.60779806565324,382.7582487909865,132497200
2022-05-11,371.64898681640625,382.3324247205916,370.9014225253903,376.68316971112745,142361000
2022-05-12,371.2610168457031,374.5351157341159,364.4573066901353,368.4505828254061,125090800
2022-05-13,380.1371154785156,381.51866715299093,374.35536749244255,375.396274457315,104174400
2022-05-16,378.59466552734375,382.26621234005705,376.2384531036934,378.4905892750784,78622400
2022-05-17,386.3824157714844,386.6189841546402,380.9507860572023,384.68857806225515,83029700
2022-05-18,370.80682373046875,382.1053347959958,369.56720740842707,381.82146421765935,117674500
2022-05-19,368.5357971191406,372.96438058327726,366.31204784682575,367.7409305686508,98510700
2022-05-20,368.69659423828125,375.6990132327795,360.09497051983396,372.12210011344524,131432200
2022-05-23,375.594970703125,376.3614500919125,369.4063326029317,371.72468584727085,76414900
2022-05-24,372.72772216796875,373.9200072669515,366.1700241726604,371.4691621082922,91448800
2022-05-25,376.0207824707031,377.9890479746067,370.83522098115014,371.2326397707966,91472900
2022-05-26,383.5342102050781,385.1712741839689,377.04278616008014,377.25096753960395,82168300
2022-05-27,392.9495849609375,393.06313317262965,385.7957588445441,385.9944682150054,84768700
2022-05-31,390.74481201171875,394.08515718858496,388.00062391684565,391.33149711527295,95937000
2022-06-01,387.5841979980469,393.87691162412517,385.0671067720199,392.86442082555544,86585800
2022-06-02,394.96514892578125,395.01245105424977,385.1712114606002,387.4233472328848,79609600
2022-06-03,388.4832458496094,391.79520408065434,387.5085850110212,390.2433012195324,71874300
2022-06-06,389.6661071777344,394.22712507510215,388.492707995611,392.4954566785765,57508900
2022-06-07,393.4038391113281,393.8580609068562,385.71062891259504,386.17432268656637,59272400
2022-06-08,389.126708984375,393.4795741929143,388.33184246632624,391.69110286881636,64350000
2022-06-09,379.87213134765625,389.61873928900354,379.87213134765625,387.34768809546443,86289800
2022-06-10,368.85748291015625,374.5162101273659,368.8101807755536,373.6645695586442,132893900
2022-06-13,354.8526306152344,361.2967520769685,353.2439538052529,359.4420637467876,170004900
2022-06-14,353.7833557128906,357.6346967344851,350.6795790257293,356.60326183152415,104011800
2022-06-15,358.8270263671875,363.2744957746672,352.12739188091416,357.0858572117837,125666800
2022-06-16,346.9512634277344,351.0107858866292,344.51933296816924,350.6038951062925,134473300
2022-06-17,347.69921875,351.04450954430285,344.1924117569051,347.36661545178714,111113900
2022-06-21,356.4520263671875,357.83954577017596,353.35383919081494,353.4298843377524,76811900
2022-06-22,355.8058166503906,359.9208687301767,351.80477429485757,352.2229356289405,90059400
2022-06-23,359.2935485839844,360.02531625810855,354.38019748123855,357.9440519379141,79292100
2022-06-24,370.7169494628906,370.7264623574381,362.4393100729595,362.46781975387455,98050300
2022-06-27,369.3009338378906,371.93342448126845,368.20802402579585,371.63881476677494,66009600
2022-06-28,361.75506591796875,373.64409647087297,361.64102718888944,370.859544492515,86548900
2022-06-29,361.46044921875,363.29463974904866,359.63577158326706,362.3062847809654,65676000
2022-06-30,358.5238037109375,361.76453925396646,354.06660685286846,357.563929508268,112508300
2022-07-01,362.3157653808594,362.7529525002182,355.2450743514729,357.8680810567147,74839700
2022-07-05,362.9999694824219,363.01899526887956,354.3896990068369,357.22178593032197,81438000
2022-07-06,364.22601318359375,366.7159554565062,360.75719981096245,363.1425872465519,70426200
2022-07-07,369.6810302734375,370.4793302796413,364.2449625145711,366.0031367080708,64525900
2022-07-08,369.3769836425781,371.2491967887842,366.516386504775,368.04645446042775,72397800
2022-07-11,365.1573791503906,367.66631821985214,364.4636048722329,366.6969600116307,58366900
2022-07-12,361.9261474609375,366.9915903599883,360.1774858287248,364.60617377885575,62219200
2022-07-13,360.025390625,362.96203282628903,356.06239989210513,356.48056122161495,84224600
2022-07-14,359.15106201171875,360.234458871572,352.6220841639683,355.064490796516,89704800
2022-07-15,366.0127258300781,366.1267645686113,361.6505700647993,363.5607769406915,79060400
2022-07-18,362.9905700683594,369.77613578928634,361.76459566817937,369.10138727564373,63203600
2022-07-19,372.7981872558594,373.36840979135206,366.2597263907414,366.9154489534266,78506000
2022-07-20,375.1741638183594,376.5902220427515,371.6198214217243,372.98834417392436,71843800
2022-07-21,378.9945983886719,379.0421048535145,372.1900078667484,374.59442084284586,64903900
2022-07-22,375.478271484375,380.31560739398503,373.2544293512537,379.1181717855212,72197300
2022-07-25,375.93450927734375,376.78982883535605,373.69164103348083,376.1055673883999,53631500
2022-07-26,371.4867248535156,374.49935379005854,370.59338295368127,374.2902731538691,52946400
2022-07-27,381.1329345703125,382.8815960228277,374.4898888264092,374.78449853291994,82342100
2022-07-28,385.91326904296875,386.6070143182949,378.38639383024014,381.9407652653173,73966600
2022-07-29,391.53936767578125,392.52775161157655,386.5784802133014,387.3482705951752,87003700
2022-08-01,390.3799133300781,392.8888811641739,388.1275616169894,388.84033261494034,69997500
2022-08-02,387.80450439453125,392.4992924403069,386.62606543660127,388.81188524619347,63435400
2022-08-03,393.87725830078125,395.0461841555904,389.6481388511842,389.9332356443753,67820600
2022-08-04,393.61114501953125,394.48546115765066,391.96700956030446,393.8011998743411,45656600
2022-08-05,392.9458923339844,393.59213106466996,389.2679987016488,389.3250180600784,56814900
2022-08-08,392.4897766113281,396.88995488473654,391.3873538190681,394.6376028275185,53886100
2022-08-09,390.93115234375,392.26165245097286,389.8572393634721,391.7579620888554,44931800
2022-08-10,399.1422119140625,399.28478930367265,396.03454106904235,397.99228292287995,68665700
2022-08-11,399.1422119140625,403.8560245937494,398.4009312995291,401.993295662687,59489700
2022-08-12,405.8993225097656,406.00384833286853,400.1306223802401,401.08098369306896,61694500
2022-08-15,407.5718994140625,408.09461548737096,403.6279061465154,403.6849254995712,54048300
2022-08-16,408.3702697753906,410.29950209001703,405.69024389909407,406.4980568196023,59289000
2022-08-17,405.47161865234375,408.1801539962864,403.46637035029323,404.7683606131751,63563400
2022-08-18,406.6501159667969,407.33434826924736,404.37873850839094,405.6712159722093,49023200
2022-08-19,401.1855163574219,404.1506388492187,400.31117123671885,403.884538856435,68016900
2022-08-22,392.8318786621094,396.51928542351556,391.92902375820364,396.3481983345936,77695600
2022-08-23,391.8815612792969,394.79917797760174,391.33033538049193,392.40424849113856,49105200
2022-08-24,393.1360168457031,394.50451059223457,390.9691939931629,391.6534263650644,49177800
2022-08-25,398.6861267089844,398.73363317866927,393.53515507562247,394.62806490293383,50942300
2022-08-26,385.19091796875,399.1137045548559,385.1338986136642,398.57202068154095,103087000
2022-08-29,382.6440124511719,385.6946644031111,381.285002619314,382.23536401267944,65370800
2022-08-30,378.4433898925781,384.04103223682625,376.3430994030369,383.80344189629403,85652400
2022-08-31,375.5637512207031,381.3229380663818,375.4307157273297,380.07796715106764,76029700
2022-09-01,376.7422790527344,377.0843952355188,370.6789686786316,373.38750446992157,78740100
2022-09-02,372.76971435546875,381.62708880615634,370.95452075647603,380.4106274783638,99632100
2022-09-06,371.36328125,374.5564820738422,369.1394387470958,373.6156334387337,76637400
2022-09-07,378.0347595214844,378.8045499413538,370.8310328137159,371.0495973756983,70964200
2022-09-08,380.50567626953125,380.9618311489722,374.5564050265275,375.7633824847431,80821700
2022-09-09,386.41693115234375,387.28176346215974,382.4824212375365,382.74852125573165,76706900
2022-09-12,390.5699768066406,391.29226066106133,388.1845607104956,388.4886832810648,69256300
2022-09-13,373.5870666503906,383.09068051072757,372.4656471755256,381.883702988719,122947100
2022-09-14,375.0125732421875,376.53315711649486,371.7053054907733,374.88902163325827,85023700
2022-09-15,370.75494384765625,376.3050503313671,369.48146319239925,373.4539664457312,87633800
2022-09-16,367.926513671875,368.58495903524056,364.6342868550473,366.57147330224217,103084800
2022-09-19,370.7797546386719,370.7797546386719,364.701089599931,364.77744712887517,73278500
2022-09-20,366.5237731933594,368.4609306805626,363.7659614872204,367.44941174370973,77274900
2022-09-21,360.1302185058594,371.5050452988248,360.1206665332533,368.45138449539013,106746600
2022-09-22,357.10516357421875,360.9985532046951,356.36083780125125,359.35721571534805,89472600
2022-09-23,351.12188720703125,353.6697589480902,346.675007940967,353.6315801864885,122346900
2022-09-26,347.64837646484375,353.27853570562985,346.42691809015844,349.6523393463072,92581200
2022-09-27,346.7608947753906,353.4598260291323,344.3656797923764,351.1886701822386,108294100
2022-09-28,353.5839538574219,355.27299311416255,346.01663630256644,347.7152275322068,110802200
2022-09-29,346.1979064941406,350.3203103402681,343.24923029563433,350.03404240715685,112952300
2022-09-30,340.84442138671875,349.17516668139064,340.71083940826395,345.2531217473703,153711200
2022-10-03,349.84320068359375,351.6944777642895,342.7816430249758,344.56611454293574,89756500
2022-10-04,360.68365478515625,360.7122815791371,349.8050362444443,355.3683901017397,103602800
2022-10-05,359.8439636230469,362.10556813395476,353.9847887637613,356.3131988470105,88065700
2022-10-06,356.1317443847656,361.39927721467654,355.6355078983759,358.44104960176855,82333500
2022-10-07,346.1979064941406,356.2176918591457,344.432509914981,352.09525889115315,107789500
2022-10-10,343.5545349121094,347.5529082912699,341.31203506732743,347.3143419995389,76042800
2022-10-11,341.37884521484375,346.4269166005978,339.44168789952687,341.8559778454328,92482800
2022-10-12,340.2528076171875,343.36372158176107,340.0046893387279,341.7891897787711,76991800
2022-10-13,349.2325134277344,350.70209031395274,332.1893180537023,333.23901582957257,147254500
2022-10-14,341.27392578125,353.3263019525563,340.63455517563204,351.6944872171797,123737000
2022-10-17,350.0436096191406,351.15056087847387,340.9399103655982,347.362126415413,93168200
2022-10-18,354.1564636230469,358.27889645424324,350.71155095897484,357.97352458781444,97162900
2022-10-19,351.646728515625,354.84352278104876,348.83163450834223,352.11430914770796,79746900
2022-10-20,348.69805908203125,355.6260339289677,347.9346294295258,351.1982293100266,88283100
2022-10-21,357.1719665527344,357.65862205185954,346.91361459894165,348.4213409562037,131038400
2022-10-24,361.5424499511719,362.67802786353946,356.0458731062238,358.6987583066402,85436900
2022-10-25,367.3158264160156,367.63072116367647,361.35166805839594,361.4661752393635,78846300
2022-10-26,364.54840087890625,369.85411334727513,363.90905946867207,364.16670060269513,104087300
2022-10-27,362.6016845703125,367.3920851710098,361.9813889212359,365.55036040862007,81971800
2022-10-28,371.228271484375,371.70540412790007,362.31543719795053,362.49674993223925,100302000
2022-10-31,368.54681396484375,370.6366574184391,367.6402793522776,368.7663054799875,96631300
2022-11-01,366.93402099609375,372.53558182792375,365.76029351237366,372.2970155430231,85407600
2022-11-02,357.7254638671875,370.85616501782636,357.6205086522629,366.34247921682703,126990400
2022-11-03,354.0419921875,357.08610094389695,351.9235219733596,354.4809460886305,87100100
2022-11-04,359.13775634765625,361.5424944523819,353.07816578614245,359.75802297669105,103505200
2022-11-07,362.5730285644531,363.1646682541799,358.35516409991413,360.43545498374664,68286900
2022-11-08,364.5293884277344,367.50669186220006,360.445133617555,363.6800782301254,84641100
2022-11-09,357.01922607421875,363.7086341105511,356.5229895570527,362.5539523085774,78495500
2022-11-10,376.6389465332031,376.9729451885855,368.00285783726986,370.3026114178393,141455800
2022-11-11,380.28424072265625,381.08582000984256,375.60831786460767,377.4977734770305,93839900
2022-11-14,377.0492858886719,381.8778657875463,376.77254080840333,378.5188625471577,71903500
2022-11-15,380.2652282714844,383.9105292645869,376.44816648734445,382.8035778525619,93194500
2022-11-16,377.3642578125,379.58768334395705,376.73443916433405,378.6334179598029,68508500
2022-11-17,376.2095642089844,376.88711357872995,372.29709955126145,372.60244233222005,74496300
2022-11-18,377.9176940917969,379.6162851991159,375.06445009963727,379.54947963736595,92922500
2022-11-21,376.54351806640625,377.7172747970653,374.7017931399619,376.59124880158924,51243200
2022-11-22,381.6107482910156,381.77298623141934,377.0779873956715,378.49031074798893,60429000
2022-11-23,384.0154724121094,384.5021279345099,381.04769204993397,381.27670641341655,68261600
2022-11-25,383.9295654296875,384.4830556409012,383.17571677097555,383.45243275471506,30545400
2022-11-28,377.8031311035156,382.47902466355777,377.0397014860041,380.83768738823574,67881600
2022-11-29,377.1542663574219,379.1295732981502,375.312512286855,377.9367417321205,52310000
2022-11-30,389.03485107421875,389.03485107421875,375.48430196447526,377.4023553187591,144566700
2022-12-01,388.7485656738281,391.2487358630156,386.2388435135502,390.07497917155587,76398200
2022-12-02,388.3000793457031,389.20661386702676,383.7482445522166,383.8531997520255,85342700
2022-12-05,381.31488037109375,386.41065374736974,379.9598399084257,385.47549236036787,77289800
2022-12-06,375.8182373046875,381.69651421862574,373.728423384414,381.15260520692095,77972200
2022-12-07,375.1789245605469,377.54551283524984,374.0433465972937,374.9689850432598,65927900
2022-12-08,378.1180114746094,379.1867837767733,375.2838428310427,377.06834311332335,60737900
2022-12-09,375.2934875488281,379.43499580414664,375.16942838990695,376.8775715745364,81447700
2022-12-12,380.70416259765625,380.70416259765625,375.41752454941917,376.08549280299235,75405800
2022-12-13,383.5860290527344,391.71635903607296,380.8186654692543,391.4587178854205,123782500
2022-12-14,381.1335754394531,386.9545999060633,378.1848989989114,383.2424937114521,108111300
2022-12-15,371.8103332519531,377.17329870946276,370.1499212179962,376.2667351726121,117705900
2022-12-16,367.4207763671875,370.5938969026141,365.28301140098097,369.25179640139993,119858000
2022-12-19,364.30517578125,367.9480534682601,362.6371386607899,367.6125210258833,79878100
2022-12-20,364.80364990234375,366.42376617165866,362.224886337841,363.5478242860952,74427200
2022-12-21,370.2583312988281,371.38952801231983,366.86471190276114,367.40155201274337,78167400
2022-12-22,364.9761657714844,370.23912957543627,359.2722031883447,367.20980089104194,100120900
2022-12-23,367.07562255859375,367.21941379519086,362.39741929068407,363.950423157118,59857300
2022-12-27,365.6280822753906,367.30571508666856,363.95044946411275,366.960616093891,51638200
2022-12-28,361.0841369628906,367.53584456423454,360.85407094628073,365.56100398447626,70911500
2022-12-29,367.5837097167969,368.45608223881914,363.40399242752494,363.93126597675223,66970900
2022-12-30,366.6155090332031,366.7593002885038,362.78091952867106,364.8995512939543,84022200
2023-01-03,365.0720520019531,370.45004902050835,362.20567683665195,368.4752380300906,74850700
2023-01-04,367.8905029296875,369.92283055639075,364.28597966385496,367.3344711039099,85934100
2023-01-05,363.69158935546875,366.0498533403474,363.09723275612134,365.93482035409846,76970500
2023-01-06,372.03179931640625,373.15342943340613,363.7203443233328,366.787997866155,104189600
2023-01-09,371.8208923339844,377.4194177778674,371.6387762794701,374.2271061896771,73978100
2023-01-10,374.428466796875,374.4955791323068,370.2966990841329,371.2361840133922,65358100
2023-01-11,379.16412353515625,379.24083169297677,375.1953394078577,376.01019536505663,68881100
2023-01-12,380.54461669921875,382.0113458697923,376.19237910493234,380.26663005159156,90157700
2023-01-13,382.0208740234375,382.5960681415917,377.07425141625265,377.34267143731284,63903900
2023-01-17,381.3210754394531,383.6793685488554,380.6404441382468,382.00173599624947,62677300
2023-01-18,375.30078125,383.5739112290624,375.09947353048597,382.5098268846119,99632300
2023-01-19,372.5687255859375,374.9077982389386,371.24578754272824,373.25892360264237,86958900
2023-01-20,379.50927734375,379.66266441415144,372.31942298138915,373.96829741871426,91806400
2023-01-23,384.0628967285156,385.99935386476415,379.3559346776604,380.31458203818664,84178800
2023-01-24,383.650634765625,384.56133208460926,381.19650018692624,382.3852133953482,59524900
2023-01-25,383.79449462890625,384.13002707193834,377.2852705542339,379.57645189598105,84800300
2023-01-26,388.0124816894531,388.1754645974599,383.4876654146606,386.4594777963223,72287400
2023-01-27,388.9040222167969,391.28147800741476,386.7566616675893,386.967565239786,68346200
2023-01-30,384.02447509765625,388.37674154050546,383.72729680861056,386.14307720021804,74202000
2023-01-31,389.6708984375,389.71881909207235,384.19700222601404,384.5421304079371,86811800
2023-02-01,393.81231689453125,396.5636593442866,385.7117643976384,388.45348175657574,101459200
2023-02-02,399.54498291015625,401.01171197085296,395.80626464324223,397.70436739497256,101654500
2023-02-03,395.2981872558594,399.72713273402843,394.09028239614366,394.56960600643197,94736800
2023-02-06,392.88238525390625,394.2820312874674,391.2239442533102,392.8440604283562,60295300
2023-02-07,398.0207214355469,399.2669510561357,390.71583467034515,391.96206429093394,90990700
2023-02-08,393.6684875488281,397.388043561494,392.97826035827575,396.0459432619734,76227500
2023-02-09,390.2557067871094,397.42639877292254,389.02863947326034,397.27301170174235,78694900
2023-02-10,391.1664123535156,391.5498653830581,388.26171250273467,389.0765392196659,70769700
2023-02-13,395.7583312988281,395.8925559564968,391.358143932513,391.8183051444725,64913500
2023-02-14,395.5762023925781,397.8865164448738,391.61698469819703,394.2340728818384,88389300
2023-02-15,396.8608093261719,396.9374882356896,392.5373007553342,393.38091503799455,61555700
2023-02-16,391.3964538574219,395.8349948045501,391.2622584704852,391.8853732614953,76431500
2023-02-17,390.4187316894531,390.6583935285287,387.341452611694,389.26834315965215,89257800
2023-02-21,382.58660888671875,387.44695849959504,382.32778460616737,386.392440449129,82655900
2023-02-22,382.05926513671875,384.54215788611697,380.6021026620575,382.9987206737072,83742300
2023-02-23,384.09161376953125,385.567938737912,379.86397585252666,384.95439045031753,96242400
2023-02-24,379.98858642578125,380.82260481900255,377.36190242771124,379.06829329418446,108194400
2023-02-27,381.2828063964844,384.69558849089844,380.34332149757034,383.33429643374495,80444700
2023-02-28,379.8735656738281,382.76866981415725,379.7680992642455,380.8034546692743,96438600
2023-03-01,378.4164123535156,380.285786224129,377.11266611466596,379.05871889408525,99706800
2023-03-02,381.35943603515625,382.20305024263513,376.1060389057773,376.4415712731506,85127800
2023-03-03,387.4756774902344,387.724935164796,382.5290536184137,383.1809267997028,90120000
2023-03-06,387.7440490722656,390.6008283701899,387.3030795348652,388.3000515971973,72795900
2023-03-07,381.8004455566406,387.9358116155142,381.1869265041094,387.69614979307676,108310600
2023-03-08,382.423583984375,383.18089426793244,380.18991944950625,381.9155020986243,74746600
2023-03-09,375.3679504394531,384.87774493306273,374.38054484861016,383.20967866619384,111945300
2023-03-10,369.95159912109375,376.9017923479486,368.42735335856526,374.8215147441384,189253000
2023-03-13,369.42425537109375,374.2462786691214,364.9090354410611,366.02106965683873,157790000
2023-03-14,375.5309143066406,377.1797888194533,371.0444227448801,374.3517676052174,149752400
2023-03-15,373.18218994140625,373.38349766674736,367.8425178859198,369.9323910671056,172996900
2023-03-16,379.729736328125,380.074864540284,370.3158428605711,370.8239247170232,143254200
2023-03-17,375.2897033691406,379.5334763060183,373.9039803951704,378.3979622867853,140553400
2023-03-20,378.8983459472656,379.31215983644114,375.3666994576997,376.06916402579844,93055800
2023-03-21,383.87347412109375,384.35462710121084,380.66897882785537,382.2664102459138,91524200
2023-03-22,377.32977294921875,387.31851343521214,377.29130185553555,383.70026302343734,111746600
2023-03-23,378.349853515625,384.2391613901428,375.636143615093,380.1974645439356,119351300
2023-03-24,380.8326110839844,380.91921510254883,374.7219619246639,377.069990985465,107682400
2023-03-27,381.5446472167969,383.8830728135966,380.64970980063305,383.11321049277444,74010400
2023-03-28,380.6882629394531,381.54470001628135,378.850254938649,380.85183851528325,62871700
2023-03-29,386.2214660644531,386.4620425314962,383.65209647484517,384.8549788100607,77497900
2023-03-30,388.4829406738281,389.1084336951085,386.61606470017716,388.85822473969705,69840000
2023-03-31,393.95843505859375,394.2567475446969,389.30084855820127,389.40671748046964,112062600
2023-04-03,395.45965576171875,395.8638078292274,393.0442583450311,393.43880732243116,67391100
2023-04-04,393.2656555175781,396.3931504118375,391.88953544499236,396.10444095509297,66601500
2023-04-05,392.2359924316406,393.2945350696006,390.5808246797177,392.5343049886221,65200200
2023-04-06,393.7660217285156,394.0450987106506,390.3883180373403,391.4372281258298,63743300
2023-04-10,394.17010498046875,394.2471058980047,390.66732678096605,391.28318728502614,63681000
2023-04-11,394.27606201171875,395.6810207146474,393.5062288677926,394.7957155358575,59297900
2023-04-12,392.6689453125,396.6336706379783,392.08195275810823,396.34496122221753,86420400
2023-04-13,397.8846740722656,398.2407226034187,392.6112264732372,393.7563729944993,85814800
2023-04-14,396.9126892089844,399.44355846247794,394.6031608879993,397.2495021524552,78161500
2023-04-17,398.3369445800781,398.356180127704,395.59436663010166,396.82611712486937,66436400
2023-04-18,398.59674072265625,400.0498321097644,397.2206502574761,399.9150951800139,63560000
2023-04-19,398.52935791015625,399.43389838923747,396.62398175927586,396.6817177607652,55227300
2023-04-20,396.35455322265625,398.1059569841909,394.805225474454,395.709795357126,75840400
2023-04-21,396.66253662109375,397.1244246963598,394.7090566567866,396.65290416377644,73457400
2023-04-24,397.0763244628906,397.4997414469219,395.12284448225694,396.46043453439125,64332100
2023-04-25,390.773193359375,395.6617241074058,390.7154573508528,395.1035702020275,97766700
2023-04-26,389.1180419921875,392.46687746099377,388.5599174310108,391.38909943441206,80447000
2023-04-27,396.8646240234375,397.1340685308111,391.40833604006144,391.65854499949717,92968400
2023-04-28,400.251953125,400.26158558313546,395.9215758481045,395.9793118624164,89433100
2023-05-01,399.8477478027344,401.8781992260224,399.61677440898023,399.8092473425676,62122300
2023-05-02,395.353759765625,399.1837478908785,392.4476064659251,399.1356149746384,103998500
2023-05-03,392.64007568359375,398.26957154429016,392.3994991884123,395.8541741351487,91531800
2023-05-04,389.8590087890625,391.91832822239473,388.5213894409254,391.59114772802405,94901900
2023-05-05,397.0763244628906,398.125234465571,393.2367329689119,393.4965450134205,87891800
2023-05-08,397.1821594238281,397.6633124121759,395.7772009206819,397.4035003706773,50046800
2023-05-09,395.4403991699219,396.55667765861574,395.2094551264847,395.63287211761855,49220100
2023-05-10,397.28802490234375,398.914324338217,393.4580365761441,398.27919887504333,96142900
2023-05-11,396.5951843261719,396.8838643849846,394.5165998009732,396.4219762908843,70157100
2023-05-12,396.0755310058594,398.04827596600416,393.6505304091499,397.8365674670435,70481500
2023-05-15,397.4419860839844,397.8461381335402,394.7667767427343,396.68175616777665,54289400
2023-05-16,394.7860412597656,397.2591747577228,394.77640880213,396.3353398421656,57705500
2023-05-17,399.5782775878906,400.1845056184392,395.16129716185526,396.80683197926186,87287000
2023-05-18,403.42755126953125,403.850968255046,399.03943829896787,399.26074988190857,97177200
2023-05-19,402.8405456542969,404.86139419112027,401.6184275681808,404.3321376214222,103793300
2023-05-22,403.00408935546875,404.54378464321184,401.61836653322445,402.8597493463277,60745400
2023-05-23,398.4812927246094,402.9367742560176,398.08674373587735,401.35857830108944,86383500
2023-05-24,395.5943908691406,397.25919090910776,394.4300087705914,396.8742743622671,89213700
2023-05-25,399.0201416015625,400.4732329300767,396.86458575045214,399.10674560980397,90961600
2023-05-26,404.187744140625,404.90947362025605,399.59755522238083,399.67452677861917,93830000
2023-05-30,404.3417053222656,406.6512337191027,402.955982410714,406.1219771957275,72216000
2023-05-31,402.0995788574219,403.41793341434715,400.53101533620446,402.5133634004825,110811800
2023-06-01,405.919921875,406.9784643429913,401.07952389464964,402.33050994129945,88865000
2023-06-02,411.78997802734375,412.5790465929496,407.9696222034908,408.49887873292437,91426200
2023-06-05,411.0008544921875,413.4258547804784,410.298360615152,412.13636840253633,65460200
2023-06-06,411.89581298828125,412.4250695118066,409.9327006351518,410.5870909976928,64022200
2023-06-07,410.4715881347656,413.4258744271593,410.0481711705742,412.2903604628489,85373300
2023-06-08,412.9543151855469,413.40660011091546,409.7690851631247,410.5389180982335,61952800
2023-06-09,413.6953430175781,415.7065590310339,412.70416901348756,413.7530790281272,85742800
2023-06-12,417.44830322265625,417.5253041431819,413.9551573440261,414.6768867959098,76104300
2023-06-13,420.2005310058594,420.84525956412307,418.2470510492617,418.91104452208407,95899700
2023-06-14,420.7008972167969,422.5100370544421,417.2462224703346,420.5373216552151,100612100
2023-06-15,425.9165954589844,427.167581376933,419.78671159999425,419.8829186958016,110303100
2023-06-16,424.4658203125,428.47421834147775,423.9925483177265,427.9043524050704,114165800
2023-06-20,422.26361083984375,423.4130109410261,420.1869737539229,422.52441742791524,76160400
2023-06-21,420.1001281738281,422.0801716964907,419.510925655376,421.27850373439446,76982300
2023-06-22,421.6165466308594,421.722779347334,418.80583057108225,419.14389467353715,70637200
2023-06-23,418.4290771484375,420.21596194306784,417.71433502111864,418.1586317913709,92074500
2023-06-26,416.719482421875,419.78130707914215,416.47801229853,417.8592143297431,72823600
2023-06-27,421.2880859375,421.9062340935396,417.1444505822348,417.5984155696539,72813700
2023-06-28,421.5006103515625,422.5147730975973,419.58815632826764,420.2063045276252,75636000
2023-06-29,423.16192626953125,423.3261389375307,420.67963558379535,421.08528892018165,67882300
2023-06-30,428.1554870605469,429.1406745135059,426.05951350289007,426.3782705598957,104964000
2023-07-03,428.64813232421875,428.92821645735074,427.5277073626863,427.8078209721531,32793400
2023-07-05,428.0106506347656,428.7447292814146,426.8226069528998,426.8322751907773,58418400
2023-07-06,424.6590270996094,425.08401688065084,422.1477318870011,424.42722521043544,80658300
2023-07-07,423.58685302734375,427.5373299461191,423.34538291856603,423.6641399688983,86134200
2023-07-10,424.6590270996094,424.8328785164898,422.6596473764828,423.2295133382579,62443500
2023-07-11,427.3634948730469,427.8561033801802,424.4465462578362,425.4220950342892,64463800
2023-07-12,430.802001953125,432.21220867974904,429.72988876678727,431.15940249157063,91924500
2023-07-13,434.2212219238281,435.01325098389225,432.18322827988203,432.6178568057713,72425200
2023-07-14,433.9508361816406,435.9598548665001,433.18778225181745,435.1099046958951,69815800
2023-07-17,435.4575500488281,436.51035622999115,433.75759097947645,433.80590268905246,52680200
2023-07-18,438.69329833984375,439.3404218148386,434.69453863237396,435.12919667930265,80668200
2023-07-19,439.6688232421875,440.85683741354967,438.61598753921226,439.4853035858035,65891700
2023-07-20,436.7518005371094,439.5721843285478,436.0370584598877,438.67392261371555,70591600
2023-07-21,436.7518005371094,438.67392261371555,436.7421617768301,438.4710665028841,71275600
2023-07-24,438.70294189453125,439.5142779903244,436.867745334165,437.9012445599851,54023400
2023-07-25,439.900634765625,441.15626767500714,438.3841952460214,438.4325069587421,55191200
2023-07-26,439.96826171875,441.39774607749916,437.91093141721467,438.9637376866275,71052900
2023-07-27,437.05126953125,443.7641509737044,436.14333947921443,443.35846818342566,92194400
2023-07-28,441.33013916015625,442.16078225681895,437.05126606431355,440.3256151682766,80011800
2023-07-31,442.1705322265625,442.5279033679905,440.4898797710363,441.80349284574254,62040400
2023-08-01,440.9051513671875,441.6488687577706,439.94890960634154,440.70229523457317,55291500
2023-08-02,434.7718505859375,438.0461705780349,434.01846487725106,437.7853934206833,93933400
2023-08-03,433.5257873535156,435.40926606374575,432.10594188115226,432.75309476673715,64276100
2023-08-04,431.5650634765625,437.44727217935485,431.0434797536367,435.3416597654818,100128900
2023-08-07,435.3320007324219,435.4865451527169,432.7048045400754,433.40023969323573,58357500
2023-08-08,433.4388732910156,435.3223520518387,430.0775985479417,432.7917203880473,71361300
2023-08-09,430.5412292480469,433.8735287355085,429.7781754061016,433.70931608230507,78789600
2023-08-10,430.6957702636719,436.2882265207825,429.52706313111736,432.89797658868093,93005500
2023-08-11,430.44464111328125,431.4588333292262,428.22312774254544,428.82196893936987,68690900
2023-08-14,432.8207092285156,432.8207092285156,429.2179937241371,429.5270825673996,47867400
2023-08-15,427.77880859375,431.4008602977152,427.2089131864871,431.04345976947155,75707500
2023-08-16,424.6397705078125,429.02484730566357,424.5335083117714,427.3635314579317,80107200
2023-08-17,421.40399169921875,426.368601907091,420.8824080004751,426.1078247958852,95711300
2023-08-18,421.60687255859375,422.6403718520157,418.23595877170976,418.5836616313642,98852000
2023-08-21,424.3499450683594,425.09366245894176,420.4671159807588,422.6210106803204,68719000
2023-08-22,423.2005920410156,426.1272091701829,422.64039424533416,426.1272091701829,64994200
2023-08-23,427.9140625,428.5322402058597,424.1181589807745,424.2630351692306,68441000
2023-08-24,421.98358154296875,430.0293538199984,421.95457682823127,429.51743829068363,88517300
2023-08-25,424.9584655761719,426.24307373449807,420.1580380770201,423.71247141677657,102325100
2023-08-28,427.6533203125,428.271468592545,424.9585050816311,427.15104351635455,61595400
2023-08-29,433.8348693847656,434.1149829705276,427.3634585355922,427.5469781804364,83081900
2023-08-30,435.62176513671875,436.2592497912926,433.4678410527647,434.17294441532357,69053900
2023-08-31,434.9843444824219,437.3797095627112,434.8008248059368,436.2399775018421,66084600
2023-09-01,435.795654296875,438.19104870854676,434.337165211912,437.7081084262502,58944100
2023-09-05,433.9121398925781,435.670049450585,433.8445506606034,435.35132185994263,55166200
2023-09-06,430.99517822265625,433.2070527201014,428.66740278671307,433.1007905422567,70758500
2023-09-07,429.6719665527344,430.34806524877047,427.6436115119561,427.99131435968866,70355400
2023-09-08,430.319091796875,431.85483833340237,429.3628794853081,429.72025057240546,61659700
2023-09-11,433.1491394042969,433.4581987746905,431.23668532604137,432.94628326819304,60180100
2023-09-12,430.77301025390625,433.22635483769756,430.1935055679439,431.70027670410997,67565400
2023-09-13,431.275390625,432.4344297518796,429.8941588545351,430.99527697522666,60199300
2023-09-14,434.99395751953125,435.6893927060478,432.4440481531944,433.74799281245487,83430800
2023-09-15,429.75299072265625,433.73677769771734,429.31682909931095,433.4072234999764,111848900
2023-09-18,430.0049743652344,431.30381593271665,428.9678297470681,429.4427711077799,55752200
2023-09-19,429.1133117675781,429.6755151492696,426.42839572285595,429.0842343223396,66514600
2023-09-20,425.1682434082031,430.7900985499461,424.96467175443377,430.3733120632257,82562600
2023-09-21,418.1409912109375,422.58031539562137,417.9859016455791,422.31861839300336,104095800
2023-09-22,417.2007141113281,420.7676848012683,416.78389802992604,419.1683664368396,100829700
2023-09-25,418.9551696777344,418.9939198820318,415.5529609010411,415.98915213200996,70874500
2023-09-26,412.8002014160156,416.6191968671865,411.9665987111882,415.91160628125357,96168400
2023-09-27,412.9649353027344,414.5352059296986,409.32043434886083,413.97300260416256,104705800
2023-09-28,415.3591003417969,417.0359784928409,411.8212066146307,412.4124874162186,92258300
2023-09-29,414.35107421875,418.5868563011905,412.82928558629357,418.4123916323294,115111300
2023-10-02,414.1862487792969,415.436637965525,411.4237734247356,413.51743802249865,83798600
2023-10-03,408.64190673828125,414.2443872113326,407.27520783651096,412.00533549021924,103760600
2023-10-04,411.6176452636719,412.3639860114544,407.64356048210016,409.1071941153402,87453000
2023-10-05,411.4625549316406,412.3058303467078,408.23484048426144,411.3268404794052,70142700
2023-10-06,416.3478088378906,417.8889725902115,407.6823752264937,409.01029452111743,113273300
2023-10-09,419.0133056640625,419.5851817448939,413.89546879833836,414.44794019758774,80374400
2023-10-10,421.1942138671875,423.79189736248946,419.245936455557,419.64334789466267,78607300
2023-10-11,422.9195251464844,423.17151977952034,419.8759482263836,422.2604167519184,62451700
2023-10-12,420.3412170410156,423.9081879098467,417.9858555363506,423.5301811699864,81154200
2023-10-13,418.2475280761719,423.04551271009467,416.67728716479496,421.8435761764503,95143100
2023-10-16,422.6481628417969,423.7143850912576,420.25402134631616,420.49634324027045,75433200
2023-10-17,422.6287536621094,424.6836681484373,419.1684195342952,419.5173488593283,75324700
2023-10-18,416.9971618652344,421.8145218630585,415.91156461169203,420.85493671578564,93559800
2023-10-19,413.33331298828125,419.5270750829903,412.65482940199,417.7145119651641,121323000
2023-10-20,408.2541809082031,413.4398746497076,408.14754390760345,412.8970760474875,123919900
2023-10-23,407.54669189453125,411.4141698736406,404.9683831018959,406.7227914459318,92035100
2023-10-24,410.6192932128906,411.7727477741345,407.8180379697815,409.6693807564813,78564200
2023-10-25,404.7259826660156,408.9617938766799,404.21226147565824,408.93271643497314,94223200
2023-10-26,399.87957763671875,404.512771066671,398.9587721877273,403.65982284727204,115156800
2023-10-27,398.0669860839844,401.8666061249316,396.64213226616755,401.46919469761593,107367700
2023-10-30,402.826171875,403.882691656562,399.55967786827136,400.8585195147872,86562700
2023-10-31,405.3560791015625,405.67593098866274,401.48860153022065,403.39809925222016,79665200
2023-11-01,409.6791076660156,410.49330571448974,405.7922548569512,406.32538079437717,98068100
2023-11-02,417.5303039550781,417.68539350879695,413.4592845158063,413.4786596174057,94938900
2023-11-03,421.3396301269531,422.89049620638866,419.71123405468535,419.83724617580907,100167800
2023-11-06,422.30889892578125,422.75476292041225,420.36062146659094,422.0956544795997,67831700
2023-11-07,423.51080322265625,424.1505365569555,421.1651439105342,422.308896123232,64256100
2023-11-08,423.82098388671875,424.6351818841711,421.5140747704494,424.11175832141294,61746000
2023-11-09,420.51568603515625,425.0034918992464,420.0891971681386,424.9647121167065,83174400
2023-11-10,427.0777587890625,427.38793789386506,420.5059906051338,422.58998243152627,89462200
2023-11-13,426.6706237792969,427.77559603562844,424.9549957269619,425.74011615602234,52236100
2023-11-14,434.9483947753906,436.23753414765645,432.3894615518305,432.61240832792026,97176900
2023-11-15,435.8692321777344,437.51703289700214,435.01625437389265,436.28601873814944,77327600
2023-11-16,436.4023742675781,436.7222261657172,434.3571620148054,435.42338430911985,66665800
2023-11-17,436.9451599121094,437.55581582516845,435.4912285306581,436.41203399072475,83133200
2023-11-20,440.30859375,441.1518692274426,436.6834380187307,436.69314036041027,69936200
2023-11-21,439.3489685058594,440.18257120218567,438.0792041489343,439.2617361737396,49244600
2023-11-22,441.0451965332031,442.3634429416601,439.94992648347943,441.0064463302394,59394900
2023-11-24,441.31658935546875,441.51045868866237,440.7641179584505,441.09367216063396,29737400
2023-11-27,440.5218200683594,441.5007803874619,440.13408138085987,440.68658238826873,50506000
2023-11-28,440.95794677734375,442.2567884526749,439.5718727783306,440.13404650216097,62115000
2023-11-29,440.64776611328125,444.24384395397783,440.2503842780265,443.10976458954195,63146000
2023-11-30,442.3828125,442.7317713844543,439.4167950935211,441.491084558086,79752700
2023-12-01,444.9999084472656,445.53300475365734,441.18091323402564,441.77216442546705,89183400
2023-12-04,442.6639099121094,445.019271433423,440.3860783753154,441.60739008872554,72430900
2023-12-05,442.57672119140625,443.5363064434526,440.89984300542426,441.27787936550914,69793500
2023-12-06,440.7931823730469,444.74786226267736,440.35699117640615,444.7187848215884,69124700
2023-12-07,444.1566162109375,444.8060222628319,442.27619611806483,442.8771496276889,66995400
2023-12-08,446.066162109375,446.59925845337557,443.167972091833,443.4102939900714,83194400
2023-12-11,447.8011474609375,447.97564170163525,445.358553474564,445.5717979195869,65002200
2023-12-12,449.84637451171875,449.94330918636626,446.45386796122364,447.45223299144266,68327600
2023-12-13,456.0498352050781,456.30185945750105,449.86577532109465,450.22440701550494,93278000
2023-12-14,457.5133972167969,459.1805728813377,454.83815428105993,457.9883386207796,119026000
2023-12-15,456.76007080078125,458.093403474674,454.91096383658004,456.9157891356936,141553700
2023-12-18,459.3294372558594,460.31239637628556,457.3051580447496,458.3659614924249,70375300
2023-12-19,462.12255859375,462.2004326198957,459.79658439176796,459.8744287176748,55761800
2023-12-20,455.71881103515625,463.15417688283,455.2905929826461,461.26613266046417,102921000
2023-12-21,460.0398864746094,460.31238616429494,456.28325178797456,458.7065536605437,86667500
2023-12-22,460.96441650390625,462.6480933014032,459.06666039020405,461.1687838422537,67160400
2023-12-26,462.91082763671875,463.8159126462135,461.29528326802847,461.37315728833744,55387000
2023-12-27,463.7478332519531,463.8938099220547,462.1712258143802,462.7064835048319,68000300
2023-12-28,463.9230041503906,464.75995685713684,463.5045277970175,464.1079178321579,77158100
2023-12-29,462.5799560546875,464.25389115635505,460.62377959337147,463.7283454487912,122283100
2024-01-02,459.9912109375,460.9839117212058,457.8890577311239,459.5143439023402,123623700
2024-01-03,456.2345886230469,458.57030441924957,455.6311985932203,457.8306496986943,103585900
2024-01-04,454.7650451660156,458.3464782249613,454.5411944622418,455.7577162648923,84232200
2024-01-05,455.3879089355469,457.84040614563645,453.93779478135224,454.96940287212124,86118900
2024-01-08,461.88897705078125,462.0349537185437,455.7576897026201,455.8842127147601,74879100
2024-01-09,461.188232421875,462.21009873679486,458.72599376856454,459.2320560873438,65931400
2024-01-10,463.7965087890625,464.66268658164086,461.1785514545196,461.4607928330298,67310600
2024-01-11,463.59210205078125,465.3146861106975,459.6116465550996,464.7988820904805,77940700
2024-01-12,463.9132385253906,465.7818289024957,462.50209119029734,465.04217421360715,58026400
2024-01-16,462.2101135253906,463.84511156166917,460.3902018147457,462.531291886232,85014900
2024-01-17,459.640869140625,460.1274778564824,457.28566988777015,459.18345575970955,68843900
2024-01-18,463.7283630371094,464.28310409945385,459.7673906749951,461.314802822399,91856200
2024-01-19,469.5092468261719,469.7914881784232,463.7770119836413,464.85726900395974,110834500
2024-01-22,470.5019836425781,472.22456782073624,469.8499148891261,471.0469830334159,75844900
2024-01-23,471.87420654296875,472.1175109095896,469.9569966462272,471.04699545665005,49945300
2024-01-24,472.38995361328125,475.6794030980705,471.89360329239463,474.74512281778505,81765000
2024-01-25,474.9593200683594,475.23181977158964,472.39004139507995,474.52136032734217,72525000
2024-01-26,474.3558349609375,476.0200281829789,473.5091406848153,474.5310069421557,76641600
2024-01-29,478.11248779296875,478.258494159002,474.12232032676826,474.66731967923187,61322800
2024-01-30,477.74273681640625,478.4531665594372,476.9835986796224,477.4215584200377,58618400
2024-01-31,469.9472351074219,475.98116532447904,469.9277517507619,475.5334936248827,126011100
2024-02-01,476.09796142578125,476.1271567596163,470.8425637335658,471.65035080339914,91891600
2024-02-02,481.1100769042969,482.76452883359946,476.1953107107944,476.5359427757288,99228200
2024-02-05,479.35821533203125,481.13921979443177,477.10037355108614,480.47743909484853,75757100
2024-02-06,480.74993896484375,481.0808293147646,478.871606822303,480.3022375794468,55918600
2024-02-07,484.7596435546875,485.17811995237605,482.0930074037672,482.9981222525648,70556500
2024-02-08,484.9737548828125,485.35329426615607,483.9421467021212,484.7596458434101,52343600
2024-02-09,487.7766418457031,488.214571917586,485.1392009339813,485.47983301227384,63979400
2024-02-12,487.5625,490.01499733828587,486.84229887428285,487.7474136957695,56502300
2024-02-13,480.8472595214844,483.776653518952,477.5772631803255,481.28521924942925,113099200
2024-02-14,485.21697998046875,485.7035886541278,481.158650574048,483.48465429025185,68387800
2024-02-15,488.5648498535156,488.74976352545775,485.4408007855907,485.91769748176387,61683000
2024-02-16,486.1318664550781,489.401862888149,485.3922116760664,488.2632150838705,75532900
2024-02-20,483.4554748535156,485.06127758934093,481.20734508331265,484.3897552215933,71736700
2024-02-21,483.8934326171875,484.0491509708409,480.3411949189208,482.15139479243277,59293400
2024-02-22,493.9078674316406,494.87134322560775,489.5478424615369,490.51134795574427,76402500
2024-02-23,494.24847412109375,496.4674086571224,493.51856105397593,495.6304262293698,61321800
2024-02-26,492.4382629394531,495.12435246871587,492.3117399253592,494.6863927584272,50386700
2024-02-27,493.3531188964844,493.5769696039291,491.2315119659273,493.1292978892794,48854500
2024-02-28,492.7010192871094,493.28492593001334,491.435818926933,491.7959045901359,56506600
2024-02-29,494.4723205566406,496.0878651256629,491.81545586381117,494.4626085780751,83924800
2024-03-01,499.1145324707031,499.54275051356746,494.9394511031337,495.3482154895911,76844800
2024-03-04,498.57928466796875,500.4284215717115,498.2873313148722,498.3165563504212,49799300
2024-03-05,493.5964050292969,497.0221493633574,491.38721217314117,496.5744479650044,72855600
2024-03-06,496.0975341796875,498.35540551430984,494.8031681983377,496.87609616392615,68382400
2024-03-07,501.02203369140625,502.0731250869525,496.15594682375195,499.39677730974256,58652100
2024-03-08,498.01483154296875,504.3407152276024,497.4406368151398,501.6546849790431,86532500
2024-03-11,497.58660888671875,498.17054528765857,494.88106560592894,496.8080468189585,62557200
2024-03-12,502.9393310546875,503.5232377514132,497.17784111143084,499.6985003866654,73114400
2024-03-13,502.1509704589844,503.43562459877114,500.7106276661075,503.2604525888654,55104100
2024-03-14,501.1582946777344,503.27990140830235,498.1121195690471,503.1241533654222,110171800
2024-03-15,497.71710205078125,499.5426983558434,496.04773772547895,498.08807852140865,107646300
2024-03-18,500.6750183105469,503.2327653384656,500.26501371428566,501.78794751400085,88893300
2024-03-19,503.4573974609375,503.7404859733711,498.9764238973626,499.9819809876235,60755300
2024-03-20,508.11407470703125,508.2507627953458,502.84240721032234,503.51601611982346,69594600
2024-03-21,509.7931213378906,511.6577156470844,509.50997328058423,510.9548506462455,60256100
2024-03-22,508.82672119140625,510.19342318455074,508.59237324097523,509.7053025616341,79070800
2024-03-25,507.4209289550781,508.57288646937474,507.26469698888116,507.45018520809214,48512100
2024-03-26,506.483642578125,509.18784949164274,506.0834099446397,508.84612935571323,65463700
2024-03-27,510.74017333984375,510.7792611284968,507.1476123013397,509.3148990950555,82999800
2024-03-28,510.64251708984375,512.1459071621757,510.359428578344,510.7792051650659,96294900
2024-04-01,509.7540588378906,511.92134520134493,508.592329471925,511.38442447935097,62477500
2024-04-02,506.5130615234375,506.6496900205949,504.20908677438206,505.9272809933223,74230300
2024-04-03,507.0694274902344,508.5728771082824,505.3707772955882,505.41957743973774,59155800
2024-04-04,500.88006591796875,511.42345867223884,500.5774335376575,511.08179809560863,96858100
2024-04-05,506.11273193359375,508.0749863325785,501.7977623960231,502.2370828649808,74546500
2024-04-08,506.39581298828125,507.8211466086966,505.5855756833857,506.8156491443553,48401800
2024-04-09,506.9815673828125,508.3775850942212,502.12961782362083,508.13352480372953,68049200
2024-04-10,501.9051208496094,503.8966314464908,499.9233821983309,501.28031218136,82652800
2024-04-11,505.6929626464844,507.13778061540546,499.9136311857634,503.42807581801776,70099000
2024-04-12,498.71282958984375,503.56474960986543,496.9848635757255,502.14918793409277,92561100
2024-04-15,492.4649353027344,503.0571295651305,491.61558034670605,502.89118522807627,92101400
2024-04-16,491.5667419433594,494.4661795680653,490.27809637848605,492.94324564322153,73484000
2024-04-17,488.6575622558594,494.1928634388067,487.2615443714678,494.0268893119992,75910300
2024-04-18,487.6520080566406,492.15249561510325,486.71482481856754,490.0535829309475,74548100
2024-04-19,483.3956298828125,488.56969668668467,482.1264983587833,487.57394131853926,102212600
2024-04-22,487.8473205566406,490.4441260798556,483.65923689240304,486.00221013520326,67961000
2024-04-23,493.6363525390625,494.0659010467374,487.6617612136965,489.85830389464087,64633600
2024-04-24,493.4020690917969,495.3154935043147,491.17624034467946,494.5247405147149,55928100
2024-04-25,491.5276794433594,492.28914639879576,485.6702321576898,487.3200821932215,69122400
2024-04-26,496.18438720703125,497.7658932650639,493.6852119906925,494.3197628446228,64306100
2024-04-29,497.941650390625,498.61525929171887,495.19841463675846,497.9709364388238,46415400
2024-04-30,490.0536193847656,497.45351534342734,490.0536193847656,496.4772740416634,77483600
2024-05-01,488.46234130859375,496.11606953951656,487.9937347584278,489.46786865773555,80242800
2024-05-02,493.0310974121094,493.8706803453591,487.6812848525579,492.1720003799534,62550200
2024-05-03,499.142333984375,500.372377545038,496.477184983328,499.01541787110875,72756700
2024-05-06,504.2969055175781,504.3359337135483,501.10457784231613,501.54389828336633,47264700
2024-05-07,504.85345458984375,506.2494725384783,504.17984569021877,505.2634592637331,52561300
2024-05-08,504.9021911621094,505.439111907815,502.90090860900597,503.01805278679507,42047200
2024-05-09,507.8113708496094,507.8504586322259,504.4336144152066,505.0876793386549,43643700
2024-05-10,508.4654846191406,510.2227068337735,507.24518313883544,509.4124099670415,52233200
2024-05-13,508.53375244140625,510.2519464031073,507.391566976992,510.1445741767588,36716400
2024-05-14,510.8670349121094,511.3844713761404,508.19214341702855,508.72906418826113,57535900
2024-05-15,517.193115234375,517.4859756907869,512.7023697575905,513.3369504006804,59504900
2024-05-16,516.1289672851562,518.8917465910545,515.9825072697596,517.2906967075278,50244800
2024-05-17,516.8709106445312,516.9392546781255,514.7915121402848,516.2461019816988,59187600
2024-05-20,517.4664916992188,518.9308537358257,516.5976225904213,516.9881429675341,37764200
2024-05-21,518.7355346679688,518.8917666350982,516.4999636631139,516.7049957755823,33437000
2024-05-22,517.2418823242188,518.7550442398426,515.064823969773,518.0424072439434,48390000
2024-05-23,513.4638671875,520.4049281460258,512.2532779910508,520.2975559093766,57211200
2024-05-24,516.8612670898438,517.671564163704,514.3620914027401,515.3090169926944,41291100
2024-05-28,517.2223510742188,517.9057318355667,514.5864879004678,517.6714434796838,36269600
2024-05-29,513.6004638671875,514.7817371522767,512.8878268689698,513.1904592530791,45190300
2024-05-30,510.1933898925781,512.7218807717095,508.94383216366884,512.058043918065,46377600
2024-05-31,514.84033203125,514.9672481577884,506.0443890267406,511.15017117084983,90785800
2024-06-03,515.2600708007812,516.7342044816085,510.18360486685094,516.4511159966606,46835700
2024-06-04,515.8361206054688,516.5780734778808,512.4876203186922,513.9519821715993,34632700
2024-06-05,521.9669799804688,521.9865238759579,516.1681035996744,518.1596742180576,47610400
2024-06-06,521.9570922851562,522.6990451286446,520.0241537818829,522.2694966184689,30808500
2024-06-07,521.3226318359375,524.1342115774243,519.8875261250549,520.980911626184,43224500
2024-06-10,522.9334106445312,523.2555869709606,519.9168582676467,520.5123511854081,35686100
2024-06-11,524.1927490234375,524.2513211148034,519.4091430834137,521.3811694677967,36383400
2024-06-12,528.4979248046875,531.1923600659605,527.4631115100716,528.7615289974312,63251300
2024-06-13,529.5620727539062,530.4211698122318,526.7700371068663,530.2454535391702,44760900
2024-06-14,529.8842163085938,529.9134725597781,527.0237772162169,528.0293342324846,40089900
2024-06-17,534.1015625,535.4976399183048,528.7420075865693,529.2008719569648,55839500
2024-06-18,535.4586181640625,535.5855343086499,533.7404238235347,534.1602004613839,41376400
2024-06-20,534.0038452148438,537.0497124719363,532.2270793840357,536.3858757194955,70328200
2024-06-21,533.2879638671875,534.404483453128,531.8286814958426,533.1802452520325,64338600
2024-06-24,531.5545043945312,535.6777608035513,531.4369822915095,533.1117619254674,45528700
2024-06-25,533.6014404296875,533.9638101987721,531.260682360104,532.7787259572508,37936200
2024-06-26,534.2675170898438,534.9824532882294,531.8386468881042,532.4850185530828,38550600
2024-06-27,535.1097412109375,535.6876080791019,533.3860038559784,534.1303504208262,35041500
2024-06-28,533.0039672851562,538.9391321933387,531.7601817698417,535.8833782760337,76144500
2024-07-01,534.1008911132812,534.6297405125247,531.339002473828,534.3848928648134,40297800
2024-07-02,537.6953125,537.6953125,532.4457925507478,532.4947501316359,40434800
2024-07-03,540.0948486328125,540.457218430894,537.3427629954197,537.381917105902,32789900
2024-07-05,543.2092895507812,543.6108134486142,539.7618150479054,540.3984429341523,41488400
2024-07-08,543.8360595703125,544.7860397915607,542.7684974779849,543.9927357696513,36110500
2024-07-09,544.3649291992188,545.6968861634513,544.0711239537649,544.795863484972,27289700
2024-07-10,549.7515869140625,550.0943497431794,545.2953712492263,545.5891764995068,38701200
2024-07-11,545.0112915039062,550.7407626908513,544.3747234457534,549.8690906630567,53054200
2024-07-12,548.4490356445312,552.0531865568831,545.667599292853,546.1376877405125,53084400
2024-07-15,549.957275390625,553.1990561394715,548.0964091939553,550.4469707289841,40584300
2024-07-16,553.2185668945312,553.5123721227574,550.5154392403327,551.2695891404957,36475300
2024-07-17,545.4619140625,548.9583463886919,545.1386983611491,547.2835666023501,57119000
2024-07-18,541.2701416015625,547.9888085207633,539.0861190510939,546.9996141599916,56270400
2024-07-19,537.6756591796875,542.6607838512468,536.6179005483158,541.0349619096787,65509100
2024-07-22,543.2191162109375,543.8263337080781,539.6639229224022,541.6030975244146,43346700
2024-07-23,542.3670043945312,545.2659625762393,541.8773090500791,543.111291105197,34439600
2024-07-24,530.0756225585938,537.8519873002513,529.1549928867055,537.5483785668235,74515300
2024-07-25,527.3137817382812,536.1773164246895,526.3736048145187,530.193193121847,61158300
2024-07-26,533.2195434570312,535.9128682273114,530.3303285661854,531.1040855758291,53763800
2024-07-29,533.5328979492188,535.7756811771844,531.5349026238763,534.7669398202207,39515800
2024-07-30,530.829833984375,536.05980735921,527.421572998221,535.0020485169553,46853600
2024-07-31,539.4581909179688,542.0927543010554,536.2947780748914,537.6658891932146,65663400
2024-08-01,531.8189086914062,543.4344670666311,528.3126735436618,541.1818806021787,76428700
2024-08-02,521.9173583984375,525.9230331199286,517.7059303208597,524.7085981454201,82789100
2024-08-05,506.7171630859375,512.7893973566776,499.75367969518885,501.0954700551791,146267400
2024-08-06,511.388916015625,518.8322619792666,507.1970948142372,508.5192484468351,84826300
2024-08-07,507.970703125,520.6342762077037,507.3732892045647,517.5785225356271,70698300
2024-08-08,519.7136840820312,520.3404486814812,511.08525465156777,513.1125407389065,63276600
2024-08-09,522.0054931640625,523.4941863094633,517.66679909137,518.8910375919244,45619600
2024-08-12,522.2796630859375,524.6889257907327,520.0074696393324,523.2002926739822,42542100
2024-08-13,530.8689575195312,531.1040615199245,525.2277168327499,525.4725645280489,52333100
2024-08-14,532.543701171875,533.728785456597,528.9885080949739,531.6622256176499,42446900
2024-08-15,541.6715698242188,541.9555715802455,537.567920792545,538.1751381862979,60846800
2024-08-16,542.8860473632812,543.5814362683599,539.8989177341498,540.0555939415091,44430700
2024-08-19,548.0767211914062,548.0767211914062,542.4452256331724,543.2972906137162,39121800
2024-08-20,547.185546875,549.2814571312036,545.8437865187526,547.6262846058479,33732300
2024-08-21,549.0659790039062,550.5252615016209,543.2973537542563,548.2335208659752,41514600
2024-08-22,544.7566528320312,551.5732334533072,543.5422179587766,550.9660160166799,56121500
2024-08-23,550.5447998046875,551.4850362271399,545.8045233685474,547.9984083542695,50639400
2024-08-26,549.2324829101562,552.2881770773529,547.528352675827,551.5732410031779,35788600
2024-08-27,549.9866943359375,550.4763897351174,546.8134777136145,547.9593482100599,32693900
2024-08-28,546.7938232421875,550.0748179978751,543.6009999526875,549.6438836929623,41066000
2024-08-29,546.8427734375,552.0629426061665,545.6969030561269,548.7624007293272,38715200
2024-08-30,552.0629272460938,552.5722295246512,545.657733766081,549.212926690368,62700100
2024-09-03,540.7020263671875,549.2520879225416,538.18498513228,548.9190687874888,60600100
2024-09-04,539.5953979492188,543.0036589607188,538.136115154692,538.860854815549,47224900
2024-09-05,538.2828979492188,542.3865472945482,535.8246177750381,539.5365467142444,44264300
2024-09-06,529.2235717773438,540.2319142524223,528.3225490242058,538.6061519080256,68493800
2024-09-09,535.1488647460938,536.4221205223048,531.4957564364314,533.4251872668898,40445800
2024-09-10,537.4797973632812,537.8324234437913,532.1813200114981,537.0586665381934,36394600
2024-09-11,542.9937744140625,543.9144040618945,528.8318231688719,537.3916883108078,75248600
2024-09-12,547.5675659179688,547.8711746400817,541.3483991843773,543.5716351743016,51819600
2024-09-13,550.4274291992188,551.4264269369157,547.9201911599521,548.1748423305235,39310500
2024-09-16,551.2402954101562,551.5046902542234,548.360884321784,550.1629297590999,36656100
2024-09-17,551.465576171875,554.9032473896473,549.2325364902464,553.4537083801224,49321000
2024-09-18,549.8300170898438,556.969754476821,549.2717571625421,552.1217580784818,59044900
2024-09-19,559.2125244140625,561.0733907935877,556.3723270388496,559.2419348303403,75315500
2024-09-20,558.2459106445312,559.2872468563713,555.2201175162944,557.843155111916,77503100
2024-09-23,559.6408081054688,560.2892222272916,558.0984411315784,559.3166610051752,44116900
2024-09-24,561.2421264648438,561.3010677532865,557.6072537825559,560.4365555490466,46805700
2024-09-25,560.0043334960938,561.8217999280521,558.8942225290759,561.0850037974096,38428600
2024-09-26,562.224609375,564.5922147465825,559.8668975070976,564.2680076290181,48336000
2024-09-27,561.4090576171875,564.1106429805404,560.377555197848,563.2952985697877,42100900
2024-09-30,563.6588134765625,564.2678934162012,558.078818569817,560.3775886747461,63557400
2024-10-01,558.6093139648438,563.9535439565005,556.035444442894,563.3051897855821,72668800
2024-10-02,558.8450927734375,559.866821742494,555.3183290115846,557.715374727311,38097800
2024-10-03,557.8234252929688,559.7685478192003,555.5344286086627,557.3715020969081,40846500
2024-10-04,562.8925170898438,563.2658318866675,558.0984259775333,562.2736036088263,42939100
2024-10-07,557.8037719726562,561.8905680396737,556.6543868115797,561.2421538745174,49964700
2024-10-08,563.0792236328125,563.67853004462,559.5033520489247,560.377637870892,37398700
2024-10-09,566.9793701171875,567.5393423690588,562.4701514366566,563.0693978961492,37912200
2024-10-10,565.987060546875,567.411544847049,564.375918856187,565.6334128471475,44138100
2024-10-11,569.3763427734375,570.1131388058892,565.7709110163313,565.9084606662699,42268000
2024-10-14,574.0328369140625,574.9661238038994,570.5060138126606,570.9873775872582,36217200
2024-10-15,569.5728759765625,574.6027324678581,568.3546560789198,574.2981924836022,54203600
2024-10-16,572.0485229492188,572.5692210133667,568.7673576490918,569.5729286407808,30725400
2024-10-17,572.0975341796875,575.8011814159861,571.9108767867559,575.5948569414992,34393700
2024-10-18,574.298095703125,575.0839994048337,572.3234729286785,573.7872313147403,37416800
2024-10-21,573.3550415039062,574.5535342943244,570.378356688641,573.5711395635755,36439000
2024-10-22,573.0504760742188,574.2096946097226,570.1622332957213,570.8204209471064,34183800
2024-10-23,567.8143920898438,571.4689321263772,564.3072352656649,571.0268424499369,49314600
2024-10-24,569.0423583984375,569.8479293354313,566.4193810527883,569.7693209618997,34979900
2024-10-25,568.8458251953125,574.1704478252901,567.9027646254573,571.2723713678375,47268200
2024-10-28,570.6043701171875,572.4512770786239,570.299830137409,572.3235609618828,30174700
2024-10-29,571.5277709960938,572.6476553589258,568.2465463889694,569.6415300427301,42899700
2024-10-30,569.7988891601562,573.0506139584433,569.0915336357257,571.0563234826817,41435800
2024-10-31,558.6289672851562,565.4958970216722,558.4324763422399,565.4271221936206,60182500
2024-11-01,560.9866333007812,565.4172428761593,560.5740443264921,561.2617325907157,45667500
2024-11-04,559.7783203125,562.4209644478059,557.892139281839,561.1241962515347,38217000
2024-11-05,566.5470581054688,566.586332309216,560.4758658123077,560.6919638738422,39478300
2024-11-06,580.6346435546875,581.5089893813079,575.0841485043231,578.8270705681771,68182000
2024-11-07,585.1241455078125,586.145874462509,582.5601095007273,582.6387178727699,47233200
2024-11-08,587.6588134765625,589.0832980878612,585.674356571417,585.674356571417,46444900
2024-11-11,588.2186279296875,589.6037779981073,586.4896037587446,589.2501303160354,37586800
2024-11-12,586.3915405273438,588.7394187712031,583.9060526461359,588.1401722720043,43006100
2024-11-13,586.6763916015625,588.6804555395651,584.4856702408568,586.8532154819194,47388600
2024-11-14,582.9039306640625,587.2854330583992,582.2163022724781,586.804069200042,38904100
2024-11-15,575.4376831054688,579.8093514182389,573.580942771995,579.3377611991996,75988800
2024-11-18,577.7955322265625,579.1119076957027,575.0350052053479,575.8994574754852,37001700
2024-11-19,579.9075927734375,580.6345552744816,573.7480186357969,574.4160398519082,49412000
2024-11-20,580.1041259765625,580.3889988810581,574.3374733314436,579.9862433981077,50032600
2024-11-21,583.2183227539062,584.6428072515256,577.1078556838472,582.9531169226577,46750300
2024-11-22,585.0259399414062,585.654687007179,582.7075025920674,583.2084735757152,38226400
2024-11-25,587.0103149414062,590.2816460152659,584.7213185752529,588.965270737662,42441400
2024-11-26,590.075439453125,590.7434606979054,587.5408441710033,588.2579731618996,45621300
2024-11-27,588.2874755859375,590.2718722436573,586.7647756879834,589.8887838542881,34000200
2024-11-29,591.9419555664062,592.7278593888155,588.8277809402925,589.1028202958577,30177400
2024-12-02,593.0030517578125,593.6809066526395,591.863440069968,592.3546375311288,31746000
2024-12-03,593.2778930664062,593.5234917149835,591.7355863186759,592.7670886505788,26906600
2024-12-04,596.9619750976562,597.2075737883222,594.2997236656325,594.9677449089698,42787600
2024-12-05,595.9796142578125,597.7675800229049,595.6259665136723,596.9620090763937,28762200
2024-12-06,597.109375,598.3472020292826,596.333304701608,596.7458937244957,31241500
2024-12-09,594.034423828125,597.1584317989794,593.445010988573,596.9914414878755,34742700
2024-12-10,592.1875610351562,595.134745373381,591.529373321926,594.7123228135097,37234500
2024-12-11,596.7655029296875,597.7183970026139,594.8399877419274,595.1150870375847,28677700
2024-12-12,593.690673828125,596.4708079758578,593.690673828125,595.9010621562538,31543800
2024-12-13,593.5728149414062,596.4413911194437,592.197438164754,595.7242620650901,35904700
2024-12-16,596.1073608398438,597.0799821268581,594.5552201188243,595.331290479334,43695200
2024-12-17,593.6512451171875,594.5157572113583,592.2759285750876,593.5530296358272,55773500
2024-12-18,575.9584350585938,595.7339866328443,575.5752867073982,593.3467745348553,108248700
2024-12-19,575.7815551757812,582.5601031255708,575.5359564813775,580.948961299734,85919500
2024-12-20,582.697265625,587.231466902458,572.6036351958548,573.4513839180992,125716700
2024-12-23,586.1866455078125,586.7879087972127,579.2571372355378,582.4409930028329,57635800
2024-12-24,592.7020263671875,592.7414929129372,586.9553724289615,587.5369625170155,33160100
2024-12-26,592.7416381835938,593.8652919269226,589.5282423631364,590.9279213446937,41219100
2024-12-27,586.5020141601562,589.2324254266508,582.31278453499,588.9958066290322,64969300
2024-12-30,579.80908203125,583.2787692142718,576.0535631828352,579.4838439796579,56578800
2024-12-31,577.69970703125,582.1945015590405,576.0634095440413,581.4748988586764,57052700
2025-01-02,576.2802734375,582.6774635941151,572.1994566718678,580.9623534016539,50204000
2025-01-03,583.4857788085938,584.1264484268344,578.044689478734,579.1289967873591,37888500
2025-01-06,586.8469848632812,591.1249540533898,585.1121413237427,587.7440065436294,47679400
2025-01-07,580.2132568359375,589.2028462645713,578.3897338233832,588.877548048508,60393100
2025-01-08,581.0609741210938,582.1354148697908,576.8323377526707,580.282291853868,47304700
2025-01-10,572.1896362304688,577.5715860296085,570.2773736421228,577.5025797313914,73105000
2025-01-13,573.0768432617188,573.4316812597856,567.1231694250464,567.5372072518853,47910100
2025-01-14,573.8653564453125,576.6351742776535,570.0802375478183,576.0043111010004,48420600
2025-01-15,584.3040161132812,585.4474030923216,580.7751887912287,581.8890360172194,56900200
2025-01-16,583.1802368164062,585.8514484014332,582.4803673486446,585.6740294157521,43319700
2025-01-17,589.0353393554688,590.7898562052613,587.0934767089387,588.4242094250709,58070600
2025-01-21,594.4270629882812,594.4369296257112,590.1096871636119,592.0810894520482,42532900
2025-01-22,597.7685546875,599.1288269666036,596.7039806946324,597.2559708830788,48196000
2025-01-23,601.03125,601.03125,596.8617535693179,597.1377185948221,41152100
2025-01-24,599.2766723632812,602.0465502262632,598.1234189150732,601.0903888692611,34604700
2025-01-27,590.7997436523438,591.1151752666312,586.1373960687419,586.3049484329972,70361100
2025-01-28,595.8760986328125,596.7139205737208,588.7100317776161,592.0318399526346,44433300
2025-01-29,593.204833984375,595.4916679771449,590.6518414168764,595.0874967960807,37177400
2025-01-30,596.3886108398438,597.9263022497843,592.130374590218,595.3240968992558,39281300
2025-01-31,593.214599609375,601.2382204124732,592.4555905662014,598.8133742262722,66566900
2025-02-03,589.2225952148438,591.7065212004032,582.0466619706364,584.1954832564219,65857200
2025-02-04,593.1752319335938,593.6877555909119,588.7395770202528,589.2817005882882,33457800
2025-02-05,595.5803833007812,595.7282625539741,590.0210739471236,592.0516161255263,30653100
2025-02-06,597.6503295898438,597.778475552574,594.013089933138,597.3250313642651,35771500
2025-02-07,592.1797485351562,599.4344951653416,591.4700123634921,598.2122352633725,50788500
2025-02-10,596.2013549804688,596.8420848342793,594.1215398587573,595.3931329282537,26048700
2025-02-11,596.65478515625,597.1969087784863,593.8159609148958,593.93424024475,30056700
2025-02-12,594.7326049804688,595.9055917033094,589.9519786805068,590.6321148502618,45076100
2025-02-13,601.0115356445312,601.2185545419917,594.5749384975967,595.8366046698266,40921300
2025-02-14,600.9819946289062,602.2535274358258,600.360998100256,601.2185532755497,26910400
2025-02-18,602.746337890625,602.746337890625,599.6808220007749,602.1450746766837,26749000
2025-02-19,604.1658325195312,604.4615308486234,600.8440242708047,601.3566081495158,31011100
2025-02-20,601.6522216796875,602.9336210334332,598.3402805357981,602.7956084451664,36554000
2025-02-21,591.3615112304688,601.5733600301725,590.8982004361474,601.4353474393176,76519800
2025-02-24,588.670654296875,594.4074426853949,587.960918125522,593.4118748152965,50737200
2025-02-25,585.7430419921875,589.3408752561445,581.129967827771,588.6114660308307,58266500
2025-02-26,586.0387573242188,591.0067297705009,583.3970853838995,587.4088964020577,43321600
2025-02-27,576.6844482421875,589.4690234968429,576.290203877955,588.3157098294636,74196700
2025-02-28,585.6838989257812,586.2161558854355,574.1117771132394,577.1871598716435,88744100
2025-03-03,575.4227905273438,588.798762606637,571.6081318173137,587.6553155599406,74249200
2025-03-04,568.611572265625,577.0196322682823,564.0675042327628,571.4208567458912,109648200
2025-03-05,574.7228393554688,576.5168224470933,564.8855623415612,568.4439286159911,71230500
2025-03-06,564.5209350585938,571.8742272350298,561.9679425734266,567.2512863712917,80094900
2025-03-07,567.6849975585938,569.1340095542192,557.5421542389136,562.7368186254731,81158800
2025-03-10,552.5643920898438,561.3962362827218,547.6457527585567,559.4741670846696,99326600
2025-03-11,547.9710083007812,555.9552243228402,544.1268096197261,551.4012894751355,88102100
2025-03-12,550.8788452148438,555.0582088315019,545.7729200294035,554.1316472627199,69588200
2025-03-13,543.5353393554688,551.1153839968962,541.8202288918889,550.5042540653316,74079400
2025-03-14,554.7625122070312,555.7679467233177,543.604366956188,548.1583018697701,62660300
2025-03-17,559.0404052734375,561.5637976935186,554.3089918436672,554.742702735982,49008700
2025-03-18,552.9981079101562,556.9409127203818,551.0661118946721,556.7240271713574,66041400
2025-03-19,559.0206909179688,562.7860764826731,553.5993346617712,554.7821880592443,66556000
2025-03-20,557.4041748046875,562.4115538615378,554.5554838320709,555.2750866351008,62958200
2025-03-21,557.5880737304688,558.4877939738346,551.7055567482902,552.9413897854555,83763000
2025-03-24,567.5736694335938,568.6315498078424,563.7376386657547,564.330814416075,58766800
2025-03-25,568.9379272460938,569.8771119506348,567.1879685958952,568.7797068467552,38355700
2025-03-26,562.1458129882812,569.7980806984394,560.7616559941828,568.6709866041082,51848300
2025-03-27,560.6528930664062,564.4296055114135,558.5371327368356,560.7517355574175,42164200
2025-03-28,549.3623657226562,559.8521624781242,548.7790863172526,559.120558969836,71662700
2025-03-31,553.0501098632812,554.3551567474991,540.6719872727307,543.5984615291653,95328200
2025-04-01,554.6121826171875,556.5598868781194,547.4048260096515,551.1321177898429,54609600
2025-04-02,558.1220092773438,560.9891058051336,548.5220362276616,548.7593065231022,76014500
2025-04-03,530.6173095703125,541.759539717793,530.6173095703125,538.931968079745,125986000
2025-04-04,499.5533447265625,519.9099817661254,499.3358369172059,517.7349036725598,217965100
2025-04-07,498.6635437011719,517.2405628900261,476.33944038650816,483.64569927250346,256611400
2025-04-08,490.8531188964844,519.0300819148135,483.6160734043612,515.9454474877983,165816600
2025-04-09,542.4021606445312,542.4021606445312,487.46196103833506,487.84755542038147,241867300
2025-04-10,518.6345825195312,527.4534689848499,503.5475251856576,526.1385259148457,162331200
2025-04-11,527.888427734375,530.3501968917485,514.1756325109097,517.0823135223206,97866300
2025-04-14,533.009765625,538.1113174755011,527.8093712828247,537.883883195208,68034000
2025-04-15,531.5169067382812,537.0732068479572,530.7259857198238,533.5535570239268,56892900
2025-04-16,519.7022705078125,531.7936996877118,514.3931376127902,525.6540605978519,83484800
2025-04-17,520.44384765625,525.1499093262158,517.9721816819745,521.6599483491107,79868100
2025-04-21,508.0558776855469,515.7872559194974,502.69729269891565,515.2533374613439,69368100
2025-04-22,521.2743530273438,523.3011070538847,513.305704354498,514.2449494916972,75948100
2025-04-23,529.3517456054688,539.2483058984949,527.8292210770832,534.3049739114415,90590700
2025-04-24,540.4940795898438,541.2256831290485,529.3814780255258,530.6370434198044,64150400
2025-04-25,544.3992919921875,544.804618673288,537.5280483044934,540.454522631326,61119600
2025-04-28,544.6068725585938,547.2762839575454,538.8429907853031,545.1407910444296,47613800
2025-04-29,548.0375366210938,549.1547344204944,542.3329124899421,542.6888178923871,47775100
2025-04-30,548.2550048828125,550.2126052496137,535.382610300473,541.3640295279456,93101500
2025-05-01,552.1405029296875,557.6770710508032,551.5374308999284,554.0189932525213,63186100
2025-05-02,560.3365478515625,561.9381825044319,556.006184429092,558.3295262045715,60717300
2025-05-05,557.1233520507812,560.2277786911415,555.3338684753841,556.1940033222468,38659200
2025-05-06,552.4667358398438,556.9651555946843,550.6476235760448,551.6066009560054,48264700
2025-05-07,554.7901611328125,557.4298834610689,549.738030089525,553.8014947566288,55588000
2025-05-08,558.6558837890625,563.8463828556478,555.3339788688671,558.8338365158501,65130800
2025-05-09,557.9439697265625,561.068128702691,556.381860066797,560.0596697605964,37603400
2025-05-12,576.3826293945312,576.3925257137258,570.5000520977247,574.8798371188,78993600
2025-05-13,580.1890258789062,582.4036289948938,576.234360216526,576.7978469712151,67947200
2025-05-14,580.9304809570312,582.3046813078995,578.9036666864055,581.1479585868793,66283500
2025-05-15,583.7679443359375,584.2721134769878,578.4686469334371,578.9234551699535,71268100
2025-05-16,587.4655151367188,587.7621029517821,582.6012939394769,584.5489375445604,76052100
2025-05-19,588.108154296875,588.7903364922698,581.4346564328234,581.4346564328234,68168500
2025-05-20,586.130859375,587.3172711404261,582.9176935296509,586.3681900028125,60614500
2025-05-21,576.2540893554688,585.8639582409971,575.2258980125081,581.7708648204313,95197700
2025-05-22,576.4815063476562,579.971467292194,574.8204937262445,576.0563267018498,70860400
2025-05-23,572.5465087890625,575.215919785119,569.0762805285291,569.4519785383726,76029000
2025-05-27,584.4501342773438,584.6082943415249,571.8742669840636,579.4276923460704,72588500
2025-05-28,581.0689086914062,586.051826179252,580.3373051792158,584.8555180607121,68445500
2025-05-29,583.3626098632812,586.4769332279744,579.4277368161022,586.3385054465637,69973300
2025-05-30,582.7100830078125,584.430352826958,576.6297607292682,582.2552747565533,90601200
2025-06-02,585.992431640625,586.0714814983527,578.4291102147669,581.0985213264464,61630500
2025-06-03,589.3341064453125,590.3128764026674,585.1421107506463,585.6266079138771,63606200
2025-06-04,589.1759643554688,591.1730898063917,588.7409487228937,590.1943197189499,57314200
2025-06-05,586.32861328125,592.2111905987847,584.3512804244928,590.8567224193788,92278700
2025-06-06,592.3495483398438,594.0203968199735,590.0953601848463,591.8749474768216,66588700
2025-06-09,592.8834228515625,594.4356362447949,591.7069074945726,592.9229477814916,53016400
2025-06-10,596.2449340820312,596.6304681071312,592.3001649023746,593.4173023897237,66247000
2025-06-11,594.54443359375,598.2025114763902,592.4781545343917,597.3423765043648,73658200
2025-06-12,596.9072875976562,596.9072875976562,592.7252483956809,593.2096852350186,64129000
2025-06-13,590.2338256835938,595.0288334634262,588.731033484191,591.7168252456129,89506000
2025-06-16,595.8494262695312,597.5993850121447,593.4172853343232,593.5952983788304,79984100
2025-06-17,590.7578735351562,594.9300168530282,589.9965810836336,593.4074922933922,82209400
2025-06-18,590.6688232421875,594.4059506456396,589.7097855095001,591.6574895866379,76605000
2025-06-20,589.2816772460938,594.4181022000307,587.8735769623825,593.3471688844512,94051400
2025-06-23,595.1021728515625,595.4888465716903,586.9116378864132,590.0351069773628,87426000
2025-06-24,601.6764526367188,602.737399696003,598.3347417480489,599.2470472798032,67735300
2025-06-25,602.0135498046875,603.4910078317407,600.4468221319722,602.7968833801484,62114800
2025-06-26,606.7236938476562,607.1599955272326,603.2531315625092,603.8679120398481,78548400
2025-06-27,609.7380981445312,611.2056913389495,605.692457719191,607.7252035075089,86258400
2025-06-30,612.6533203125,614.0117925800773,609.8669572755672,612.1873024714439,92502500
2025-07-01,612.455078125,613.625146088841,610.3429883405835,611.1758893553448,70030100
2025-07-02,615.2315063476562,615.2711481262035,611.4237773441516,612.0484833566157,66510400
2025-07-03,620.0804443359375,621.0125406459644,617.1948857443227,617.2147368961759,51065800
2025-07-07,615.4595336914062,618.7813935886118,612.6731706581298,618.1169852960921,74814500
2025-07-08,615.1224365234375,616.8775081543645,614.3093261623386,616.1238907210633,59024600
2025-07-09,618.8110961914062,619.4655183729625,615.6875662931247,617.5319680301938,66113300
2025-07-10,620.5562744140625,621.5974308254256,617.7699115690501,618.9499049744066,57529000
2025-07-11,618.3748168945312,619.6043777491163,616.3024294765994,617.5022136064131,63670200
2025-07-14,619.5548095703125,619.9018415613931,616.5701165685465,617.9186632768227,51898500
2025-07-15,616.9072875976562,622.5791484786782,616.8279435196437,622.2420420602726,74317300
2025-07-16,618.9697265625,619.4754466932056,612.8516386863737,618.4937831556223,88987500
2025-07-17,622.7576293945312,623.1146474859103,618.9301097920578,619.1482908768893,68885700
2025-07-18,622.301513671875,624.175571102461,621.1909387049365,624.007017899032,65621600
2025-07-21,623.4815063476562,626.2281670376054,623.0551302914085,623.4815063476562,63375000
2025-07-22,623.5707397460938,624.4334174667899,620.9232136557434,623.8087114591411,60046300
2025-07-23,628.875732421875,628.875732421875,624.4333721871909,626.238071576001,70511000
2025-07-24,629.083984375,630.7994747941685,628.6576082944551,629.2624631630094,71307100
2025-07-25,631.7413940429688,632.2173979677802,629.5004535059064,629.748350781943,56865400
2025-07-28,631.5828247070312,632.6735486135409,630.1945756243812,632.1182610848412,54917100
2025-07-29,629.9169311523438,633.2982235137306,629.0046860832861,632.9809077241022,60556300
2025-07-30,629.1236572265625,632.3165451544952,626.2281734095909,630.5713386132512,80418900
2025-07-31,626.763671875,634.4682782312485,625.4646925404661,634.0816044685715,103385200
2025-08-01,616.4907836914062,621.0719812920488,614.0812292944926,621.0322789916852,140103600
2025-08-04,625.8612670898438,625.9108344398344,620.3183179857707,620.4075271113948,73218000
2025-08-05,622.688232421875,627.2892207726588,621.7660617410078,626.476110377079,68051400
2025-08-06,627.4578247070312,628.1122469303318,622.8469108529321,623.7591559441935,64357500
2025-08-07,626.9322509765625,631.62244837055,623.8186464662513,630.8886820702932,74205800
2025-08-08,631.82080078125,632.2868791777582,628.4097315038053,628.727047311219,64051600
2025-08-11,630.5713500976562,633.5758942477272,629.3219380955197,632.0984361099556,58742300
2025-08-12,637.284423828125,637.4430514601922,631.4340237207567,632.9214074238032,64730800
2025-08-13,639.4659423828125,640.7549961752953,637.2745085703324,639.4857330110176,60092800
2025-08-14,639.5254516601562,640.1897994624859,636.9374184340268,637.3835851461316,59327500
2025-08-15,638.0281372070312,640.6558727131268,637.11589211782,640.5566774831647,68592500
2025-08-18,637.8893432617188,638.5834678311134,636.778768159409,637.4530415771111,43804900
2025-08-19,634.4286499023438,638.6924711313014,633.1098193903536,637.7108075589789,69750700
2025-08-20,632.742919921875,634.2798709561484,627.6263466835007,634.0221086228163,88890300
2025-08-21,630.2044677734375,632.604096553562,628.4791123479844,630.9283690027011,54805800
2025-08-22,639.8823852539062,641.0623787509013,631.8901792096084,632.3958993542917,84083200
2025-08-25,637.0662231445312,639.8625116828326,636.9472372936925,638.6230253017661,51274300
2025-08-26,639.733642578125,640.0807351008626,636.1738713484165,636.7985773675441,51581600
2025-08-27,641.1912841796875,641.9250504526357,638.9998504138363,639.148612992103,48341100
2025-08-28,643.4620361328125,644.0173236548059,639.9121904309055,641.7961735668325,61519500
2025-08-29,639.6245727539062,642.3911452321481,637.7306640961879,642.0242015644989,74522200
2025-09-02,634.884765625,635.1028861742022,629.5797276837342,632.13804448044,81983500
2025-09-03,638.3255615234375,638.7916398746721,635.0731807265284,637.2645539172183,70820900
2025-09-04,643.660400390625,643.6901771181875,638.0975992987862,638.9999188744573,65219200
2025-09-05,641.7960815429688,646.7243105506017,637.918995020256,646.0004093954814,85178900
2025-09-08,643.3728637695312,644.3743785857845,641.7862846718712,643.1646082412059,63133100
2025-09-09,644.8601684570312,645.3856792185645,641.7762803015634,643.5115612591451,66133900
2025-09-10,646.724365234375,649.0446498954948,645.1576374702139,648.122479271532,78034500
2025-09-11,652.0987548828125,652.7928793680376,648.0927566439484,648.6777603299006,69934400
2025-09-12,651.8805541992188,653.5662677492645,651.3748946038203,652.0689585463732,72780100
2025-09-15,655.3511962890625,655.4801077277403,653.7944544929727,654.0919191507668,63772400
2025-09-16,654.4488525390625,656.213910313041,653.6655188822047,655.9064595692537,61169000
2025-09-17,653.6357421875,656.1543568928759,648.7967821934204,654.4587781451693,101952200
2025-09-18,656.6898193359375,659.2977035594738,654.7165666735059,656.3229362038169,90459200
2025-09-19,659.9423217773438,660.7874850308027,656.6311583459587,658.5800832029405,97945600
2025-09-22,663.0645141601562,663.5119177999496,658.4209110544651,658.4507703315647,69452200
2025-09-23,659.4551391601562,663.5617612775759,658.2320617574377,662.9452156846509,81708900
2025-09-24,657.3569946289062,660.8471316064555,655.9350982101993,660.7477220570149,68082200
2025-09-25,654.3242797851562,655.6765652531099,650.7048739536411,654.2149171420698,89622100
2025-09-26,658.072998046875,658.619871988132,654.1553026157394,655.7760789419195,69179200
2025-09-29,659.9224243164062,661.5134019828115,658.112721358766,660.5985670660314,73499000
2025-09-30,662.4082641601562,662.8756347075731,657.8641309647478,659.1766647693167,86288000
2025-10-01,664.6654663085938,665.5802405756418,659.3059681646932,659.4153308150761,72545400
2025-10-02,665.4309692382812,666.7733621981591,663.004842335434,666.6540464714482,56896000
2025-10-03,665.421142578125,668.8714672806448,664.377038831869,666.1966948783695,70494400
2025-10-06,667.8074951171875,668.7024238148077,665.669704301124,667.8174482099862,54623300
2025-10-07,665.3316040039062,669.1796881705657,663.8898014056139,668.7322238208072,72020100
2025-10-08,669.2990112304688,669.398481470165,665.6299006256374,666.4552183740389,60702200
2025-10-09,667.3600463867188,670.1243359074817,665.4211353124821,669.7166839203261,66501900
2025-10-10,649.32275390625,670.1342452495495,649.14378031214,668.324542434099,159422600
2025-10-13,659.2860107421875,661.3642043859337,656.0345659370097,656.9095884512618,79560500
2025-10-14,658.4805908203125,662.0602448848334,649.4718888267987,653.4492417720955,88779600
2025-10-15,661.4039916992188,666.4353410824248,655.1993304017814,663.0446741742268,81702600
2025-10-16,656.899658203125,664.9239754340409,653.3896149312258,663.0446615126489,110563300
2025-10-17,660.62841796875,661.9906565438909,654.4138037793879,655.7660892614911,96500900
2025-10-20,667.499267578125,668.4041493887289,663.4921159142255,663.5418206897375,60493400
2025-10-21,667.4892578125,669.1796448635298,666.1866772188026,667.6384328159621,56249000
2025-10-22,664.0191040039062,668.1953369980629,659.5445816579371,668.1953369980629,80564000
2025-10-23,667.9566650390625,668.9012985038863,664.019063764971,664.3372592841532,65604500
2025-10-24,673.4155883789062,674.628651928334,671.8246714345047,672.6300829996666,74356500
2025-10-27,681.3603515625,681.658640907831,678.2580209918731,678.8645527756448,63339800
2025-10-28,683.1700439453125,685.0095454543999,680.9526890414517,683.1600908523567,61738100
2025-10-29,683.4981689453125,685.795087823854,679.0037407351697,684.8205950917289,85657100
2025-10-30,675.98095703125,682.0563488815194,675.98095703125,680.0279207971732,76335800
2025-10-31,678.1983642578125,681.2012852815519,675.3943230278239,681.1614729090464,87164100
2025-11-03,679.4711303710938,681.9171636388411,676.0903560257897,681.7878948104295,57315000
2025-11-04,671.4169921875,676.1103005794487,670.7607556049009,672.2820616639051,78427000
2025-11-05,673.7437133789062,677.0051112074705,670.3529860359731,671.1583975728993,74402400
2025-11-06,666.514892578125,673.5448715272548,664.9338680034818,672.6399897028363,85035300
2025-11-07,667.1710815429688,667.2805048704689,657.4663915648358,664.1284090392404,100592400
2025-11-10,677.5819091796875,678.317709828293,671.2082272333661,673.4056760856186,75842900
2025-11-11,679.1329956054688,679.6997756663966,674.8871520395073,676.1002762110339,58953400
2025-11-12,679.5108642578125,681.081935653801,677.0946296424269,680.9128544582501,62312500
2025-11-13,668.2350463867188,677.0051169124795,666.723693536663,676.6471697129602,103457800
2025-11-14,668.125732421875,671.8345948923219,659.5147893727298,661.6128286383953,96846700
2025-11-17,661.901123046875,669.8956413839408,658.4209391867944,665.9083353081996,90456100
2025-11-18,656.3428344726562,661.3542775984923,652.1466953365565,658.351356546523,114467500
2025-11-19,658.87841796875,663.561773390439,655.020380360944,657.0389163187169,94703000
2025-11-20,648.8355712890625,671.7351497651099,648.1991802397498,669.1001291109939,165293500
2025-11-21,655.2987670898438,660.7874729698119,647.1650267848305,651.3412595795126,123956200
2025-11-24,664.9437866210938,666.2662734630499,657.8442577670318,658.9380055466532,80437900
2025-11-25,671.1981811523438,672.3814460202411,660.7178178396566,664.8443455838128,81077100
2025-11-26,675.8318481445312,677.8404309302599,672.8885849296569,673.7934667684052,71879600
2025-11-28,679.5208129882812,679.7991961322198,676.6471609574353,677.0051081523229,49212000
2025-12-01,676.4185180664062,679.1230890446475,674.8971513739515,674.9667623359846,61201200
2025-12-02,677.67138671875,679.9483994968172,675.4838303983408,678.0591325179204,62953800
2025-12-03,680.0180053710938,681.0321891246488,675.8417725523884,676.7167950740063,57238500
2025-12-04,680.51513671875,681.4895687361658,677.4824173401821,681.4199577792665,61970300
2025-12-05,681.8078002929688,684.4925257185774,680.7040993957534,681.5890143183475,79241000
2025-12-08,679.7594604492188,682.7524282821314,677.7111260885928,682.7027235077143,55231500
2025-12-09,679.1727294921875,681.5094606319436,678.7253258622812,679.2821528162136,58310100
2025-12-10,683.6771850585938,685.0692222502689,677.4526176554032,678.6955405173951,85671300
2025-12-11,685.26806640625,685.3476304583654,678.3076987410943,681.2609148661827,86173700
2025-12-12,677.9000244140625,684.9797075791527,675.3246617594549,684.2737056052856,113160300
2025-12-15,676.8758544921875,681.8774049984522,675.4042533093998,681.8574988128718,90811000
2025-12-16,675.0264282226562,677.2239376857725,671.1584377196804,675.3843754405706,122030600
2025-12-17,667.5986938476562,676.5874893555698,667.3998140691156,676.0406154817738,110625200
2025-12-18,672.6399536132812,676.8857972779194,671.0788959983324,673.7635606688432,108650100
2025-12-19,678.7363891601562,679.2350273728672,674.6275542880097,674.747283458469,103599500
2025-12-22,682.96484375,683.4933686131409,678.7364013691785,682.0772531068674,69556700
2025-12-23,686.0863037109375,686.325640311278,682.0074163952171,682.0572680421344,64840000
2025-12-24,688.4996948242188,688.9484813838191,685.9267046355759,686.0763204450832,39445600
2025-12-26,688.4298706054688,689.7761694005526,687.392725060237,688.758988861415,41613300
2025-12-29,685.9765625,687.322922191004,684.2014421207446,685.6674092439482,62559500
2025-12-30,685.138916015625,686.6846823672308,684.7100944386586,685.5777200962995,47160700
2025-12-31,680.062744140625,685.4879304984822,679.8533550408816,685.2685588951464,74144800
2026-01-02,681.309326171875,684.999261161205,677.9684744567207,683.842447277036,89377200
2026-01-05,685.846923828125,687.5522884526621,684.5106074856512,684.6701449336617,71927200
2026-01-06,689.92578125,690.4344019511112,685.9067890249802,686.0563439630641,69273800
2026-01-07,687.701904296875,692.0699799720542,687.4426026835383,690.3047811958188,75588300
2026-01-08,687.632080078125,688.7390423054183,685.6175622141362,686.9439569075789,64019200
2026-01-09,692.1796264648438,693.4162394407576,687.3029303433501,688.7489932725086,80125500
2026-01-12,693.2666625976562,694.1941832506386,688.7490319805348,688.7988836287034,63976000
2026-01-13,691.8804931640625,694.194181802135,689.467040360938,693.595779418591,78309700
2026-01-14,688.479736328125,689.8360176539858,684.1714948792828,689.1180078469732,94676700
2026-01-15,690.3546142578125,693.5558934557131,689.3673203481677,692.678285342935,77862000
2026-01-16,689.7761840820312,692.359156800422,688.22043529661,691.7707369284135,79289200
2026-01-20,675.7345581054688,682.9049778344743,674.7272992054969,679.6338820353151,111623300
2026-01-21,683.5332641601562,686.8641332264262,676.2830453044572,677.7989248999835,127844500
2026-01-22,687.103515625,689.2476843606095,685.0491285530771,687.9711412752974,77112200
2026-01-23,687.352783203125,689.0781127396581,685.2884137823622,686.2757685331861,63059600
2026-01-26,690.84326171875,692.2394730275811,688.0409174669724,688.609372319757,60473800
2026-01-27,693.5957641601562,694.6329705879123,691.6810104865692,692.2893344912051,55506100
2026-01-28,693.5259399414062,695.9393926651097,692.0499903412962,695.1515053497095,61172200
2026-01-29,692.1497192382812,695.1615135683285,682.9648421722587,694.4933553961189,97486200
2026-01-30,690.0853271484375,692.3192774332931,685.2485609149509,689.9058246991844,101835100
2026-02-02,693.5159912109375,695.0318708971434,687.5423149981101,687.7019133171445,79286500
2026-02-03,687.6520385742188,695.0617950648859,682.1670182684101,694.3138377504575,107904600
2026-02-04,684.3211059570312,689.5667896413613,679.9031787408285,688.4697490630058,105204600
2026-02-05,675.7744750976562,681.8279505601881,673.9494421186707,679.0854402743204,113610800
2026-02-06,688.739013671875,690.4244132010324,678.995603890688,679.6039887472712,89127600
2026-02-09,692.0599975585938,693.9747512796714,686.4652913399738,687.5423060693106,73885200
2026-02-10,690.2349243164062,694.64286887948,689.7761552680904,693.0572335194393,65185700
2026-02-11,690.075439453125,695.2413241987686,687.3029816841566,694.4933668556342,76353900
2026-02-12,679.41455078125,693.4561594586687,678.5169776231163,692.3491972008484,118829000
2026-02-13,679.8931884765625,684.410879804094,675.6747287653898,679.833354327075,96267500
2026-02-17,680.9901733398438,683.074507822494,673.9394826742099,678.287593220413,81354700
2026-02-18,684.4208374023438,687.2730943282486,680.9702998190471,682.157061237011,73570300
2026-02-19,682.61572265625,684.311104689823,679.6937101433548,681.9775120282383,58649400
2026-02-20,687.5523071289062,688.1805961724377,679.8732661615737,680.4616860592505,100034000
2026-02-23,680.531494140625,688.1207533479937,678.5169762252317,685.9566804858357,90558100
2026-02-24,685.4779052734375,686.4751816677359,678.1479481229125,680.0427976196477,73798700
2026-02-25,691.26220703125,691.7907319065998,688.2204651135966,688.3002642742074,56369500
2026-02-26,687.422607421875,691.4117130049051,682.486077089091,691.391808867856,71671000
2026-02-27,684.1216430664062,684.9892686841309,679.7835149777827,681.2295779636313,83308900
2026-03-02,684.5106201171875,686.744509644098,676.1734035367807,676.8515442239554,87477200
2026-03-03,678.4771118164062,680.7508704958498,667.8361281509542,673.221445388408,105003100
2026-03-04,683.2639770507812,685.2186606854194,677.7689744100875,679.7735096903759,79182200
2026-03-05,679.4544067382812,683.6629449535216,673.7699188745959,680.2223290726917,106606500
2026-03-06,670.5487060546875,674.2685275228549,667.9358467743081,671.5758690877306,100687000
2026-03-09,676.4227294921875,678.0681991431876,660.5859743093405,664.5750801817165,102667700
2026-03-10,675.3356323242188,681.4987932365287,672.9222404542279,675.87413967305,81505300
2026-03-11,674.4879760742188,678.2277626375325,671.5061293267642,675.7345715953234,68441700
2026-03-12,664.2459106445312,669.8207124533001,664.0564256954588,669.3319958917509,108882200
2026-03-13,660.4862060546875,670.5088831921612,659.5587462493693,667.4472371497842,97200200
2026-03-16,667.2078857421875,670.239584206393,665.3030536555561,666.5596317087426,82023100
2026-03-17,668.9630126953125,672.60309589337,667.8760155087483,670.5586914524959,87128000
2026-03-18,659.6285400390625,667.8959397089973,659.3892034355257,666.5396583763402,82062600
2026-03-19,658.0029907226562,661.1743225351036,653.3855958813168,655.1806813207687,111272500
2026-03-20,648.5700073242188,656.6900024414062,644.719970703125,656.510009765625,163617500
2026-03-23,655.3800048828125,662.6199951171875,653.9400024414062,658.0700073242188,134802700
2026-03-24,653.1799926757812,657.030029296875,649.8800048828125,651.3200073242188,96457500
2026-03-25,656.8200073242188,660.8900146484375,654.239990234375,658.6699829101562,90653800
2026-03-26,645.0900268554688,654.8499755859375,644.8200073242188,652.0599975585938,96494400
2026-03-27,634.0900268554688,642.6599731445312,633.1099853515625,642.5,103649400
2026-03-30,631.969970703125,640.3699951171875,629.280029296875,640.1099853515625,99275900
2026-03-31,650.3400268554688,651.5399780273438,637.97998046875,638.9400024414062,152197200
