Date,c
2001-01-02,
2001-01-03,
2001-01-04,
2001-01-05,
2001-01-08,
2001-01-09,0.007973945973870883
2001-01-10,-0.021526417290315496
2001-01-11,-0.009758894078199996
2001-01-12,0.02153693939275779
2001-01-16,0.02019779626634904
2001-01-17,0.027418083309303124
2001-01-18,0.019904457068195235
2001-01-19,0.013262833268749514
2001-01-22,0.021778403065430132
2001-01-23,0.023251605708456385
2001-01-24,0.021658733408923266
2001-01-25,0.009232174047418065
2001-01-26,0.013778572184541652
2001-01-29,0.012476693601231771
2001-01-30,0.013377928615435747
2001-01-31,0.0047184004899703215
2001-02-01,0.013861616947395239
2001-02-02,-0.007942669139936376
2001-02-05,-0.005947807858349424
2001-02-06,-0.017643766914023903
2001-02-07,-0.017150848855645186
2001-02-08,-0.035495776157002785
2001-02-09,-0.022203324744851396
2001-02-12,-0.018131942025068258
2001-02-13,-0.02338961101109235
2001-02-14,-0.019719929904176065
2001-02-15,0.0016513777220417455
2001-02-16,-0.010982363988435348
2001-02-20,-0.03790480649868015
2001-02-21,-0.05150887146198169
2001-02-22,-0.04848358271194397
2001-02-23,-0.06490856235670932
2001-02-26,-0.021549712802253613
2001-02-27,-0.015304521748946134
2001-02-28,-0.013382781862480887
2001-03-01,-0.009663788021772262
2001-03-02,-0.010861968317870108
2001-03-05,-0.022825901440296375
2001-03-06,-0.002851247306205025
2001-03-07,0.024151294998016562
2001-03-08,0.02002262800506316
2001-03-09,-0.0020248121996464894
2001-03-12,-0.054868408650641735
2001-03-13,-0.04925823382031638
2001-03-14,-0.07631544403350808
2001-03-15,-0.07716251181146644
2001-03-16,-0.06739873323366163
2001-03-19,-0.003512827704111418
2001-03-20,-0.04701857836230336
2001-03-21,-0.04420748163276239
2001-03-22,-0.05466961183453733
2001-03-23,-0.004618697382205486
2001-03-26,-0.012088291330261059
2001-03-27,0.035357345418444076
2001-03-28,0.024462169171516755
2001-03-29,0.038486782667907116
2001-03-30,0.019120352192369273
2001-04-02,-0.015121623697585946
2001-04-03,-0.06928922552534178
2001-04-04,-0.03710182005619528
2001-04-05,-0.0037306334972913423
2001-04-06,-0.029481350658564116
2001-04-09,0.003148160344141211
2001-04-10,0.05515835156114939
2001-04-11,0.051685463895031106
2001-04-12,0.032495533263396006
2001-04-16,0.037249864282136134
2001-04-17,0.04020685649596348
2001-04-18,0.06110360885877761
2001-04-19,0.07363685874000098
2001-04-20,0.046443799691792666
2001-04-23,0.03869658585740012
2001-04-24,0.019266395810509724
2001-04-25,-0.006715353023725261
2001-04-26,-0.015479388539884092
2001-04-27,0.010228826884648915
2001-04-30,0.035520506652200565
2001-05-01,0.04400839310816106
2001-05-02,0.029202988986078583
2001-05-03,0.011971396746580995
2001-05-04,0.012325273815485904
2001-05-07,-0.003321306141371056
2001-05-08,-0.006871296355368756
2001-05-09,-0.009268461668412756
2001-05-10,0.006448435422030425
2001-05-11,-0.017346924344356068
2001-05-14,-0.006676654464732167
2001-05-15,-0.0015864321577929376
2001-05-16,0.02592408234101151
2001-05-17,0.024533653457932198
2001-05-18,0.036019296423170866
2001-05-21,0.048638463060235476
2001-05-22,0.04273165579057403
2001-05-23,0.0023243539254943504
2001-05-24,0.0037099294211909626
2001-05-25,-0.01272173145892098
2001-05-29,-0.03533019088099224
2001-05-30,-0.04814383548653242
2001-05-31,-0.02586349115250742
2001-06-01,-0.02262539422845764
2001-06-04,-0.00595064061989387
2001-06-05,0.01344397087749893
2001-06-06,0.0192080197687962
2001-06-07,0.017628025825205805
2001-06-08,0.0021282615064318017
2001-06-11,-0.009784142057609463
2001-06-12,-0.022931677602931733
2001-06-13,-0.023206580486680818
2001-06-14,-0.0494922271785494
2001-06-15,-0.03855625439722558
2001-06-18,-0.036298778194255546
2001-06-19,-0.03019033313316453
2001-06-20,-0.016333042585199353
2001-06-21,0.017647816985870455
2001-06-22,0.008172728387402203
2001-06-25,0.0037864000319289726
2001-06-26,-0.001972763390250491
2001-06-27,-0.0077897442120444015
2001-06-28,-0.013578807928529002
2001-06-29,-0.0020366362848380126
2001-07-02,0.019605513286589278
2001-07-03,0.020761827793791914
2001-07-05,0.0016451049609915059
2001-07-06,-0.02570660213588579
2001-07-09,-0.023937795322712247
2001-07-10,-0.048443304066917964
2001-07-11,-0.04718782533611439
2001-07-12,-0.004034856206832091
2001-07-13,0.02644290428932518
2001-07-16,0.008401984945152069
2001-07-17,0.029823232362845446
2001-07-18,0.02197346800531614
2001-07-19,0.007235023059967596
2001-07-20,-0.007389994677999141
2001-07-23,-0.014687603767620502
2001-07-24,-0.033720325253125204
2001-07-25,-0.015910227574338066
2001-07-26,-0.014191029843544832
2001-07-27,-0.004377051123592653
2001-07-30,0.015846853813764824
2001-07-31,0.029690385050665128
2001-08-01,0.024959603964548997
2001-08-02,0.018604786022779485
2001-08-03,0.009310038620960848
2001-08-06,-0.00456172779421241
2001-08-07,-0.004791453773123259
2001-08-08,-0.029756894554589925
2001-08-09,-0.03089417396622849
2001-08-10,-0.021972148201271063
2001-08-13,-0.008179696872342006
2001-08-14,-0.012497574802618518
2001-08-15,-0.002449301115494027
2001-08-16,-0.0019364862314245606
2001-08-17,-0.02152231204357214
2001-08-20,-0.012566011865439312
2001-08-21,-0.029352699403109764
2001-08-22,-0.010371853746590711
2001-08-23,-0.017429158712007807
2001-08-24,0.01925664701856592
2001-08-27,0.00406532667714219
2001-08-28,0.006540343356552233
2001-08-29,-0.012728000615328052
2001-08-30,-0.02853310786445079
2001-08-31,-0.041778469541151025
2001-09-04,-0.04221080839958461
2001-09-05,-0.02501467523324547
2001-09-06,-0.04216047030659674
2001-09-07,-0.041440095529540096
2001-09-10,-0.036577791133159045
2001-09-17,-0.08382583399981054
2001-09-18,-0.08869073720134585
2001-09-19,-0.0829739368276629
2001-09-20,-0.09658937537740368
2001-09-21,-0.1195960451293218
2001-09-24,-0.03138016452601377
2001-09-25,-0.01860823526243643
2001-09-26,-0.001762362894782447
2001-09-27,0.039175675410576545
2001-09-28,0.07101843140731683
2001-10-01,0.03483696817512924
2001-10-02,0.03695039220503249
2001-10-03,0.05711996524787588
2001-10-04,0.049316238590772256
2001-10-05,0.0263638374498986
2001-10-08,0.021443306512497463
2001-10-09,0.003592488330366657
2001-10-10,0.008995119568353355
2001-10-11,0.023547582336268077
2001-10-12,0.02094775647198781
2001-10-15,0.025669684121218797
2001-10-16,0.0373277303900308
2001-10-17,-0.006204221790810015
2001-10-18,-0.023734339688857527
2001-10-19,-0.019829301585336932
2001-10-22,0.0015537872027955903
2001-10-23,-0.009867302278138066
2001-10-24,0.008969942969316974
2001-10-25,0.028902790257237795
2001-10-26,0.02729054165746426
2001-10-29,-0.018624515346052046
2001-10-30,-0.025574792296960608
2001-10-31,-0.02630504399954024
2001-11-01,-0.018807339055764996
2001-11-02,-0.009746520392891889
2001-11-05,0.02961771191894604
2001-11-06,0.057117062897937707
2001-11-07,0.059178235391836385
2001-11-08,0.03700008535688861
2001-11-09,0.03126777164313144
2001-11-12,0.01212328013240815
2001-11-13,0.018947504269861002
2001-11-14,0.021242025398222387
2001-11-15,0.019959266711437888
2001-11-16,0.01444504920322181
2001-11-19,0.03283875697633752
2001-11-20,0.002179762740205417
2001-11-21,-0.00542133055904525
2001-11-23,0.007026906055470564
2001-11-26,0.013634790826406808
2001-11-27,-0.002940914723402294
2001-11-28,-0.012799158447511538
2001-11-29,0.007251506175326348
2001-11-30,-0.014190710864750234
2001-12-03,-0.02232985807731815
2001-12-04,-0.0012139267702475382
2001-12-05,0.03519453725229686
2001-12-06,0.02127490523092709
2001-12-07,0.02176871243796571
2001-12-10,0.008869971545913624
2001-12-11,-0.009937346706300984
2001-12-12,-0.026935422011227485
2001-12-13,-0.04604161946466005
2001-12-14,-0.02986792413167721
2001-12-17,-0.0006996966305605931
2001-12-18,0.007244960977593907
2001-12-19,0.013127055394464019
2001-12-20,0.02284971921504716
2001-12-21,0.019392965005507634
2001-12-24,0.007188736129625817
2001-12-26,0.006733570690524767
2001-12-27,0.005762779220009031
2001-12-28,0.015140239515092037
2001-12-31,-0.0056707459315222235
2002-01-02,0.006948764396341502
2002-01-03,0.012747814617771233
2002-01-04,0.013351211135304958
2002-01-07,0.006786690706607607
2002-01-08,0.019236282813389197
2002-01-09,0.00034566570876212635
2002-01-10,-0.006526134076196403
2002-01-11,-0.023048498413240488
2002-01-14,-0.022250804012639736
2002-01-15,-0.011827324131581825
2002-01-16,-0.024082528502817505
2002-01-17,-0.020980549747867908
2002-01-18,-0.0156960410901654
2002-01-22,-0.01632901168694848
2002-01-23,-0.016813755461955925
2002-01-24,0.0067136605658259015
2002-01-25,-0.0010554361865673094
2002-01-28,0.006255278282986069
2002-01-29,-0.01877447806549914
2002-01-30,-0.012084283394338967
2002-01-31,-0.003527842217230174
2002-02-01,-0.007957536411707714
2002-02-04,-0.035853582216884686
2002-02-05,-0.01011662010881992
2002-02-06,-0.028745798023349457
2002-02-07,-0.046663067658977854
2002-02-08,-0.022987813237213536
2002-02-11,0.014370433737174589
2002-02-12,0.017434605035349236
2002-02-13,0.03231530106065295
2002-02-14,0.03671810479026549
2002-02-15,0.007240686871535904
2002-02-19,-0.024342889890385595
2002-02-20,-0.004511395641001519
2002-02-21,-0.03600148708353224
2002-02-22,-0.02183245289346076
2002-02-25,0.005036827185764868
2002-02-26,0.022366252570057962
2002-02-27,0.009539921846737246
2002-02-28,0.025975511688176026
2002-03-01,0.036713209556129604
2002-03-04,0.03785691110938015
2002-03-05,0.03672090560491076
2002-03-06,0.0446657283690726
2002-03-07,0.04701032469107162
2002-03-08,0.02817312580173018
2002-03-11,0.0127904640698245
2002-03-12,0.015395510213511909
2002-03-13,-0.00610016650636848
2002-03-14,-0.005336081382384316
2002-03-15,-5.0208764503180465e-05
2002-03-18,-0.002013634526585224
2002-03-19,0.005246759358957896
2002-03-20,-0.004057910172225252
2002-03-21,-0.002244379219456079
2002-03-22,-0.013898416504266329
2002-03-25,-0.02657721711657532
2002-03-26,-0.027448706322679206
2002-03-27,-0.00583034688937798
2002-03-28,-0.0067006991701918745
2002-04-01,-0.004093109657840011
2002-04-02,0.0029001806953234885
2002-04-03,-0.009937962233798718
2002-04-04,-0.016722988781128493
2002-04-05,-0.016108567590339608
2002-04-08,-0.014417783837984009
2002-04-09,-0.01592424956876683
2002-04-10,0.0023830744755659688
2002-04-11,-0.01863387378967846
2002-04-12,-0.011334034830631556
2002-04-15,-0.021119377686095432
2002-04-16,0.009408481208577027
2002-04-17,-0.003974707264734899
2002-04-18,0.01685718608039446
2002-04-19,0.013018266516289291
2002-04-22,0.0038814871204890596
2002-04-23,-0.0239599541339343
2002-04-24,-0.03193225361540801
2002-04-25,-0.027036103004094068
2002-04-26,-0.0498583056970407
2002-04-29,-0.0380111590315324
2002-04-30,-0.024362524750259063
2002-05-01,-0.002103824982316116
2002-05-02,-0.006506686829300452
2002-05-03,0.0017680505806867523
2002-05-06,-0.01309280818773705
2002-05-07,-0.02592132168168953
2002-05-08,-0.001558445395255478
2002-05-09,-0.009330171844803658
2002-05-10,-0.01744093477128192
2002-05-13,0.022500104354953848
2002-05-14,0.047565959666289515
2002-05-15,0.007129597614937997
2002-05-16,0.023934314718206284
2002-05-17,0.04783512619459115
2002-05-20,0.016822878897112675
2002-05-21,-0.013886713638413555
2002-05-22,-0.007772272589407517
2002-05-23,-0.002358950901805227
2002-05-24,-0.02012935927435822
2002-05-28,-0.01469276476505279
2002-05-29,-0.01296314570787903
2002-05-30,-0.017968473589748197
2002-05-31,-0.026506342394004793
2002-06-03,-0.040557433477887136
2002-06-04,-0.0326267923870488
2002-06-05,-0.01587590749907687
2002-06-06,-0.03364359989782778
2002-06-07,-0.03685823357235652
2002-06-10,-0.006054280105396845
2002-06-11,-0.02584996144208296
2002-06-12,-0.029109715091054787
2002-06-13,-0.018633162823647995
2002-06-14,-0.018951351168776717
2002-06-17,0.003656602174328532
2002-06-18,0.029094932519779064
2002-06-19,-0.0005847507378219787
2002-06-20,-0.0033542044835531003
2002-06-21,-0.017635031110146093
2002-06-24,-0.038881997304679415
2002-06-25,-0.0697136352188718
2002-06-26,-0.044457934653673495
2002-06-27,-0.014249912201628051
2002-06-28,-0.0032283858330254046
2002-07-01,-0.02814814579570761
2002-07-02,-0.026906881584317414
2002-07-03,-0.022875007125045355
2002-07-05,-0.0012078206869381078
2002-07-08,-0.009034221620170582
2002-07-09,-0.014847823151866299
2002-07-10,-0.030468384800608223
2002-07-11,-0.028031022725695354
2002-07-12,-0.07808913277638474
2002-07-15,-0.06020411978554478
2002-07-16,-0.0541609414865135
2002-07-17,-0.015093614660315927
2002-07-18,-0.05613862940069804
2002-07-19,-0.08092294138196485
2002-07-22,-0.11632215309120322
2002-07-23,-0.12461060277650766
2002-07-24,-0.06864707814457202
2002-07-25,-0.04424506822968126
2002-07-26,0.010451625598585134
2002-07-29,0.08809537113865516
2002-07-30,0.12879880411805003
2002-07-31,0.07326458833694842
2002-08-01,0.055344847403198345
2002-08-02,0.013806121096155508
2002-08-05,-0.06917520764049491
2002-08-06,-0.04901575792021812
2002-08-07,-0.03414335937875439
2002-08-08,0.02414819435901022
2002-08-09,0.05054952565855921
2002-08-12,0.07859942608054528
2002-08-13,0.027114566297448992
2002-08-14,0.04570415873568083
2002-08-15,0.027652077599855513
2002-08-16,0.020921297651295193
2002-08-19,0.05140374319840239
2002-08-20,0.059136335437472126
2002-08-21,0.03756353228568407
2002-08-22,0.03344558821728509
2002-08-23,0.014694881278771596
2002-08-26,-0.0014689653388931772
2002-08-27,-0.0024398198763945543
2002-08-28,-0.03886546104083835
2002-08-29,-0.04809840852276796
2002-08-30,-0.03026262917684979
2002-09-03,-0.07609552457485784
2002-09-04,-0.05031045949805961
2002-09-05,-0.03671347899235302
2002-09-06,-0.023499090682473817
2002-09-09,-0.012278446398629302
2002-09-10,0.03800826632622408
2002-09-11,0.017602385536769773
2002-09-12,0.007518046485017794
2002-09-13,-0.0036735588195778257
2002-09-16,-0.008529313133810897
2002-09-17,-0.04311958473689209
2002-09-18,-0.0469544594203686
2002-09-19,-0.05456395882441723
2002-09-20,-0.05668847643570044
2002-09-23,-0.06735273601614197
2002-09-24,-0.060437047961039096
2002-09-25,-0.02588510465647235
2002-09-26,0.01656010102454429
2002-09-27,-0.019151296227440513
2002-09-30,-0.02260657007832777
2002-10-01,0.0405930954055396
2002-10-02,-0.014328483562123143
2002-10-03,-0.04070996621341588
2002-10-04,-0.02384668799397215
2002-10-07,-0.033062754544520186
2002-10-08,-0.06444506904073807
2002-10-09,-0.06265652178666946
2002-10-10,-0.02062229840845049
2002-10-11,0.04074266690884631
2002-10-14,0.06719674194872975
2002-10-15,0.09861898999484198
2002-10-16,0.10273225568749576
2002-10-17,0.09052976687591338
2002-10-18,0.051864016561960165
2002-10-21,0.0634083380676811
2002-10-22,0.009202499029869134
2002-10-23,0.04130701647385252
2002-10-24,0.0010188636176792372
2002-10-25,0.017445567563161887
2002-10-28,-0.0062299126773608885
2002-10-29,-0.010668759660158483
2002-10-30,-0.008573361888775614
2002-10-31,0.0018090780410322665
2002-11-01,0.0007761659879678581
2002-11-04,0.01682016856733872
2002-11-05,0.03636326348123445
2002-11-06,0.039573273980114024
2002-11-07,0.024989992834838607
2002-11-08,-0.006892177838914263
2002-11-11,-0.032000230820363434
2002-11-12,-0.03197058575235241
2002-11-13,-0.04383076265631277
2002-11-14,-0.0003301170878442088
2002-11-15,0.01933202309054186
2002-11-18,0.024842094712619663
2002-11-19,0.015615598427044134
2002-11-20,0.03660419953379662
2002-11-21,0.03636385062822798
2002-11-22,0.021859999310994683
2002-11-25,0.03261849724965615
2002-11-26,0.014720624366436468
2002-11-27,0.020466207035993136
2002-11-29,-0.001170035567215916
2002-12-02,0.007572025894037532
2002-12-03,-0.006547023187587553
2002-12-04,0.008144979683554402
2002-12-05,-0.030694755781446415
2002-12-06,-0.020967378317986993
2002-12-09,-0.05043894546887049
2002-12-10,-0.023643125900801098
2002-12-11,-0.018228094788049296
2002-12-12,-0.007245450754132694
2002-12-13,-0.029665381709071667
2002-12-16,0.023738728054015723
2002-12-17,0.0016523673483251889
2002-12-18,-0.010854674587493042
2002-12-19,-0.01789589004254813
2002-12-20,0.012151821300997049
2002-12-23,-0.013043395683803713
2002-12-24,-0.011746419476309623
2002-12-26,0.00032582564512530394
2002-12-27,-0.01526415137320655
2002-12-30,-0.021112675945062907
2002-12-31,-0.020084044509632765
2003-01-02,0.019067217724567785
2003-01-03,0.021689603160890643
2003-01-06,0.06190296430441268
2003-01-07,0.051105914452288036
2003-01-08,0.03518808973686694
2003-01-09,0.018925505122335755
2003-01-10,0.018545886270352745
2003-01-13,0.0007525246860017021
2003-01-14,0.006449447848490632
2003-01-15,0.010990856857635768
2003-01-16,-0.008548444494818034
2003-01-17,-0.026127648227140754
2003-01-21,-0.04148064514126037
2003-01-22,-0.05687549297913188
2003-01-23,-0.04075379954645318
2003-01-24,-0.06324995749441864
2003-01-27,-0.06211444261111299
2003-01-28,-0.03907262831248682
2003-01-29,-0.01935305955476019
2003-01-30,-0.04945043381938341
2003-01-31,-0.00371112232121252
2003-02-03,0.012016139741329016
2003-02-04,-0.005256438934884648
2003-02-05,-0.01902797333578266
2003-02-06,0.00023724500423503655
2003-02-07,-0.031157056850707247
2003-02-10,-0.026082408567894805
2003-02-11,-0.023104213167764724
2003-02-12,-0.032946899178151946
2003-02-13,-0.02518023805037371
2003-02-14,0.008713598711844878
2003-02-18,0.019100271897979297
2003-02-19,0.020758761625759545
2003-02-20,0.026799669630006306
2003-02-21,0.0337875340943948
2003-02-24,-0.004168243821035271
2003-02-25,-0.013639889441744452
2003-02-26,-0.02303883007012419
2003-02-27,0.00011856236498165943
2003-02-28,-0.0032925026272061977
2003-03-03,0.0034544958670605632
2003-03-04,-0.020572390566930537
2003-03-05,0.0025194567202702902
2003-03-06,-0.019032841650413617
2003-03-07,-0.01878567228895635
2003-03-10,-0.03349542954062849
2003-03-11,-0.02731764551803485
2003-03-12,-0.029058136868751177
2003-03-13,0.013325444489989223
2003-03-14,0.009674019486321198
2003-03-17,0.06498457145710008
2003-03-18,0.08072963399652909
2003-03-19,0.08169243984915409
2003-03-20,0.04989105553337779
2003-03-21,0.06779765968508414
2003-03-24,0.0029858552853335935
2003-03-25,0.006655421407411327
2003-03-26,-0.006030639045421147
2003-03-27,-0.00738532243561806
2003-03-28,-0.033567097064826114
2003-03-31,-0.022750863883533052
2003-04-01,-0.017054761119832198
2003-04-02,0.011872913251403964
2003-04-03,0.0062913591642121385
2003-04-04,0.017264321396706892
2003-04-07,0.0383175502213163
2003-04-08,0.024681564266536504
2003-04-09,-0.012447101849940854
2003-04-10,-0.002169055218804903
2003-04-11,-0.012202740308508913
2003-04-14,0.01016915927002275
2003-04-15,0.017868066540369557
2003-04-16,0.013920413851100141
2003-04-17,0.023155407651480824
2003-04-21,0.02828220215561729
2003-04-22,0.02651404122166222
2003-04-23,0.026381426322622133
2003-04-24,0.03463441508366961
2003-04-25,0.007453789720871624
2003-04-28,0.0235905109402061
2003-04-29,0.008394754819232235
2003-04-30,-0.0029335260421690665
2003-05-01,0.005893573281983084
2003-05-02,0.03249282315298475
2003-05-05,0.013418838514413934
2003-05-06,0.019353385521604004
2003-05-07,0.01597436665964156
2003-05-08,0.005966265882510181
2003-05-09,0.005563155942528328
2003-05-12,0.019690468814295547
2003-05-13,0.008483113659332313
2003-05-14,0.011921612824183572
2003-05-15,0.028366549604489033
2003-05-16,0.012089449755556028
2003-05-19,-0.023784282938667682
2003-05-20,-0.02404375986781125
2003-05-21,-0.019877244263643328
2003-05-22,-0.016323948233067962
2003-05-23,-0.011769323832076083
2003-05-27,0.029249728127454317
2003-05-28,0.0341287032725496
2003-05-29,0.029459644656987277
2003-05-30,0.035484729189454674
2003-06-02,0.03757402090839556
2003-06-03,0.024335446683173032
2003-06-04,0.035830497473717735
2003-06-05,0.04337581026241363
2003-06-06,0.023547831861263024
2003-06-09,0.009203091931638048
2003-06-10,0.0152282275371657
2003-06-11,0.011430442389633663
2003-06-12,0.009588196411085412
2003-06-13,0.00301766359602654
2003-06-16,0.03411825624570987
2003-06-17,0.02399183558883805
2003-06-18,0.012582672321705794
2003-06-19,-0.005882543868341802
2003-06-20,0.0023995477830454615
2003-06-23,-0.028783895569020237
2003-06-24,-0.027767941113171792
2003-06-25,-0.036982491312411825
2003-06-26,-0.008666494314197134
2003-06-27,-0.018061923318374862
2003-06-30,-0.00805968399748404
2003-07-01,0.0001007151363817938
2003-07-02,0.022707554839590034
2003-07-03,-0.0006073693273202158
2003-07-07,0.030653696298554734
2003-07-08,0.03542005950328959
2003-07-09,0.0205922052791696
2003-07-10,-0.004721808052923109
2003-07-11,0.01507696260650566
2003-07-14,0.00029730196101605344
2003-07-15,-0.006346954570628511
2003-07-16,-0.006582799212024354
2003-07-17,-0.008089178960451414
2003-07-18,-0.007309037882563778
2003-07-21,-0.02462239754521591
2003-07-22,-0.013422192731757673
2003-07-23,-0.006829298526469797
2003-07-24,-0.00010133428783762059
2003-07-25,0.007209693962910974
2003-07-28,0.015948299195657385
2003-07-29,0.0023168151839334603
2003-07-30,-0.0008057309580947998
2003-07-31,0.009095535881950181
2003-08-01,-0.01730935004634754
2003-08-04,-0.013610882253089795
2003-08-05,-0.03043864853248343
2003-08-06,-0.022230129398209363
2003-08-07,-0.014083473452482403
2003-08-08,-0.0023374169425676573
2003-08-11,0.001419691353035041
2003-08-12,0.03194706748205348
2003-08-13,0.021018851322653676
2003-08-14,0.013278725102339623
2003-08-15,0.01354244896284225
2003-08-18,0.018380683949369887
2003-08-19,0.013072390074580147
2003-08-20,0.01413627401665924
2003-08-21,0.014595197767208587
2003-08-22,0.0015041602696618678
2003-08-25,-0.005488469632059259
2003-08-26,-0.007463556303256427
2003-08-27,-0.0030911132523706235
2003-08-28,-9.96266532262403e-05
2003-08-29,0.016599857068581525
2003-09-02,0.028314801300199123
2003-09-03,0.031948924135731735
2003-09-04,0.032132782609083116
2003-09-05,0.02033538343814584
2003-09-08,0.02184167066836221
2003-09-09,0.001944208011061695
2003-09-10,-0.013637750129303265
2003-09-11,-0.011183047031044507
2003-09-12,-0.003701751545324225
2003-09-15,-0.015454380840620443
2003-09-16,0.005614884515938615
2003-09-17,0.013830972835108623
2003-09-18,0.022624832969122405
2003-09-19,0.015669530591989417
2003-09-22,0.008327565087078955
2003-09-23,-0.0023666852023354413
2003-09-24,-0.01837071814888221
2003-09-25,-0.03834616732802141
2003-09-26,-0.03654314581531225
2003-09-29,-0.01592349142626435
2003-09-30,-0.029475867991196576
2003-10-01,0.009547459108908472
2003-10-02,0.02140874848517526
2003-10-03,0.03383825856272392
2003-10-06,0.028616462484143575
2003-10-07,0.042217870111897544
2003-10-08,0.018633988695927948
2003-10-09,0.017704805598599056
2003-10-10,0.01134857084750423
2003-10-13,0.009963946252244508
2003-10-14,0.009640511502303235
2003-10-15,0.009473903330723926
2003-10-16,0.010777790161559619
2003-10-17,-0.002968959298330584
2003-10-20,0.0013333402782428198
2003-10-21,-0.003902543702429342
2003-10-22,-0.01390689849701345
2003-10-23,-0.019736089595279577
2003-10-24,-0.006543840467780705
2003-10-27,-0.013514148449565033
2003-10-28,0.0017150776459210198
2003-10-29,0.015715817283837287
2003-10-30,0.019641431873258654
2003-10-31,0.016469087545780105
2003-11-03,0.02251789401334004
2003-11-04,0.0068317012886048335
2003-11-05,0.00625511009095005
2003-11-06,0.009442751948709601
2003-11-07,0.0029401178335919944
2003-11-10,-0.007671082795716211
2003-11-11,-0.005785197026858287
2003-11-12,0.004618954403865994
2003-11-13,-0.0003757033830738993
2003-11-14,-0.0014217278327302257
2003-11-17,-0.002380153294886446
2003-11-18,-0.012536274552219511
2003-11-19,-0.015257656008766943
2003-11-20,-0.024556511005697532
2003-11-21,-0.011923567584565075
2003-11-24,0.006269531849147032
2003-11-25,0.02049351585424799
2003-11-26,0.015633573901087043
2003-11-28,0.025402052015890974
2003-12-01,0.03201281946033141
2003-12-02,0.016345231570775567
2003-12-03,0.010978293508673475
2003-12-04,0.011497198353637576
2003-12-05,0.003751099433260521
2003-12-08,-0.0002787556097222432
2003-12-09,-0.005512176809411657
2003-12-10,-0.004020637570679576
2003-12-11,0.0030620500874873596
2003-12-12,0.012000110269682958
2003-12-15,0.00027875560972213725
2003-12-16,0.013215752396849996
2003-12-17,0.016447629070040895
2003-12-18,0.016448863435700893
2003-12-19,0.011717557054164173
2003-12-22,0.023677970234295975
2003-12-23,0.019125166928210174
2003-12-24,0.014983973465850713
2003-12-26,0.004531628605940437
2003-12-29,0.02054066769829506
2003-12-30,0.013765582659054872
2003-12-31,0.014026471738631863
2004-01-02,0.01458009044857509
2004-01-05,0.02467022923842437
2004-01-06,0.01242667246171966
2004-01-07,0.0156179964450236
2004-01-08,0.018695126372974814
2004-01-09,0.010374560408246563
2004-01-12,0.006913608187258837
2004-01-13,8.924889808040577e-05
2004-01-14,0.005033888163765742
2004-01-15,0.0035220584281980376
2004-01-16,0.016239699750851728
2004-01-20,0.008618081413869348
2004-01-21,0.02231475074009649
2004-01-22,0.011389015153242744
2004-01-23,0.005696805477695971
2004-01-26,0.014254406212987245
2004-01-27,0.00419430791648959
2004-01-28,-0.015144863802031184
2004-01-29,-0.011564725866817562
2004-01-30,-0.008336907128845899
2004-02-02,-0.016533585486640526
2004-02-03,-0.00787894044545502
2004-02-04,-0.004596942114225526
2004-02-05,-0.0026473948972219907
2004-02-06,0.008511360024370371
2004-02-09,0.004464829036015763
2004-02-10,0.009360645419050972
2004-02-11,0.028134069373294067
2004-02-12,0.02158900954052113
2004-02-13,0.005923845027261862
2004-02-17,0.014654472405555835
2004-02-18,0.00702772425852856
2004-02-19,-0.0072635119228865635
2004-02-20,-0.006680306544909294
2004-02-23,-0.004701118912622587
2004-02-24,-0.015440900801861914
2004-02-25,-0.006854009363060119
2004-02-26,-0.0025198355022473438
2004-02-27,0.0012183521818541654
2004-03-01,0.013608037613279446
2004-03-02,0.009483657854010546
2004-03-03,0.007113143288856878
2004-03-04,0.009093116873811419
2004-03-05,0.011754307116327706
2004-03-08,-0.010384518353038288
2004-03-09,-0.008522551549769239
2004-03-10,-0.02725019462644961
2004-03-11,-0.04289248764038862
2004-03-12,-0.03319655676849477
2004-03-15,-0.033253813776861554
2004-03-16,-0.023952477520070785
2004-03-17,0.004077835720257895
2004-03-18,0.017395724918233414
2004-03-19,-0.01009415214689621
2004-03-22,-0.01053755457385436
2004-03-23,-0.017563908237107753
2004-03-24,-0.027861210023372805
2004-03-25,-0.014976639502828695
2004-03-26,-0.00026971749808535307
2004-03-29,0.026459313172643127
2004-03-30,0.031563243232873656
2004-03-31,0.031891294340281706
2004-04-01,0.024736089953794428
2004-04-02,0.03199626226814935
2004-04-05,0.023524547539271357
2004-04-06,0.01693997781814707
2004-04-07,0.01343704927804209
2004-04-08,0.005172063093349001
2004-04-12,0.0015687229827390323
2004-04-13,-0.018032354848822728
2004-04-14,-0.01322908638138094
2004-04-15,-0.014675720621099186
2004-04-16,-0.004732664291717499
2004-04-19,-0.008659596313327418
2004-04-20,-0.011460699759873572
2004-04-21,-0.006369795848225836
2004-04-22,0.01135537729379527
2004-04-23,0.0046455353320893665
2004-04-26,0.0032455242092097832
2004-04-27,0.021042184145259653
2004-04-28,0.0013305897263075279
2004-04-29,-0.021409473945627096
2004-04-30,-0.030181924435103116
2004-05-03,-0.018114100151620505
2004-05-04,-0.019792009608469458
2004-05-05,-0.00035538205162629493
2004-05-06,-0.00017863372697326876
2004-05-07,-0.009053226820140417
2004-05-10,-0.030050126334436468
2004-05-11,-0.020829089470857674
2004-05-12,-0.020875572762345918
2004-05-13,-0.01641164832031645
2004-05-14,0.0007277107924405351
2004-05-17,0.0024777892850532347
2004-05-18,-0.0009118911691507761
2004-05-19,-0.0107409741873457
2004-05-20,-0.0033694388091582202
2004-05-21,-0.0020927239790994945
2004-05-24,0.010666946021620596
2004-05-25,0.019865439445138994
2004-05-26,0.026817507684482402
2004-05-27,0.02921674680725727
2004-05-28,0.027396899412361942
2004-06-01,0.021885814674731992
2004-06-02,0.011378942098616498
2004-06-03,-0.001337368271829078
2004-06-04,0.0009744942539879818
2004-06-07,0.016172083736156032
2004-06-08,0.018895820339792826
2004-06-09,0.005816888257568403
2004-06-10,0.019961862512789277
2004-06-14,0.0021218763323678554
2004-06-15,-0.005946377097764471
2004-06-16,-0.007514993894223244
2004-06-17,0.00035142307079733323
2004-06-18,-0.0026726688542967657
2004-06-21,0.0034670428170388125
2004-06-22,0.0014484619678315663
2004-06-23,0.010201339192412819
2004-06-24,0.00855116068470513
2004-06-25,0.0018461963576036054
2004-06-28,0.0022056267960190654
2004-06-29,0.0013175517739870655
2004-06-30,-0.0019196187204469297
2004-07-01,-0.01275690895061965
2004-07-02,-0.008468195600054127
2004-07-06,-0.013845696731981386
2004-07-07,-0.015035049735888385
2004-07-08,-0.02735032048948705
2004-07-09,-0.010771495830920543
2004-07-12,-0.00979311259054173
2004-07-13,-0.00026806878634174145
2004-07-14,-0.006257279024842794
2004-07-15,-0.005759624585412911
2004-07-16,-0.009171469839417211
2004-07-19,-0.013872531336946211
2004-07-20,-0.0019688543505807735
2004-07-21,-0.017549534812353006
2004-07-22,-0.008338293419882225
2004-07-23,-0.01593280238195036
2004-07-26,-0.013608488162261552
2004-07-27,-0.01689229339036659
2004-07-28,0.004734492319634769
2004-07-29,0.006260280775335079
2004-07-30,0.0171067936477782
2004-08-02,0.021109749545629573
2004-08-03,0.004000618516221448
2004-08-04,0.0009080743972715131
2004-08-05,-0.01982091399720292
2004-08-06,-0.03666150485314227
2004-08-09,-0.0373322601920148
2004-08-10,-0.016744655758883897
2004-08-11,-0.01868555629516207
2004-08-12,-0.013185908212537316
2004-08-13,0.0031765810835317123
2004-08-16,0.012076296993444553
2004-08-17,0.004878686376459444
2004-08-18,0.01714149439962132
2004-08-19,0.025198914715661082
2004-08-20,0.03023164082060499
2004-08-23,0.017391909853774267
2004-08-24,0.013135361028831763
2004-08-25,0.009677987654578363
2004-08-26,0.012590090177050895
2004-08-27,0.008741371217153116
2004-08-30,0.0029900340589713767
2004-08-31,0.006863696600037096
2004-09-01,0.0019777988998482218
2004-09-02,0.013233038563100714
2004-09-03,0.005994159173576236
2004-09-07,0.020861163632313745
2004-09-08,0.013143165745402703
2004-09-09,0.010366776597640973
2004-09-10,0.004254698649598719
2004-09-13,0.011616228863744164
2004-09-14,0.007063532787250412
2004-09-15,0.001952229049589281
2004-09-16,0.005850471085480075
2004-09-17,0.004950032381699157
2004-09-20,-0.004345264734178099
2004-09-21,-0.0020241615739204494
2004-09-22,-0.006989206007591065
2004-09-23,-0.015392559540735365
2004-09-24,-0.015049213152702853
2004-09-27,-0.015411348226074092
2004-09-28,-0.014984238859230413
2004-09-29,0.0025961455797712035
2004-09-30,0.007274306153459248
2004-10-01,0.019458320142054224
2004-10-04,0.027517985356282082
2004-10-05,0.023271357967580678
2004-10-06,0.025076440928617272
2004-10-07,0.015008211769870699
2004-10-08,-0.010081393517859718
2004-10-11,-0.007671635436927809
2004-10-12,-0.012100721705861194
2004-10-13,-0.027762345035088516
2004-10-14,-0.025080485453856157
2004-10-15,-0.011172528846767149
2004-10-18,-0.011484309263815232
2004-10-19,-0.016035029009252515
2004-10-20,-0.009186949789462455
2004-10-21,0.005408850270222552
2004-10-22,-0.011480287851866782
2004-10-25,-0.0164309190093997
2004-10-26,0.007198291539584909
2004-10-27,0.0211289716780494
2004-10-28,0.01764270179104288
2004-10-29,0.028766729136613087
2004-11-01,0.03268432982744846
2004-11-02,0.01786022588727724
2004-11-03,0.01843268295951687
2004-11-04,0.028987628644917062
2004-11-05,0.03540786767982969
2004-11-08,0.03122260752254906
2004-11-09,0.028904492674187956
2004-11-10,0.017159406910442328
2004-11-11,0.01117630598803197
2004-11-12,0.012792701076732029
2004-11-15,0.016697431522773563
2004-11-16,0.01147843101269918
2004-11-17,0.016629343495434996
2004-11-18,0.010398461174226182
2004-11-19,-0.008640233571178735
2004-11-22,-0.006336734375971901
2004-11-23,0.0023722723921064245
2004-11-24,-0.0011809925839617505
2004-11-26,-0.0032900723177131733
2004-11-29,0.00331579754155404
2004-11-30,-0.0007637210136945273
2004-12-01,0.009014957770217559
2004-12-02,0.007486430918042599
2004-12-03,0.007575533682755421
2004-12-06,0.01181331037808486
2004-12-07,0.0017804696140315585
2004-12-08,-0.003697283550986184
2004-12-09,-0.0010063580575696244
2004-12-10,0.0006712679212704066
2004-12-13,0.0096837045415655
2004-12-14,0.022521615202172027
2004-12-15,0.017440883416696303
2004-12-16,0.013332076162841879
2004-12-17,0.0056333194743122894
2004-12-20,-0.002792993122142112
2004-12-21,0.0013960881153294868
2004-12-22,0.003057049779183647
2004-12-23,0.004381689965972309
2004-12-27,0.009001776635648466
2004-12-28,0.014212082952604038
2004-12-29,0.00802421521587654
2004-12-30,0.003721936712868236
2004-12-31,0.0008276678419122172
2005-01-03,-0.00182675122292452
2005-01-04,-0.019582485344546294
2005-01-05,-0.027991779894613263
2005-01-06,-0.021023826469346703
2005-01-07,-0.020308738506199433
2005-01-10,-0.010865283092516236
2005-01-11,-0.005485566857538762
2005-01-12,0.0047337763655646205
2005-01-13,-0.008381583568229
2005-01-14,-0.0016904070635922394
2005-01-18,0.003941291567333851
2005-01-19,0.0003387107594228128
2005-01-20,-0.009064786654181726
2005-01-21,-0.007167393389589281
2005-01-24,-0.014396085825972888
2005-01-25,-0.021916570792314422
2005-01-26,-0.008409539864159297
2005-01-27,-0.0005962128278071382
2005-01-28,0.005550475609304519
2005-01-31,0.013719332071283653
2005-02-01,0.017218538298010632
2005-02-02,0.017252016015308225
2005-02-03,0.012945395575211922
2005-02-04,0.02356454981114726
2005-02-07,0.01603576551498531
2005-02-08,0.010873276219190396
2005-02-09,0.0003351431250854212
2005-02-10,0.006535005358590757
2005-02-11,0.004481113571769609
2005-02-14,0.005067193689658744
2005-02-15,0.007624475419447688
2005-02-16,0.015799337981475557
2005-02-17,0.0040841488773444715
2005-02-18,-0.0031508755877560496
2005-02-22,-0.01738585041368571
2005-02-23,-0.013966438646805374
2005-02-24,-0.008034653824794267
2005-02-25,0.00993136439442299
2005-02-28,0.001991156825025679
2005-03-01,0.02193290293014607
2005-03-02,0.014296715587205888
2005-03-03,0.00811717880644157
2005-03-04,0.010648912517943488
2005-03-07,0.01774761641981539
2005-03-08,0.00903254412124079
2005-03-09,-0.001652010478917541
2005-03-10,0.0001650295349866714
2005-03-11,-0.01925003892835289
2005-03-14,-0.013528746855852593
2005-03-15,-0.018064340218570615
2005-03-16,-0.015411147688776801
2005-03-17,-0.0156279561338774
2005-03-18,-0.01156599201278472
2005-03-21,-0.021494701872426556
2005-03-22,-0.02341884657229823
2005-03-23,-0.014037668925621794
2005-03-24,-0.0148541381520201
2005-03-28,-0.010430756986990374
2005-03-29,-0.013383510891926268
2005-03-30,0.01089013664358373
2005-03-31,0.00817207275878394
2005-04-01,0.0024724569499408253
2005-04-04,0.0027244653608447995
2005-04-05,0.014145025943308936
2005-04-06,0.0035477783158144654
2005-04-07,0.010792234166146187
2005-04-08,0.004842592588659803
2005-04-11,0.003902568487860282
2005-04-12,0.004305436475290088
2005-04-13,-0.011021906450791548
2005-04-14,-0.0295327028393658
2005-04-15,-0.03317169233380878
2005-04-18,-0.030871885629447756
2005-04-19,-0.028108047497515283
2005-04-20,-0.030292362049764914
2005-04-21,0.0020713523025776555
2005-04-22,0.012363381048350778
2005-04-25,0.015856113451415407
2005-04-26,-0.0018216412410756776
2005-04-27,0.016125889860294344
2005-04-28,-0.015725189734390018
2005-04-29,0.0015561420963946832
2005-05-02,0.0006017141552850594
2005-05-03,0.01208019737466789
2005-05-04,0.01587006266589388
2005-05-05,0.02814644613094794
2005-05-06,0.011510377541773115
2005-05-09,0.012124878991507777
2005-05-10,0.0
2005-05-11,-0.002214927454602697
2005-05-12,-0.01293886192084523
2005-05-13,-0.011769631167473978
2005-05-16,-0.008694897162231381
2005-05-17,0.00836920345871263
2005-05-18,0.013134015593807493
2005-05-19,0.0283983820752443
2005-05-20,0.02895821703005506
2005-05-23,0.02519359924002821
2005-05-24,0.016197596988057825
2005-05-25,0.005205438606605278
2005-05-26,0.006350754062480351
2005-05-27,0.009441345427869577
2005-05-31,-0.002507376388106596
2005-06-01,0.008333256740146096
2005-06-02,0.01124233161023945
2005-06-03,0.0008332067200299592
2005-06-06,-0.0017476954453338456
2005-06-07,0.0054254418423368
2005-06-08,-0.004908160064573403
2005-06-09,-0.0023216747079582187
2005-06-10,0.00041587588298236297
2005-06-13,0.004488276983090558
2005-06-14,0.0060581633687031705
2005-06-15,0.009792440476501615
2005-06-16,0.007607227751721155
2005-06-17,0.013631641556169695
2005-06-20,0.010804796422767476
2005-06-21,0.0090624569055745
2005-06-22,0.007984569920494074
2005-06-23,-0.00873858504527032
2005-06-24,-0.019805446516218017
2005-06-27,-0.018706847603107278
2005-06-28,-0.010926376124209445
2005-06-29,-0.014416450196655389
2005-06-30,-0.0056893027088125575
2005-07-01,0.004611669554825743
2005-07-05,0.011183428335916274
2005-07-06,-0.005591998809391312
2005-07-07,0.0010012500830045643
2005-07-08,0.017796610750111876
2005-07-11,0.01996169191040419
2005-07-12,0.014582961100250199
2005-07-13,0.024390450137843026
2005-07-14,0.024377133601630498
2005-07-15,0.012451058277595618
2005-07-18,0.0033567397217163296
2005-07-19,0.0061965865505094996
2005-07-20,0.00821591401415783
2005-07-21,-0.0015474127020087736
2005-07-22,0.0056823820158533895
2005-07-25,0.00684244876536749
2005-07-26,0.002597903030247342
2005-07-27,0.002831235829444749
2005-07-28,0.01496252198877889
2005-07-29,0.0016175341841339062
2005-08-01,0.003726827308687316
2005-08-02,0.008477514063296982
2005-08-03,0.0074846323211487905
2005-08-04,-0.0068466044722665
2005-08-05,-0.006974446618001623
2005-08-08,-0.008120075013632435
2005-08-09,-0.008071752975913078
2005-08-10,-0.011207509087769142
2005-08-11,0.0008078723012284875
2005-08-12,0.0014639400755997514
2005-08-15,0.009493946040666208
2005-08-16,-0.009609305101378234
2005-08-17,-0.009204839882976665
2005-08-18,-0.013251307384622176
2005-08-19,-0.004805812230167228
2005-08-22,-0.010962600559812904
2005-08-23,0.0002455076551309874
2005-08-24,-0.0086290879154205
2005-08-25,-0.00492283126332146
2005-08-26,-0.01406076799540174
2005-08-29,-0.0063890596389518895
2005-08-30,-0.009782773991434625
2005-08-31,0.011734478620610445
2005-09-01,0.007374777735027685
2005-09-02,0.012425897696040666
2005-09-06,0.01638199037281221
2005-09-07,0.02335209627764099
2005-09-08,0.007476882465552321
2005-09-09,0.017079039964145882
2005-09-12,0.01686859278105407
2005-09-13,-0.0003231307452913226
2005-09-14,-0.005665546686583038
2005-09-15,-0.002838166123498891
2005-09-16,-0.0046197012087667915
2005-09-19,-0.005936484673214576
2005-09-20,-0.008857336793856823
2005-09-21,-0.014595930985380602
2005-09-22,-0.010558888349851527
2005-09-23,-0.01682068507323036
2005-09-26,-0.012343475806837081
2005-09-27,-0.004105320319675312
2005-09-28,0.006266094321118916
2005-09-29,0.01082005223294343
2005-09-30,0.013089050980387599
2005-10-03,0.008354518130872103
2005-10-04,-0.0027185784103917828
2005-10-05,-0.01690913513210959
2005-10-06,-0.028613313757737093
2005-10-07,-0.028272807317494965
2005-10-10,-0.0331706984550761
2005-10-11,-0.02328464433026326
2005-10-12,-0.017965234164784467
2005-10-13,-0.014960377327335211
2005-10-14,-0.007890147244812117
2005-10-17,0.004291499465432332
2005-10-18,-0.005163931901072325
2005-10-19,0.019218606775138238
2005-10-20,0.0020417619921273868
2005-10-21,-0.004560733116094047
2005-10-24,0.00711089576607425
2005-10-25,0.015997428028031585
2005-10-26,-0.00342879216924995
2005-10-27,0.0036469264922610336
2005-10-28,0.0140381875258959
2005-10-31,0.001415853223911502
2005-11-01,0.006410568833339232
2005-11-02,0.019741879725917965
2005-11-03,0.034700329846556174
2005-11-04,0.019098267716817916
2005-11-07,0.017330202599230873
2005-11-08,0.014338047637406252
2005-11-09,0.005242648092975459
2005-11-10,0.008713215568311334
2005-11-11,0.0134223342306919
2005-11-14,0.011873894690493032
2005-11-15,0.008228915264430987
2005-11-16,0.008947965743276597
2005-11-17,0.010484648413832127
2005-11-18,0.011008634666992362
2005-11-21,0.016596687861525034
2005-11-22,0.024526641473313102
2005-11-23,0.028262984542816998
2005-11-25,0.019780678682807768
2005-11-28,0.008752442923073717
2005-11-29,0.0026210071376300895
2005-11-30,-0.007071428842139085
2005-12-01,-0.002680376611347508
2005-12-02,-0.0022052899994130944
2005-12-05,0.0027689075982394395
2005-12-06,0.005772631777874307
2005-12-07,0.005328114085184114
2005-12-08,-0.005461359287518521
2005-12-09,-0.004107780585971645
2005-12-12,-0.0010277504509506033
2005-12-13,0.0038557776869031445
2005-12-14,0.013628138048491832
2005-12-15,0.011363664735162367
2005-12-16,0.005524841190784727
2005-12-19,-0.0005820177655032745
2005-12-20,-0.006405398617437573
2005-12-21,-0.008737769987460474
2005-12-22,-0.0006151960970838015
2005-12-23,0.0031606495256945983
2005-12-27,-0.0019107706038531918
2005-12-28,-0.0006363512156190284
2005-12-29,-0.006687538144133007
2005-12-30,-0.01735720303105964
2006-01-03,-0.0004737015914645404
2006-01-04,0.014479477545501359
2006-01-05,0.012878945427971942
2006-01-06,0.025629506181868645
2006-01-09,0.03364168748414002
2006-01-10,0.017215100696829626
2006-01-11,0.015666189365963368
2006-01-12,0.011085762170079961
2006-01-13,0.0018663696031232886
2006-01-17,-0.0034227656028659975
2006-01-18,-0.008414170795390105
2006-01-19,-0.00776341931583762
2006-01-20,-0.022216704935823325
2006-01-23,-0.017718931684877103
2006-01-24,-0.013967224166035654
2006-01-25,-0.009116739010494338
2006-01-26,-0.007431561706224119
2006-01-27,0.02019620947743577
2006-01-30,0.01585256208175374
2006-01-31,0.007478688074959727
2006-02-01,0.013566144663986016
2006-02-02,-0.0036178186367016585
2006-02-03,-0.017817387244646096
2006-02-06,-0.014429598895363018
2006-02-07,-0.01597002386276189
2006-02-08,-0.013881703447172074
2006-02-09,-0.0038693849429310943
2006-02-10,0.0029259511772498845
2006-02-13,-0.0015020371340734326
2006-02-14,0.01792873849342976
2006-02-15,0.012401054979102499
2006-02-16,0.021521442653073614
2006-02-17,0.01698988239870518
2006-02-21,0.016320782732084753
2006-02-22,0.011828179039536233
2006-02-23,0.006840760495724285
2006-02-24,0.0019335651685940189
2006-02-27,0.005033529444989025
2006-02-28,-0.0020252876841964566
2006-03-01,0.0007731478986277739
2006-03-02,0.002166781742455642
2006-03-03,-0.005035566192253233
2006-03-06,-0.010014442830979351
2006-03-07,-0.0020300905987215524
2006-03-08,-0.008773056291407599
2006-03-09,-0.0154244610040969
2006-03-10,-0.001320991867730102
2006-03-13,0.005136194752912556
2006-03-14,0.017122149338060774
2006-03-15,0.019459994168990205
2006-03-16,0.02825161062691729
2006-03-17,0.019632182965413192
2006-03-20,0.01615834814018825
2006-03-21,-0.0005733427301851007
2006-03-22,0.001058756146524195
2006-03-23,-0.003077429841741571
2006-03-24,-0.003144115170083859
2006-03-27,-0.002994916733050619
2006-03-28,-0.0028597810740334183
2006-03-29,-0.0026880863785867723
2006-03-30,-0.0023852674186893605
2006-03-31,-0.002922322454044159
2006-04-03,-0.002233071484110411
2006-04-04,0.010316802263346197
2006-04-05,0.007508389577384225
2006-04-06,0.008209633960917725
2006-04-07,-0.0022360877262057204
2006-04-10,7.734077408183273e-05
2006-04-11,-0.014815087047017153
2006-04-12,-0.016391688771967738
2006-04-13,-0.01664252526865269
2006-04-17,-0.0068162335048498664
2006-04-18,0.007372425663884323
2006-04-19,0.017797466739571347
2006-04-20,0.017306956662025353
2006-04-21,0.018779662498739868
2006-04-24,0.017336378747251704
2006-04-25,-0.0025283174256626587
2006-04-26,-0.004208875467957417
2006-04-27,-0.0007627773785052901
2006-04-28,0.0024372347509344886
2006-05-01,-0.00390351614821363
2006-05-02,0.007717183480351331
2006-05-03,0.003751054512300129
2006-05-04,0.0025154310185178056
2006-05-05,0.007954601938312725
2006-05-08,0.01491910961176932
2006-05-09,0.009394154820576846
2006-05-10,0.012602270655784044
2006-05-11,-0.0031262912798270446
2006-05-12,-0.025062484993421865
2006-05-15,-0.021844592640445457
2006-05-16,-0.025275245092809505
2006-05-17,-0.04395445335186675
2006-05-18,-0.03686775411170602
2006-05-19,-0.016696913154979977
2006-05-22,-0.026367679418401405
2006-05-23,-0.03253997096451866
2006-05-24,-0.005375104534427446
2006-05-25,0.011971342228593276
2006-05-26,0.010020611923993575
2006-05-30,-0.00023798207071903317
2006-05-31,0.01852203477315417
2006-06-01,0.02008707198050451
2006-06-02,0.00989330900160883
2006-06-05,-0.009863430668151225
2006-06-06,0.00561443764964863
2006-06-07,-0.013024203760255015
2006-06-08,-0.023421610002284394
2006-06-09,-0.02870222035068436
2006-06-12,-0.024930486926427364
2006-06-13,-0.03417049968188403
2006-06-14,-0.01892961758675505
2006-06-15,0.0029378787920492336
2006-06-16,-0.0011900426933215162
2006-06-19,0.0018262952652527084
2006-06-20,0.016898344796605257
2006-06-21,0.016562875609906547
2006-06-22,-0.008839039156211759
2006-06-23,-0.0016857165227879647
2006-06-26,0.010617155437027351
2006-06-27,-0.0014518834269268348
2006-06-28,-0.002082133221956932
2006-06-29,0.02232647254978569
2006-06-30,0.02256506447045408
2006-07-03,0.02223275145388616
2006-07-05,0.025182746678954513
2006-07-06,0.021334684752250505
2006-07-07,-0.005198872169610148
2006-07-10,-0.0033839700797346044
2006-07-11,-0.0030560735112292047
2006-07-12,-0.008059544739485294
2006-07-13,-0.027364445101241246
2006-07-14,-0.024708581695658413
2006-07-17,-0.02806047720304561
2006-07-18,-0.02737089388527005
2006-07-19,-0.0028599297474121714
2006-07-20,0.006670790556383011
2006-07-21,0.0034750394765953505
2006-07-24,0.023002573461693224
2006-07-25,0.021466614539264923
2006-07-26,0.009029017878848317
2006-07-27,0.014948286678129615
2006-07-28,0.0319957008940874
2006-07-31,0.012910650999648124
2006-08-01,0.004411908789420675
2006-08-02,0.009807314316339783
2006-08-03,0.013405473867254146
2006-08-04,0.0017176528530177242
2006-08-07,0.00039111780651366105
2006-08-08,0.0014923705565843823
2006-08-09,-0.00862542510469766
2006-08-10,-0.008210173901674361
2006-08-11,-0.00932571525366151
2006-08-14,-0.006195733844547703
2006-08-15,0.009529497862009349
2006-08-16,0.021194402064959355
2006-08-17,0.020668832874761643
2006-08-18,0.028562067892355002
2006-08-21,0.02348072032910817
2006-08-22,0.011516755763985864
2006-08-23,0.00046244404999216916
2006-08-24,-0.0029264457679427295
2006-08-25,-0.006756106607864023
2006-08-28,0.0023025441903908447
2006-08-29,0.003529190867468489
2006-08-30,0.006911793059901425
2006-08-31,0.007607001684833011
2006-09-01,0.012326574706588645
2006-09-05,0.009462213431235
2006-09-06,-0.0005361637700011049
2006-09-07,-0.005756490791620247
2006-09-08,-0.0027597295054542234
2006-09-11,-0.0077151261655695295
2006-09-12,0.00015197656568964084
2006-09-13,0.013017097961586798
2006-09-14,0.01770105825031089
2006-09-15,0.01720142644188426
2006-09-18,0.017566880699621135
2006-09-19,0.005299119214220643
2006-09-20,0.006579618047164676
2006-09-21,0.0016619109136267317
2006-09-22,-0.0037201378988536878
2006-09-25,0.0025694698257966437
2006-09-26,0.01333913982533068
2006-09-27,0.00923974161863535
2006-09-28,0.013707369051238337
2006-09-29,0.015921769875068575
2006-10-02,0.004518876095432247
2006-10-03,-0.0016485768304744177
2006-10-04,0.008783875951852843
2006-10-05,0.011083893098104798
2006-10-06,0.010648063155272272
2006-10-09,0.014990722277641992
2006-10-10,0.014220852256671343
2006-10-11,0.0014074192764507618
2006-10-12,0.008104061464331595
2006-10-13,0.011928107351224843
2006-10-16,0.012870971053973885
2006-10-17,0.008392309914794609
2006-10-18,0.01089434412684732
2006-10-19,0.0038812681531986324
2006-10-20,0.0015351926352667382
2006-10-23,0.004593636462560982
2006-10-24,0.010718707918975837
2006-10-25,0.012802884974528854
2006-10-26,0.014296854990127224
2006-10-27,0.0077894210301270115
2006-10-30,0.002470524970551785
2006-10-31,-0.0006529949168879225
2006-11-01,-0.010828155357884513
2006-11-02,-0.014516014840919945
2006-11-03,-0.009983825022093131
2006-11-06,0.0019571059584996935
2006-11-07,0.005933496476201215
2006-11-08,0.01486809771130046
2006-11-09,0.010183142059181107
2006-11-10,0.012373899790466998
2006-11-13,0.003614456048434313
2006-11-14,0.007260031356659459
2006-11-15,0.007958890670728155
2006-11-16,0.015796118418159713
2006-11-17,0.015646570787295696
2006-11-20,0.013759935469534369
2006-11-21,0.007279046838493037
2006-11-22,0.006406934181166682
2006-11-24,-0.00021389760809329507
2006-11-27,-0.01434564948253749
2006-11-28,-0.010589865490064044
2006-11-29,-0.0012097216375687283
2006-11-30,-0.0027710687241785012
2006-12-01,-0.0009263522590769985
2006-12-04,0.020522071587268067
2006-12-05,0.020504875432568792
2006-12-06,0.009282650256383043
2006-12-07,0.004472819138351976
2006-12-08,0.008521162381200284
2006-12-11,0.00381472281886837
2006-12-12,-0.0012692282035223256
2006-12-13,0.0006343928374159029
2006-12-14,0.013789367950649447
2006-12-15,0.01204050238961178
2006-12-18,0.00640200917950485
2006-12-19,0.009077595110275463
2006-12-20,0.007457941788276401
2006-12-21,-0.004979979821143855
2006-12-22,-0.011233477213300678
2006-12-26,-0.002609852808581541
2006-12-27,0.002037779793463381
2006-12-28,0.0004922553306522259
2006-12-29,0.0
2007-01-03,0.004395747099525262
2007-01-04,0.0006354562428021568
2007-01-05,-0.013920328456728177
2007-01-08,-0.007197980049610149
2007-01-09,-0.003890965031706169
2007-01-10,0.0012017490843311744
2007-01-11,0.003452869591578884
2007-01-12,0.01902912107943174
2007-01-16,0.012458037339145626
2007-01-17,0.01372833709158886
2007-01-18,0.007040256075028791
2007-01-19,0.0046316553431215305
2007-01-22,-0.006021924753587016
2007-01-23,-0.001120006044954453
2007-01-24,0.00648143546472579
2007-01-25,-0.001965757523910879
2007-01-26,-0.004842928852391102
2007-01-29,-0.002320188164611005
2007-01-30,-7.002775776682295e-05
2007-01-31,-0.0013904346073011177
2007-02-01,0.016383756418326276
2007-02-02,0.018680438235676066
2007-02-05,0.019519388073067707
2007-02-06,0.014600155606030415
2007-02-07,0.010105350039825042
2007-02-08,0.0028307149693167248
2007-02-09,-0.006026361757449715
2007-02-12,-0.009712182756754784
2007-02-13,-0.0015890617475869235
2007-02-14,0.002750662619906702
2007-02-15,0.005364546748642529
2007-02-16,0.012359022913547124
2007-02-20,0.017894072017769453
2007-02-21,0.00908393560084384
2007-02-22,0.001784079568187692
2007-02-23,-0.0034350403133171802
2007-02-26,-0.0038496766382690065
2007-02-27,-0.045815929664952466
2007-02-28,-0.03520684346209208
2007-03-01,-0.0374367579654991
2007-03-02,-0.04670388890147372
2007-03-05,-0.05537289759562112
2007-03-06,0.0014325315029270174
2007-03-07,-0.009768474614871547
2007-03-08,0.0016351053218330255
2007-03-09,0.015101493059796632
2007-03-12,0.026156391899649824
2007-03-13,-0.01043345597140687
2007-03-14,-0.002008711697618835
2007-03-15,-0.009064495496654562
2007-03-16,-0.012152752316920905
2007-03-19,-0.0016604186914980373
2007-03-20,0.023441939353494767
2007-03-21,0.03234363324154265
2007-03-22,0.030211371225554822
2007-03-23,0.034481430207768456
2007-03-26,0.02117225498589043
2007-03-27,0.013317747638130869
2007-03-28,-0.01031227168148571
2007-03-29,-0.008486019931225332
2007-03-30,-0.009741614031166
2007-04-02,-0.007289007262137135
2007-04-03,0.005793034154946682
2007-04-04,0.01421250017168119
2007-04-05,0.015862081443964275
2007-04-09,0.017037129338853256
2007-04-10,0.017087064098871927
2007-04-11,0.0022943191655096094
2007-04-12,0.0056149095986702206
2007-04-13,0.00746003604256698
2007-04-16,0.015525646174025952
2007-04-17,0.017003821732709114
2007-04-18,0.02231521448738146
2007-04-19,0.017609609434996492
2007-04-20,0.022453862608332594
2007-04-23,0.009227793758141268
2007-04-24,0.006978543259224375
2007-04-25,0.014895516037740912
2007-04-26,0.0163035548339356
2007-04-27,0.006104550638116197
2007-04-30,0.0015524630754641135
2007-05-01,0.0037057122060529437
2007-05-02,0.0004008697695233718
2007-05-03,0.004666699316705343
2007-05-04,0.009252807506180271
2007-05-07,0.017778540620565903
2007-05-08,0.013894575596241564
2007-05-09,0.010775013598246399
2007-05-10,-0.0051343664053784075
2007-05-11,-0.00039749088535340546
2007-05-14,-0.0027862134770238736
2007-05-15,-0.0011951563283295245
2007-05-16,0.002906812187952406
2007-05-17,0.011432885093740124
2007-05-18,0.01159892813076647
2007-05-21,0.013264041003574674
2007-05-22,0.012211566112523949
2007-05-23,0.0055257300773581975
2007-05-24,-0.001587200645198744
2007-05-25,-0.006112326545843361
2007-05-29,-0.0019684618725901715
2007-05-30,0.006930951775344475
2007-05-31,0.0057560270617367576
2007-06-01,0.01979465077483814
2007-06-04,0.015762912208375623
2007-06-05,0.008177683997820324
2007-06-06,-0.01074323704850758
2007-06-07,-0.027910352604463406
2007-06-08,-0.01992717479106364
2007-06-11,-0.018337359624683455
2007-06-12,-0.025336362380838355
2007-06-13,0.00032928229817136295
2007-06-14,0.024905392509756187
2007-06-15,0.01765105773197872
2007-06-18,0.014754908530725232
2007-06-19,0.02820249077077843
2007-06-20,-0.0006493909493780433
2007-06-21,-0.0014729257439915855
2007-06-22,-0.01659967191089452
2007-06-25,-0.020217302310792235
2007-06-26,-0.0330311480540818
2007-06-27,-0.004907813880721663
2007-06-28,-0.010583422940152127
2007-06-29,-0.0007978332861376369
2007-07-02,0.012996248767321826
2007-07-03,0.026945235432449144
2007-07-05,0.011764903260950093
2007-07-06,0.017141630539728846
2007-07-09,0.017593899632693897
2007-07-10,-0.005747863857564374
2007-07-11,-0.0023005599350884266
2007-07-12,0.014418240704850661
2007-07-13,0.012150134345364823
2007-07-16,0.01123631268444013
2007-07-17,0.025061238033475278
2007-07-18,0.01618544916166765
2007-07-19,0.004394987913683843
2007-07-20,-0.008756422951652857
2007-07-23,-0.005569853161057467
2007-07-24,-0.022546796567266224
2007-07-25,-0.018688460688547317
2007-07-26,-0.04652902936207701
2007-07-27,-0.05620857469475262
2007-07-30,-0.04374331102480135
2007-07-31,-0.03757722368961465
2007-08-01,-0.034764030636022264
2007-08-02,-0.002841806816361077
2007-08-03,-0.00906846813831001
2007-08-06,-0.007970489912744232
2007-08-07,0.013970052331521718
2007-08-08,0.022953848173844476
2007-08-09,-0.015086025618650672
2007-08-10,0.006307857085040835
2007-08-13,-0.006725217149394592
2007-08-14,-0.03274282743316275
2007-08-15,-0.060457619319160834
2007-08-16,-0.022888265872342165
2007-08-17,0.0
2007-08-20,-0.00407088451226424
2007-08-21,0.013337113444528719
2007-08-22,0.039005180710735325
2007-08-23,0.030630540166842236
2007-08-24,0.024707927242727214
2007-08-27,0.015844353379646726
2007-08-28,-0.008384008379102819
2007-08-29,-0.000750054794903268
2007-08-30,-0.0025288642111714853
2007-08-31,-0.005001386892395455
2007-09-04,0.014390965718378761
2007-09-05,0.027925035656726913
2007-09-06,0.010791354912502897
2007-09-07,-0.0005473657431578737
2007-09-10,-0.012270680243368434
2007-09-11,-0.010722799706863583
2007-09-12,0.0005409971539253075
2007-09-13,0.00525166386045499
2007-09-14,0.019188827959203753
2007-09-17,0.01572005754887296
2007-09-18,0.0331420361916145
2007-09-19,0.036454522454144656
2007-09-20,0.0223792205181316
2007-09-21,0.025141483384967446
2007-09-24,0.028684388617285995
2007-09-25,-0.0023103819996309672
2007-09-26,-0.0029254884395980476
2007-09-27,0.010037369422624636
2007-09-28,0.004005472562651101
2007-10-01,0.017060000790393513
2007-10-02,0.01767773046623001
2007-10-03,0.010393303253342942
2007-10-04,0.006056761450919343
2007-10-05,0.02120519662900514
2007-10-08,0.004654904322179148
2007-10-09,0.015390679153420713
2007-10-10,0.01574225547242056
2007-10-11,0.009370821246073678
2007-10-12,0.0030752486593510747
2007-10-15,-6.429830869947806e-05
2007-10-16,-0.017404958684579374
2007-10-17,-0.012690150973551313
2007-10-18,-0.011515365256198772
2007-10-19,-0.04353665205183875
2007-10-22,-0.029260514469333695
2007-10-23,-0.013222130264944917
2007-10-24,-0.018121488089406498
2007-10-25,-0.012110535344972674
2007-10-26,0.02604948801124655
2007-10-29,0.023567475829537513
2007-10-30,0.008529603280401487
2007-10-31,0.020710896610981886
2007-11-01,-0.005349101640067388
2007-11-02,-0.015878695797304627
2007-11-05,-0.026828116767104906
2007-11-06,-0.00648924746069735
2007-11-07,-0.044560291183019476
2007-11-08,-0.025957719001881076
2007-11-09,-0.0409048486433293
2007-11-12,-0.0432404748247306
2007-11-13,-0.026588309961507645
2007-11-14,-0.0016244141216627292
2007-11-15,-0.011069709472016749
2007-11-16,0.004468768949332379
2007-11-19,0.0004169022341711947
2007-11-20,-0.023504807646602656
2007-11-21,-0.04140876050895634
2007-11-23,-0.009734878741639672
2007-11-26,-0.03376215779775793
2007-11-27,-0.008311731719750201
2007-11-28,0.017068551348213036
2007-11-29,0.03808529730954122
2007-11-30,0.030945972011197243
2007-12-03,0.04664195736381317
2007-12-04,0.02623635117097645
2007-12-05,0.01135370106964703
2007-12-06,0.025226068219052867
2007-12-07,0.015021734463255998
2007-12-10,0.029359392259612253
2007-12-11,0.010534542082982611
2007-12-12,0.0037559808518522965
2007-12-13,-0.0125335639588274
2007-12-14,-0.02509531720978154
2007-12-17,-0.047190120183395794
2007-12-18,-0.01381954665731841
2007-12-19,-0.02364166603625477
2007-12-20,-0.015277639699752339
2007-12-21,0.011794947017835369
2007-12-24,0.03356550391441711
2007-12-26,0.03013938889349235
2007-12-27,0.01748873478881101
2007-12-28,0.008693819263476475
2007-12-31,-0.013046101859234327
2008-01-02,-0.029237732901897042
2008-01-03,-0.03186283101575604
2008-01-04,-0.04402385557000451
2008-01-07,-0.04236511155396383
2008-01-08,-0.05121721038702389
2008-01-09,-0.03196939114901667
2008-01-10,-0.02495322220361594
2008-01-11,-0.008242671073995338
2008-01-14,0.0006374660250074209
2008-01-15,-0.0053418424980702615
2008-01-16,-0.02444660753666097
2008-01-17,-0.0572378229190102
2008-01-18,-0.059457221059864875
2008-01-22,-0.07768642720505911
2008-01-23,-0.031690021322841475
2008-01-24,-0.014634383180793964
2008-01-25,-0.002927096525500962
2008-01-28,0.02379481762344572
2008-01-29,0.03893539511413447
2008-01-30,0.007812736940922755
2008-01-31,0.017477327814683905
2008-02-01,0.04798848388992368
2008-02-04,0.018897449175500097
2008-02-05,-0.01318349190469578
2008-02-06,-0.01388264832577958
2008-02-07,-0.025360237603865594
2008-02-08,-0.04776244999568095
2008-02-11,-0.029976258201168796
2008-02-12,0.0063911770535057325
2008-02-13,0.024646911471298997
2008-02-14,0.009215539765451716
2008-02-15,0.015435413896975734
2008-02-19,0.013146915027655607
2008-02-20,0.006865654818167998
2008-02-21,-0.011653828730490264
2008-02-22,0.0033237078468149753
2008-02-25,0.016075829537630232
2008-02-26,0.020739938801795
2008-02-27,0.016780618028619375
2008-02-28,0.01531348185684331
2008-02-29,-0.013361392614175082
2008-03-03,-0.02828545577663393
2008-03-04,-0.039585252429548086
2008-03-05,-0.032276602790538
2008-03-06,-0.04337640888082195
2008-03-07,-0.031194343863273154
2008-03-10,-0.04207135397072275
2008-03-11,-0.0029363112655739288
2008-03-12,-0.018628465846756356
2008-03-13,0.004491919902416311
2008-03-14,-0.0007712519209377216
2008-03-17,0.0023411034649497148
2008-03-18,0.007737425879438617
2008-03-19,-0.007948721652107003
2008-03-20,0.00819936377112561
2008-03-24,0.04360752951270383
2008-03-25,0.05473034291367095
2008-03-26,0.0017152299766594787
2008-03-27,0.02363899675587484
2008-03-28,-0.004325078761504535
2008-03-31,-0.020624000630607858
2008-04-01,0.01296696877196937
2008-04-02,0.0259373654246636
2008-04-03,0.03157946917054165
2008-04-04,0.04009484198309126
2008-04-07,0.03711397589238258
2008-04-08,0.0015363372129337182
2008-04-09,-0.006384659797520534
2008-04-10,-0.007471219284626618
2008-04-11,-0.02597526772274337
2008-04-14,-0.029866359009021248
2008-04-15,-0.02651456021286967
2008-04-16,0.00748108440225659
2008-04-17,0.007543828926380997
2008-04-18,0.03752357214078435
2008-04-21,0.04140871688811534
2008-04-22,0.034667447363862125
2008-04-23,0.006337301494360244
2008-04-24,0.009224259938229094
2008-04-25,0.008055169429870985
2008-04-28,0.007764724562596885
2008-04-29,0.008229906573742467
2008-04-30,0.003913257342745208
2008-05-01,0.020040439481084308
2008-05-02,0.0135895627183418
2008-05-05,0.008557386492554409
2008-05-06,0.021129968245494676
2008-05-07,0.009072198574289397
2008-05-08,-0.013985841959907047
2008-05-09,-0.01861642515792483
2008-05-12,-0.002630718056183959
2008-05-13,-0.011113694349535361
2008-05-14,0.008919343318405852
2008-05-15,0.023928003102545267
2008-05-16,0.026710263770539058
2008-05-19,0.01827147665947822
2008-05-20,0.009986775293966759
2008-05-21,-0.009134550364188285
2008-05-22,-0.021416147804946523
2008-05-23,-0.0358226818332087
2008-05-27,-0.03116924125522659
2008-05-28,-0.01842231028557236
2008-05-29,0.0036496540805974263
2008-05-30,0.006002880080727181
2008-06-02,0.009112418062669617
2008-06-03,-0.004119566193182401
2008-06-04,-0.0092311621081578
2008-06-05,0.005555582045008256
2008-06-06,-0.029354307485246443
2008-06-09,-0.016550791615423367
2008-06-10,-0.01569170808188144
2008-06-11,-0.030006768674401108
2008-06-12,-0.04600576316704065
2008-06-13,-0.0010275302663991313
2008-06-16,-0.002858830030174293
2008-06-17,-0.0027253999207384255
2008-06-18,0.002311834549093378
2008-06-19,-0.0002226905551556684
2008-06-20,-0.029153075584942054
2008-06-23,-0.03072886765900568
2008-06-24,-0.027852304789929602
2008-06-25,-0.013352747516444285
2008-06-26,-0.04215515122807664
2008-06-27,-0.03126330235311704
2008-06-30,-0.02675256756142548
2008-07-01,-0.02165189028960085
2008-07-02,-0.04365202730551516
2008-07-03,-0.015086402835760798
2008-07-07,-0.019877753856863883
2008-07-08,-0.0057987943468812975
2008-07-09,-0.028362555752374882
2008-07-10,-0.006998901294664176
2008-07-11,-0.019748247503906875
2008-07-14,-0.01856874666774377
2008-07-15,-0.050366853554996635
2008-07-16,-0.0066735029222830386
2008-07-17,-0.0007985436947531576
2008-07-18,0.017132293464712473
2008-07-21,0.026773809674583975
2008-07-22,0.05225144129599514
2008-07-23,0.03339911663406455
2008-07-24,0.002473539123256039
2008-07-25,-0.003976554837882112
2008-07-28,-0.019304833175882025
2008-07-29,-0.009458071119138071
2008-07-30,0.0028045009377990846
2008-07-31,0.010462161342799547
2008-08-01,0.005404584403869842
2008-08-04,0.010859272145729293
2008-08-05,0.01633736597987015
2008-08-06,0.003107416598191872
2008-08-07,0.00141813192855104
2008-08-08,0.025125395869929082
2008-08-11,0.04474765458350516
2008-08-12,0.007683087764918602
2008-08-13,-0.002795705260113958
2008-08-14,0.019723766176136928
2008-08-15,0.006164878556859177
2008-08-18,-0.017908503564504543
2008-08-19,-0.01841391525271386
2008-08-20,-0.007730456811793084
2008-08-21,-0.013523162916883878
2008-08-22,-0.00400282893207511
2008-08-25,-0.010728389873458356
2008-08-26,0.0031452906490782692
2008-08-27,0.008196690381043283
2008-08-28,0.018528394893964954
2008-08-29,-0.0066550370096548385
2008-09-02,0.00760763533005287
2008-09-03,0.0038390470571300623
2008-09-04,-0.03641679628121886
2008-09-05,-0.04533209312270412
2008-09-08,-0.014075317025974957
2008-09-09,-0.03798049420332704
2008-09-10,-0.03307146998003782
2008-09-11,0.01186235246353507
2008-09-12,0.013333186845321334
2008-09-15,-0.055866690997393005
2008-09-16,-0.009131047764851404
2008-09-17,-0.05918597372009876
2008-09-18,-0.04431099040947845
2008-09-19,-0.009975666507158329
2008-09-22,0.015879573434334493
2008-09-23,-0.023734009946489994
2008-09-24,0.02547215442385431
2008-09-25,0.011750310493019937
2008-09-26,-0.02669895164972074
2008-09-29,-0.0854020273730425
2008-09-30,-0.021830539570604258
2008-10-01,-0.024428116562143366
2008-10-02,-0.07689469118541777
2008-10-03,-0.09098344424079412
2008-10-06,-0.06165732472706918
2008-10-07,-0.14803435162978654
2008-10-08,-0.17415206630976587
2008-10-09,-0.20960176090181923
2008-10-10,-0.2205641186142938
2008-10-13,-0.03271009518455939
2008-10-14,-0.00180039685134765
2008-10-15,-0.07992356584115594
2008-10-16,0.03328837444300575
2008-10-17,0.05185286538719544
2008-10-20,-0.025380882683455567
2008-10-21,-0.0407808588615728
2008-10-22,0.006863754990554101
2008-10-23,-0.02243237908684239
2008-10-24,-0.06848737953156143
2008-10-27,-0.16297761200635788
2008-10-28,-0.022150339627468794
2008-10-29,0.026564335546879137
2008-10-30,0.04905550963189588
2008-10-31,0.10658969337744711
2008-11-03,0.14562315454823987
2008-11-04,0.06852319500885454
2008-11-05,0.032865219131021126
2008-11-06,-0.058149104386646354
2008-11-07,-0.03115294663240658
2008-11-10,-0.047231402474393204
2008-11-11,-0.1120105105392132
2008-11-12,-0.11407317744748316
2008-11-13,0.0034062700871315492
2008-11-14,-0.08027387387357925
2008-11-17,-0.08044757156208171
2008-11-18,-0.030423638777494905
2008-11-19,-0.05164906112100573
2008-11-20,-0.1892558790199911
2008-11-21,-0.08552236532506252
2008-11-24,-0.0051614308034850336
2008-11-25,-0.016440968422589883
2008-11-26,0.08769683763687859
2008-11-28,0.1773396207136151
2008-12-01,0.03205174509745892
2008-12-02,0.0028183307548737906
2008-12-03,0.019193825416170887
2008-12-04,-0.04212498394289048
2008-12-05,-0.024268295934679347
2008-12-08,0.10279940275305365
2008-12-09,0.04841567087576052
2008-12-10,0.03145080476219733
2008-12-11,0.030480098410297737
2008-12-12,0.011982497658878958
2008-12-15,-0.03636742158051286
2008-12-16,0.026245822842747894
2008-12-17,0.00971917146767383
2008-12-18,0.015234821506459053
2008-12-19,-0.0009449913387321712
2008-12-22,0.00019061333358124164
2008-12-23,-0.05619274371769696
2008-12-24,-0.040673016949290874
2008-12-26,-0.016059187316456253
2008-12-29,-0.01462052561521801
2008-12-30,0.021701857598469015
2008-12-31,0.04626659066365554
2009-01-02,0.07017755287883691
2009-01-05,0.06324015113905383
2009-01-06,0.0727673895814348
2009-01-07,0.01892705933891275
2009-01-08,0.008826534133356054
2009-01-09,-0.042522321306485714
2009-01-12,-0.06565259982159129
2009-01-13,-0.07046874031260635
2009-01-14,-0.07201468421327813
2009-01-15,-0.07573159788642238
2009-01-16,-0.04629072085000168
2009-01-20,-0.07620671033654083
2009-01-21,-0.03575971477323208
2009-01-22,-0.019387947418032403
2009-01-23,-0.015402789777840738
2009-01-26,-0.01635691627286262
2009-01-27,0.04798006614724306
2009-01-28,0.0389683877813781
2009-01-29,0.021519142577637547
2009-01-30,-0.0033745691101383034
2009-02-02,-0.013232338879677973
2009-02-03,-0.009389816032024994
2009-02-04,-0.047571775511551846
2009-02-05,0.00023657416295454488
2009-02-06,0.04888818695210671
2009-02-09,0.053289386143634154
2009-02-10,-0.007551540148083493
2009-02-11,0.0032346854277009495
2009-02-12,-0.01081866445978116
2009-02-13,-0.04973356429506988
2009-02-17,-0.09482817553383381
2009-02-18,-0.05033785835610942
2009-02-19,-0.06702979331422293
2009-02-20,-0.07751567209646265
2009-02-23,-0.1031341616287015
2009-02-24,-0.02220879864222303
2009-02-25,-0.02771141978382053
2009-02-26,-0.03329270224367329
2009-02-27,-0.04612637539617435
2009-03-02,-0.055780541857041045
2009-03-03,-0.1005246065189409
2009-03-04,-0.06920640906740774
2009-03-05,-0.09451720449991352
2009-03-06,-0.07017240417843075
2009-03-09,-0.035906168380534106
2009-03-10,0.02952946764792441
2009-03-11,0.01260677707206903
2009-03-12,0.09292910241993065
2009-03-13,0.0989697631739478
2009-03-16,0.10776552198161475
2009-03-17,0.07998900317439836
2009-03-18,0.09563547642169258
2009-03-19,0.04455530322794949
2009-03-20,0.015247587846385262
2009-03-23,0.08764091497562866
2009-03-24,0.03761718304606468
2009-03-25,0.02597007637800267
2009-03-26,0.058608929000870655
2009-03-27,0.06191979292009281
2009-03-30,-0.042612631256474784
2009-03-31,-0.013490469454122613
2009-04-01,-0.004800159084933577
2009-04-02,0.003842824607311661
2009-04-03,0.03195595165902781
2009-04-06,0.05925731005396364
2009-04-07,0.026433523825461384
2009-04-08,0.017972363527463613
2009-04-09,0.02812770844749346
2009-04-13,0.018460859718564395
2009-04-14,0.008931615780342203
2009-04-15,0.04314659921518152
2009-04-16,0.04698228336837644
2009-04-17,0.014691405497861252
2009-04-20,-0.02836072183456645
2009-04-21,0.008381797990316069
2009-04-22,-0.008363463388042034
2009-04-23,-0.013148820477232868
2009-04-24,-0.004834204719305152
2009-04-27,0.028476936656407242
2009-04-28,0.005978274715479811
2009-04-29,0.03315586318888237
2009-04-30,0.023728985407902976
2009-05-01,0.014093219863353015
2009-05-04,0.057055112443067386
2009-05-05,0.05678833811616625
2009-05-06,0.05292877897716308
2009-05-07,0.038595267716157386
2009-05-08,0.056298516831010836
2009-05-11,0.003953232570946408
2009-05-12,0.004406931608054419
2009-05-13,-0.03827532720955734
2009-05-14,-0.01575155094545827
2009-05-15,-0.04701199042102926
2009-05-18,-0.0001093363167454916
2009-05-19,0.0016471078510623565
2009-05-20,0.02042614142128219
2009-05-21,-0.002575002160650985
2009-05-22,0.003489148147999374
2009-05-26,0.0007672589653951327
2009-05-27,-0.016041078287856673
2009-05-28,0.004519454623062104
2009-05-29,0.036540258214438646
2009-06-01,0.06259123312154291
2009-06-02,0.038145616855819874
2009-06-03,0.0434282603623799
2009-06-04,0.038937371556332874
2009-06-05,0.02159568350555721
2009-06-08,-0.006457169027575638
2009-06-09,-0.0022162491632425566
2009-06-10,0.007976330126136173
2009-06-11,0.0030630958173500527
2009-06-12,0.005589586090504791
2009-06-15,-0.013471983509369621
2009-06-16,-0.03221242089572348
2009-06-17,-0.030655508736903297
2009-06-18,-0.027803439703008075
2009-06-19,-0.026862351370644945
2009-06-22,-0.03411329388658993
2009-06-23,-0.01967426350586077
2009-06-24,-0.010110113287600943
2009-06-25,0.004113835814481081
2009-06-26,-0.0021754716572901364
2009-06-29,0.03759090628398541
2009-06-30,0.02868395843741824
2009-07-01,0.02422708437362013
2009-07-02,-0.024961523533557056
2009-07-06,-0.022462736398794942
2009-07-07,-0.05134974250740979
2009-07-08,-0.043908025441662744
2009-07-09,-0.04610261167492282
2009-07-10,-0.020814158671360307
2009-07-13,0.0033350586892129013
2009-07-14,0.028545526610903208
2009-07-15,0.058054834301580344
2009-07-16,0.05451437920110823
2009-07-17,0.06779474463452505
2009-07-20,0.0543240509698638
2009-07-21,0.05329454515610429
2009-07-22,0.024258059024319413
2009-07-23,0.04771066773745786
2009-07-24,0.040902481523524145
2009-07-27,0.03328819150697971
2009-07-28,0.023985501957082288
2009-07-29,0.021739567024058663
2009-07-30,0.010289138869911408
2009-07-31,0.007619607491880966
2009-08-03,0.02102828631975943
2009-08-04,0.02830145731604283
2009-08-05,0.02787243657508587
2009-08-06,0.01228870987769245
2009-08-07,0.02390001148686267
2009-08-10,0.005460651957437227
2009-08-11,-0.00967964955925794
2009-08-12,0.0038768913390663158
2009-08-13,0.01667855382322672
2009-08-14,-0.004059677086431995
2009-08-17,-0.02689559015203191
2009-08-18,-0.0064372159163186655
2009-08-19,-0.008368413683812312
2009-08-20,-0.005726958037949518
2009-08-21,0.021398066857916332
2009-08-24,0.04621504679680902
2009-08-25,0.040252333445070135
2009-08-26,0.0316077066999148
2009-08-27,0.023583668117566146
2009-08-28,0.003974399391044161
2009-08-31,-0.004867892815491922
2009-09-01,-0.029113192458156023
2009-09-02,-0.033009379418668966
2009-09-03,-0.026955354364142484
2009-09-04,-0.01285098210985566
2009-09-08,0.004673391246159545
2009-09-09,0.03462330471967113
2009-09-10,0.048589641861321815
2009-09-11,0.040118177566009605
2009-09-14,0.03106280560100896
2009-09-15,0.02664828715148456
2009-09-16,0.034023769163099946
2009-09-17,0.022364836404770067
2009-09-18,0.023192717451658067
2009-09-21,0.015803555915073677
2009-09-22,0.01743990592108347
2009-09-23,-0.0059273892163551455
2009-09-24,-0.015515234562683736
2009-09-25,-0.02150000100148228
2009-09-28,-0.0012219761192849225
2009-09-29,-0.01004349630555162
2009-09-30,-0.005572264585310438
2009-10-01,-0.01961836244069687
2009-10-02,-0.01894359176748133
2009-10-05,-0.021870097584377555
2009-10-06,-0.0046333928730623196
2009-10-07,0.0019869750405146326
2009-10-08,0.03473980578589268
2009-10-09,0.04549042510976796
2009-10-12,0.03458075302263329
2009-10-13,0.018312746464752106
2009-10-14,0.03263752579831725
2009-10-15,0.02866336408082916
2009-10-16,0.015082941459564514
2009-10-19,0.01940562506267223
2009-10-20,0.016153680847193302
2009-10-21,-0.009929390004527602
2009-10-22,-0.0034695420531560533
2009-10-23,-0.007466460951874978
2009-10-26,-0.02658178635567864
2009-10-27,-0.025878832031316027
2009-10-28,-0.03593297721904167
2009-10-29,-0.0248182940632517
2009-10-30,-0.042720829551240645
2009-11-02,-0.024524767337077973
2009-11-03,-0.016772297690809013
2009-11-04,0.004872152733882237
2009-11-05,0.0018732247732541078
2009-11-06,0.033891989060115035
2009-11-09,0.049100734089061515
2009-11-10,0.04612513505895529
2009-11-11,0.04864495446782779
2009-11-12,0.020197111884504283
2009-11-13,0.022976403901775883
2009-11-16,0.014856245176276853
2009-11-17,0.01584264691411603
2009-11-18,0.010116906838156671
2009-11-19,0.007219539065102715
2009-11-20,-0.0017344103315353058
2009-11-23,-0.003512855681979987
2009-11-24,-0.0031488278695182953
2009-11-25,0.000987998100689233
2009-11-27,-0.002278901706615501
2009-11-30,0.004649633148596642
2009-12-01,0.004322162001953346
2009-12-02,0.0023404575454859704
2009-12-03,-0.00901889257905104
2009-12-04,0.013056341217882697
2009-12-07,0.008152809329836704
2009-12-08,-0.0153007276908744
2009-12-09,-0.011118134028749123
2009-12-10,0.0023530058885478304
2009-12-11,0.0009004492008105665
2009-12-14,0.009249799787161006
2009-12-15,0.015749926475332538
2009-12-16,0.013541654953080311
2009-12-17,-0.0041662701504562956
2009-12-18,-0.0027636424768295686
2009-12-21,0.0005304437253969079
2009-12-22,0.00877614310506545
2009-12-23,0.009217337378651564
2009-12-24,0.026029085260003915
2009-12-28,0.022519394496397477
2009-12-29,0.01098785033288227
2009-12-30,0.007045609343283262
2009-12-31,-0.0045657948744980215
2010-01-04,0.00752860795608224
2010-01-05,0.008040600363291869
2010-01-06,0.010165016273410078
2010-01-07,0.014732545478429327
2010-01-08,0.027699624575488257
2010-01-11,0.012277185081636428
2010-01-12,0.00026405691616242704
2010-01-13,0.007971231317890886
2010-01-14,0.006459802199248489
2010-01-15,-0.00814995061272704
2010-01-19,0.0028725843796846106
2010-01-20,0.002021317451419932
2010-01-21,-0.02580564482880439
2010-01-22,-0.05105122865834725
2010-01-25,-0.03464881043806617
2010-01-26,-0.051265710527916404
2010-01-27,-0.03629927819373342
2010-01-28,-0.028421624217416005
2010-01-29,-0.01680491706254621
2010-02-01,-0.0064887349914961034
2010-02-02,0.00974066918779767
2010-02-03,0.0
2010-02-04,-0.019814053396569654
2010-02-05,-0.006821328802531093
2010-02-08,-0.029497626067567083
2010-02-09,-0.029045826218101454
2010-02-10,-0.026011110849743675
2010-02-11,0.015752890860351296
2010-02-12,0.012855373445362547
2010-02-16,0.03571313101043806
2010-02-17,0.02795822595881246
2010-02-18,0.035796447148561505
2010-02-19,0.027456472569400207
2010-02-22,0.028469199704961094
2010-02-23,0.0006375754515364029
2010-02-24,0.005066144958996706
2010-02-25,-0.002166341139360374
2010-02-26,-0.003605597433645513
2010-03-01,0.006545813779532037
2010-03-02,0.021531795959672403
2010-03-03,0.01326672076250983
2010-03-04,0.01764412605407954
2010-03-05,0.031204315017542422
2010-03-08,0.021047385037370157
2010-03-09,0.01994238981462604
2010-03-10,0.02349730690113512
2010-03-11,0.024640767333351736
2010-03-12,0.010534729424844362
2010-03-15,0.010620049554567409
2010-03-16,0.01689282911801901
2010-03-17,0.018356953005439137
2010-03-18,0.013677826757198948
2010-03-19,0.008517035482698034
2010-03-22,0.013589253772518238
2010-03-23,0.012663240896036852
2010-03-24,0.0018867334296195754
2010-03-25,0.0007722048118899501
2010-03-26,0.005246204023661463
2010-03-29,0.006242003434204955
2010-03-30,-8.502366158266654e-05
2010-03-31,0.0013685407437652817
2010-04-01,0.009809708266824334
2010-04-05,0.01852665634105758
2010-04-06,0.014553861674883298
2010-04-07,0.008143726796987868
2010-04-08,0.01501489885300635
2010-04-09,0.014746880819425484
2010-04-12,0.008218353532228665
2010-04-13,0.0066150580072732714
2010-04-14,0.02362865539894158
2010-04-15,0.020995554298432823
2010-04-16,-0.0015902769248562908
2010-04-19,0.0005844064538869539
2010-04-20,0.008724243164380209
2010-04-21,-0.004382478622531921
2010-04-22,-0.002228440588217623
2010-04-23,0.020317864797882935
2010-04-26,0.012771786824257956
2010-04-27,-0.0200544346857334
2010-04-28,-0.0106653002949458
2010-04-29,-0.0013229667616040303
2010-04-30,-0.024936901245809905
2010-05-03,-0.008274915317393449
2010-05-04,-0.008135617789747307
2010-05-05,-0.021677599919673874
2010-05-06,-0.06777623082922622
2010-05-07,-0.06565541041286281
2010-05-10,-0.03543576605784328
2010-05-11,-0.014484918277344968
2010-05-12,0.005378734364939979
2010-05-13,0.026647318302802703
2010-05-14,0.023363181171771726
2010-05-17,-0.01920877358129542
2010-05-18,-0.030059561982143487
2010-05-19,-0.04965906743851208
2010-05-20,-0.07564130577646684
2010-05-21,-0.04287636182907725
2010-05-24,-0.05631700382749284
2010-05-25,-0.041600985783637016
2010-05-26,-0.04193703406206956
2010-05-27,0.02950289444320661
2010-05-28,0.002379842976817601
2010-06-01,-0.0016725003621500202
2010-06-02,0.02301271914123688
2010-06-03,0.03249730673368959
2010-06-04,-0.036220384553081277
2010-06-07,-0.03612056712071118
2010-06-08,-0.008498529940481404
2010-06-09,-0.03956509625319159
2010-06-10,-0.014191053118393445
2010-06-11,0.026421468121542384
2010-06-14,0.037399757461801665
2010-06-15,0.04922775636287432
2010-06-16,0.05423091897872523
2010-06-17,0.027025373959830023
2010-06-18,0.023265313001012946
2010-06-21,0.021947884099807035
2010-06-22,-0.017189608175060166
2010-06-23,-0.01993954737857767
2010-06-24,-0.03825582305571208
2010-06-25,-0.03515834737542704
2010-06-28,-0.035446940716655835
2010-06-29,-0.05015548467111889
2010-06-30,-0.05659312324439763
2010-07-01,-0.04434993640412587
2010-07-02,-0.05399577191794795
2010-07-06,-0.04430420059014487
2010-07-07,0.018068761261230245
2010-07-08,0.03746065908161011
2010-07-09,0.04936409510003225
2010-07-12,0.055477564711443994
2010-07-13,0.06391859424446987
2010-07-14,0.032817183160815486
2010-07-15,0.023243685138715203
2010-07-16,-0.012114220644254043
2010-07-19,-0.006873669021579621
2010-07-20,-0.010819251008291116
2010-07-21,-0.023810935206843145
2010-07-22,-0.0020076995900297576
2010-07-23,0.03455495745613612
2010-07-26,0.039026855481935484
2010-07-27,0.027907345309893507
2010-07-28,0.034514713011479264
2010-07-29,0.007554411735515842
2010-07-30,-0.0012690686571086218
2010-08-02,0.010699508511753
2010-08-03,0.005988731237688461
2010-08-04,0.019124742984911146
2010-08-05,0.022945874704642752
2010-08-06,0.01904317124925674
2010-08-09,0.002037557434807228
2010-08-10,0.0014243050034841627
2010-08-11,-0.03302547798146976
2010-08-12,-0.038111643765540076
2010-08-13,-0.03697770301479751
2010-08-16,-0.04276376380476751
2010-08-17,-0.025139849586202065
2010-08-18,0.0044727365090772245
2010-08-19,-0.006928223201764198
2010-08-20,-0.007227031460069253
2010-08-23,-0.010585957802395013
2010-08-24,-0.037750891154288896
2010-08-25,-0.03569669754849502
2010-08-26,-0.024871452390840723
2010-08-27,-0.006250845925520622
2010-08-30,-0.017041397156395594
2010-08-31,-0.0020869272672797167
2010-09-01,0.023508894459947763
2010-09-02,0.03950243824166215
2010-09-03,0.03701930323026694
2010-09-07,0.04029412744095293
2010-09-08,0.04729277569338908
2010-09-09,0.022427714377974414
2010-09-10,0.018194847673988074
2010-09-13,0.01636795990480781
2010-09-14,0.027083507656823123
2010-09-15,0.02389456214033058
2010-09-16,0.019021134435681174
2010-09-17,0.014358108233431588
2010-09-20,0.01847123843795077
2010-09-21,0.017076554957735603
2010-09-22,0.00834161348059922
2010-09-23,0.000462630941028212
2010-09-24,0.020501692918567765
2010-09-27,0.0005251742774404816
2010-09-28,0.006035469971557014
2010-09-29,0.009215023902589643
2010-09-30,0.014384236284357461
2010-10-01,-0.001830761707427829
2010-10-04,-0.004560729102943624
2010-10-05,0.011876376683156801
2010-10-06,0.013536030891927927
2010-10-07,0.015303464136590002
2010-10-08,0.016699172785838125
2010-10-11,0.025175105837354973
2010-10-12,0.008324419462325065
2010-10-13,0.01615740463359871
2010-10-14,0.013456097563403494
2010-10-15,0.009904521443369573
2010-10-18,0.0138764590328765
2010-10-19,-0.0023954320038614774
2010-10-20,-0.00042404881809885803
2010-10-21,0.005688100381183746
2010-10-22,0.005507428539323339
2010-10-25,0.0035447881017552974
2010-10-26,0.01690350339559828
2010-10-27,0.004317597312460684
2010-10-28,0.0022833629658927587
2010-10-29,0.0011821238966368915
2010-11-01,-0.0014333363444868747
2010-11-02,0.006298012978457408
2010-11-03,0.013175421603176139
2010-11-04,0.03208073103275512
2010-11-05,0.035077039915622686
2010-11-08,0.03286297580052095
2010-11-09,0.017753888218940566
2010-11-10,0.017765225585083002
2010-11-11,-0.0050840168254201
2010-11-12,-0.02074863667314933
2010-11-15,-0.020287458914530508
2010-11-16,-0.028779521485222424
2010-11-17,-0.03229341690736709
2010-11-18,-0.013907390155518243
2010-11-19,0.0007487552169508948
2010-11-22,0.0013323002543464638
2010-11-23,0.0024512660140149976
2010-11-24,0.016609691020969205
2010-11-26,-0.009716758213563137
2010-11-29,-0.00943827978305502
2010-11-30,-0.014245601104324272
2010-12-01,0.021382329713919814
2010-12-02,0.019443903023743776
2010-12-03,0.033848191311382024
2010-12-06,0.029764140254169662
2010-12-07,0.03597281741658669
2010-12-08,0.018584855639605977
2010-12-09,0.009743812252188877
2010-12-10,0.012855264995817463
2010-12-13,0.014556356470592642
2010-12-14,0.014869270044203063
2010-12-15,0.006629318973040337
2010-12-16,0.008528661816769818
2010-12-17,0.003798000328307595
2010-12-20,0.005566051931295838
2010-12-21,0.011003907875566323
2010-12-22,0.018692050505312252
2010-12-23,0.011474406376795535
2010-12-27,0.010802393212098537
2010-12-28,0.009823197997411272
2010-12-29,0.004217569952575815
2010-12-30,-0.0004769942992680618
2010-12-31,0.0011936749305649975
2011-01-03,0.01108050541339937
2011-01-04,0.009097954689039817
2011-01-05,0.013567554201223195
2011-01-06,0.013195771856759046
2011-01-07,0.010992694135067064
2011-01-10,-0.0005510559702953016
2011-01-11,0.003537641593063099
2011-01-12,0.007337100248473084
2011-01-13,0.007663654167479898
2011-01-14,0.016846473140548712
2011-01-18,0.019805684847353573
2011-01-19,0.006414350136272523
2011-01-20,-0.0038960300879003606
2011-01-21,0.0
2011-01-24,-0.001547498530995577
2011-01-25,-0.0027058801290724176
2011-01-26,0.011011261640635758
2011-01-27,0.014802566684016872
2011-01-28,-0.00507644541391223
2011-01-31,-0.003259016068639147
2011-02-01,0.012081199279204174
2011-02-02,0.0063040461820060515
2011-02-03,0.006058589060420478
2011-02-04,0.026501235934394768
2011-02-07,0.025246164030067346
2011-02-08,0.01390028020630677
2011-02-09,0.013548615046317311
2011-02-10,0.011706878441972348
2011-02-11,0.014834048598324956
2011-02-14,0.011002216893973222
2011-02-15,0.0033134669780406447
2011-02-16,0.011874057232835451
2011-02-17,0.01448069090670162
2011-02-18,0.010611729253605613
2011-02-22,-0.012063587186212052
2011-02-23,-0.015074309649892524
2011-02-24,-0.022056631226558134
2011-02-25,-0.014405041267276607
2011-02-28,-0.01031111057178922
2011-03-01,-0.006850387432895309
2011-03-02,0.001449082560552812
2011-03-03,0.019213947303085222
2011-03-04,0.0010569846635921842
2011-03-07,-0.013001834396864814
2011-03-08,0.01252345057940839
2011-03-09,0.008952867228366032
2011-03-10,-0.02680407437930886
2011-03-11,-0.012380893035469628
2011-03-14,-0.010555374219274922
2011-03-15,-0.030790869598544823
2011-03-16,-0.04804266157350609
2011-03-17,-0.016215266185507612
2011-03-18,-0.01948691583978937
2011-03-21,0.0019482631491842925
2011-03-22,0.009997108448072793
2011-03-23,0.031540883657685155
2011-03-24,0.027910590030281453
2011-03-25,0.02733160163411031
2011-03-28,0.009511928999863811
2011-03-29,0.019682909334338635
2011-03-30,0.023702788230449048
2011-03-31,0.012828260152367937
2011-04-01,0.01399142609839725
2011-04-04,0.017257791926455265
2011-04-05,0.010411124790022144
2011-04-06,0.006681133145247654
2011-04-07,0.005490620243436404
2011-04-08,-0.0021803703887019912
2011-04-11,-0.006021182273477955
2011-04-12,-0.013373409635853933
2011-04-13,-0.016596619685739823
2011-04-14,-0.01328956608074321
2011-04-15,-0.006191002490986821
2011-04-18,-0.01444805198154174
2011-04-19,-0.0012175244368507429
2011-04-20,0.012397736999449313
2011-04-21,0.016733729159429493
2011-04-25,0.012044514294143719
2011-04-26,0.031884956870544524
2011-04-27,0.03266436227553961
2011-04-28,0.022363001858183428
2011-04-29,0.019615285575379907
2011-05-02,0.01912160956074416
2011-05-03,0.006949669387947776
2011-05-04,-0.00621066394292636
2011-05-05,-0.018538306090893554
2011-05-06,-0.016480425153673713
2011-05-09,-0.01107234258006645
2011-05-10,0.0010304632027451173
2011-05-11,-0.0028963455343502162
2011-05-12,0.010941894969473863
2011-05-13,-0.0011931872451330517
2011-05-16,-0.01142235747095756
2011-05-17,-0.0200717694586373
2011-05-18,-0.0005954245831997642
2011-05-19,-0.0029656454695086705
2011-05-20,-0.0032129061624522285
2011-05-23,-0.008520238995379441
2011-05-24,-0.009203459025680802
2011-05-25,-0.014770868925997192
2011-05-26,-0.012552460156605591
2011-05-27,-0.0007486449890900971
2011-05-31,0.021277692103369127
2011-06-01,-0.0006062114323610511
2011-06-02,-0.004997628007810672
2011-06-03,-0.01958904143732249
2011-06-06,-0.03405427859141771
2011-06-07,-0.045031385895943396
2011-06-08,-0.02651060128325397
2011-06-09,-0.01784581635505302
2011-06-10,-0.021859762693891602
2011-06-13,-0.010438550895181368
2011-06-14,0.0027876608682663936
2011-06-15,-0.010961399872425155
2011-06-16,-0.016362175712432765
2011-06-17,0.0006259455402425728
2011-06-20,0.004945551874466325
2011-06-21,0.005950121325945808
2011-06-22,0.01785181791918159
2011-06-23,0.012770568703981426
2011-06-24,-0.0018910455840871572
2011-06-27,0.0018773356656889212
2011-06-28,0.0012351107239627782
2011-06-29,0.015806546606734407
2011-06-30,0.028203334512634955
2011-07-01,0.05455289336439366
2011-07-05,0.04485965540214165
2011-07-06,0.033086020864448056
2011-07-07,0.034880108227979795
2011-07-08,0.01824563165048081
2011-07-11,-0.014667653878878254
2011-07-12,-0.01817449955253698
2011-07-13,-0.016027158121985637
2011-07-14,-0.03327483979266241
2011-07-15,-0.020369948251874343
2011-07-18,-0.010359040212613975
2011-07-19,0.010070473543310459
2011-07-20,0.006125357875654284
2011-07-21,0.026827242900853733
2011-07-22,0.02170817543013368
2011-07-25,0.024354395704242093
2011-07-26,0.0045103918118947345
2011-07-27,-0.01557499288055606
2011-07-28,-0.0322647039670464
2011-07-29,-0.03979140328559646
2011-08-01,-0.03846481611791313
2011-08-02,-0.06060113034258249
2011-08-03,-0.03450900636062841
2011-08-04,-0.0795691760133544
2011-08-05,-0.07420912595064803
2011-08-08,-0.1372879488371712
2011-08-09,-0.06595791395938687
2011-08-10,-0.11654518886175638
2011-08-11,-0.02466560827956346
2011-08-12,-0.016457240511191063
2011-08-15,0.07182760898263214
2011-08-16,0.017801200031441686
2011-08-17,0.06365285149004697
2011-08-18,-0.024328099293404633
2011-08-19,-0.04750421427003346
2011-08-22,-0.0676493393688138
2011-08-23,-0.026693435861274796
2011-08-24,-0.013375429428307085
2011-08-25,0.015338729357132493
2011-08-26,0.046233540525821064
2011-08-29,0.07376561547107854
2011-08-30,0.04401898255509392
2011-08-31,0.034460198107353165
2011-09-01,0.039293494344403
2011-09-02,-0.0010177700557087459
2011-09-06,-0.03667284094470238
2011-09-07,-0.01148954657064042
2011-09-08,-0.02636296825087858
2011-09-09,-0.04239432203592116
2011-09-12,-0.010063097996153361
2011-09-13,0.0063902841260463595
2011-09-14,-0.007677614702962096
2011-09-15,0.019878383692586026
2011-09-16,0.05233885731479946
2011-09-19,0.03588273170777173
2011-09-20,0.02558903471504556
2011-09-21,-0.018060866161717423
2011-09-22,-0.06802974494696576
2011-09-23,-0.06792385727876912
2011-09-26,-0.03441506647128888
2011-09-27,-0.022128923788636554
2011-09-28,-0.012857826031536485
2011-09-29,0.02787311190505894
2011-09-30,-0.0034409198282819827
2011-10-03,-0.05581310927054764
2011-10-04,-0.045248835295054385
2011-10-05,-0.006272736922453372
2011-10-06,0.0037843440446823284
2011-10-07,0.02237296768544719
2011-10-10,0.0841418943451648
2011-10-11,0.06345880153061649
2011-10-12,0.05384644690503054
2011-10-13,0.03392719294320064
2011-10-14,0.05759511386053068
2011-10-17,0.005421036577092493
2011-10-18,0.023775255215365963
2011-10-19,0.0031416154328179936
2011-10-20,0.009497634280360993
2011-10-21,0.011357423696230308
2011-10-24,0.04281936143660843
2011-10-25,0.003827218403685235
2011-10-26,0.025833739661806288
2011-10-27,0.055709792417326154
2011-10-28,0.036667397927716894
2011-10-31,7.948724760103088e-05
2011-11-01,-0.008570243268025225
2011-11-02,-0.0024968562103898874
2011-11-03,-0.018676186788872277
2011-11-04,-0.024560470164787223
2011-11-07,0.006037841833637829
2011-11-08,0.04707156730728921
2011-11-09,-0.006716561557765405
2011-11-10,-0.015404899581919125
2011-11-11,0.009359612574426137
2011-11-14,-0.0063563787065420195
2011-11-15,-0.014175622200523184
2011-11-16,0.007441956819909653
2011-11-17,-0.0179368575894233
2011-11-18,-0.0376489897669855
2011-11-21,-0.04733273579307913
2011-11-22,-0.05619809047009701
2011-11-23,-0.06252060555302666
2011-11-25,-0.04840519817160439
2011-11-28,-0.018785028465179862
2011-11-29,0.003254105719699943
2011-11-30,0.04751485948972032
2011-12-01,0.06966815374812473
2011-12-02,0.0706763900286164
2011-12-05,0.05295429638203972
2011-12-06,0.05043500877992114
2011-12-07,0.013825193779327422
2011-12-08,-0.00819559869155645
2011-12-09,0.009485558448892737
2011-12-12,-0.01605283795557588
2011-12-13,-0.02575225510746302
2011-12-14,-0.040171145206504215
2011-12-15,-0.014382775495217348
2011-12-16,-0.02970190386201672
2011-12-19,-0.02574610544690359
2011-12-20,0.013447619849920356
2011-12-21,0.026085988295362152
2011-12-22,0.031297858675719895
2011-12-23,0.038717506016948615
2011-12-27,0.05025800132068283
2011-12-28,0.007236233453763185
2011-12-29,0.015582142526795394
2011-12-30,0.0018346056832848382
2012-01-03,0.008744315197224184
2012-01-04,0.009520480939453691
2012-01-05,0.025389646440306154
2012-01-06,0.012528216536394424
2012-01-09,0.01988080548417278
2012-01-10,0.012703049926146188
2012-01-11,0.011677617735691885
2012-01-12,0.01141554323634847
2012-01-13,0.008809502115451626
2012-01-17,0.010257960106965107
2012-01-18,0.012620031895391908
2012-01-19,0.017341138554967498
2012-01-20,0.018664774168514208
2012-01-23,0.021271621457390862
2012-01-24,0.01625799981107854
2012-01-25,0.013595458334800003
2012-01-26,0.0031896696058667457
2012-01-27,-0.0009855377782206508
2012-01-30,-0.0018251091250191236
2012-01-31,-0.0010653637898447779
2012-02-01,-0.0006790572386412286
2012-02-02,0.006047973346279482
2012-02-03,0.020423977140476453
2012-02-06,0.023174606240583387
2012-02-07,0.026080701031431373
2012-02-08,0.020325279209199593
2012-02-09,0.019997515698942894
2012-02-10,-0.001338423017273325
2012-02-13,0.0067453680595326295
2012-02-14,0.002963416399770282
2012-02-15,-0.0046714695472789575
2012-02-16,0.005084698792239278
2012-02-17,0.015142095020120648
2012-02-21,0.00816685046141694
2012-02-22,0.006194080310996353
2012-02-23,0.015266520323920669
2012-02-24,0.006447369079882504
2012-02-27,0.005483080701313057
2012-02-28,0.007955660579460348
2012-02-29,0.0072514106492603415
2012-03-01,0.008018566208374977
2012-03-02,0.0027713031888346204
2012-03-05,-0.0029936332781509557
2012-03-06,-0.020638932328528967
2012-03-07,-0.00975397854243287
2012-03-08,-0.005022236202196336
2012-03-09,0.0018914807963356089
2012-03-12,0.0060513077860375125
2012-03-13,0.03864948836303167
2012-03-14,0.03062621843668056
2012-03-15,0.02649947245769835
2012-03-16,0.024023225520702074
2012-03-19,0.027862544375735664
2012-03-20,0.0070820362939501965
2012-03-21,0.006515116981314543
2012-03-22,-0.006487951613629489
2012-03-23,-0.00464367687335948
2012-03-26,0.005381522738917723
2012-03-27,0.005184998846952947
2012-03-28,0.0018522342501052236
2012-03-29,0.007372381797926587
2012-03-30,0.008271849994084026
2012-04-02,0.0016226797188241002
2012-04-03,0.0006367892942327297
2012-04-04,-0.0043517028885508525
2012-04-05,-0.0031426740843648747
2012-04-09,-0.018564596762711418
2012-04-10,-0.04277998427041051
2012-04-11,-0.030621062325993764
2012-04-12,-0.007680494685879238
2012-04-13,-0.019138776380991422
2012-04-16,-0.008500934434908732
2012-04-17,0.023129607279691388
2012-04-18,0.011683345054396003
2012-04-19,-0.007739091826248313
2012-04-20,0.0058887890217625815
2012-04-23,-0.0018984992320748915
2012-04-24,-0.01280815083013262
2012-04-25,0.00417565019793244
2012-04-26,0.01756232076621508
2012-04-27,0.017533083527488405
2012-04-30,0.022266222401041102
2012-05-01,0.024673089852708562
2012-05-02,0.008085875170616381
2012-05-03,-0.006514087558568794
2012-05-04,-0.02444347131445563
2012-05-07,-0.020002539360528628
2012-05-08,-0.030223395731497477
2012-05-09,-0.03318444680800778
2012-05-10,-0.023468563373824768
2012-05-11,-0.010197716243985577
2012-05-14,-0.022050704522533094
2012-05-15,-0.02378825901222508
2012-05-16,-0.021671104000505485
2012-05-17,-0.03867370659418484
2012-05-18,-0.04425059011223046
2012-05-21,-0.0160854628571499
2012-05-22,-0.008586564519351853
2012-05-23,-0.004224718103509749
2012-05-24,0.012680392222974951
2012-05-25,0.018026693254100237
2012-05-29,0.01302352853464394
2012-05-30,-0.0033337345691557708
2012-05-31,-0.00606670691953869
2012-06-01,-0.03352916579535967
2012-06-04,-0.030747645494208945
2012-06-05,-0.03524298711206334
2012-06-06,0.0015925525112723657
2012-06-07,0.004402074324672678
2012-06-08,0.037821085000799975
2012-06-11,0.025510709394745482
2012-06-12,0.029392069883149574
2012-06-13,0.0007575205883553564
2012-06-14,0.010695762081314395
2012-06-15,0.012951790353225886
2012-06-18,0.027666205497429132
2012-06-19,0.02586726235501581
2012-06-20,0.030659750570425748
2012-06-21,-0.002578896788544058
2012-06-22,-0.005082599285919243
2012-06-25,-0.02318336731613821
2012-06-26,-0.027796065436462528
2012-06-27,-0.01719743608021024
2012-06-28,0.002639320493168857
2012-06-29,0.019588291690338423
2012-07-02,0.03876120005169504
2012-07-03,0.040318710165246296
2012-07-05,0.026820599942215223
2012-07-06,0.02012906589747749
2012-07-09,-0.005747340702129672
2012-07-10,-0.017513865519137955
2012-07-11,-0.023935892871729605
2012-07-12,-0.024270573499976418
2012-07-13,0.0019169042853131853
2012-07-16,0.0008118370407918595
2012-07-17,0.01641408442583736
2012-07-18,0.023644816520602366
2012-07-19,0.031118997434595945
2012-07-20,0.0052899420244542274
2012-07-23,-0.002513542999551223
2012-07-24,-0.01798124625994482
2012-07-25,-0.02513663895013445
2012-07-26,-0.011391263213838309
2012-07-27,0.016064740154816064
2012-07-30,0.02622853780825722
2012-07-31,0.027832973513049617
2012-08-01,0.02673693449626509
2012-08-02,0.0034455234129374514
2012-08-03,0.004819208405389274
2012-08-06,0.0067547082050565446
2012-08-07,0.01877528287121771
2012-08-08,0.02085824047089296
2012-08-09,0.028640454951962935
2012-08-10,0.010635662679139353
2012-08-13,0.008202892293500885
2012-08-14,0.003343998774727295
2012-08-15,0.003268444167495015
2012-08-16,0.009766457635163522
2012-08-17,0.009469630225635923
2012-08-20,0.010036908806603479
2012-08-21,0.006865723005902013
2012-08-22,0.006153313653071603
2012-08-23,-0.009411386903061758
2012-08-24,-0.004723743036404427
2012-08-27,-0.00458178784776182
2012-08-28,-0.0025422287500072764
2012-08-29,-0.002188077083507474
2012-08-30,-0.0012086667831434485
2012-08-31,-0.002476137597352679
2012-09-04,-0.003609567459909133
2012-09-05,-0.0034713718110134057
2012-09-06,0.015843975612743907
2012-09-07,0.026965873545266784
2012-09-10,0.016510845128833128
2012-09-11,0.020215541206665365
2012-09-12,0.024396587095623583
2012-09-13,0.01942494690580853
2012-09-14,0.019961289088812985
2012-09-17,0.022257550294533912
2012-09-18,0.018656001123864875
2012-09-19,0.01587183019511557
2012-09-20,0.0008184213591967259
2012-09-21,-0.004024295366952547
2012-09-24,-0.0021321266909040946
2012-09-25,-0.012012762972792707
2012-09-26,-0.01819560479504051
2012-09-27,-0.00888568641757637
2012-09-28,-0.013110499522577384
2012-10-01,-0.008965677680254412
2012-10-02,0.0027719788251096946
2012-10-03,0.012484142545854632
2012-10-04,0.010248411403951139
2012-10-05,0.014959862290687407
2012-10-08,0.008896900604223133
2012-10-09,-0.0020782801543885805
2012-10-10,-0.012553917728359246
2012-10-11,-0.019137557788601475
2012-10-12,-0.02248995000704739
2012-10-15,-0.010769284579716482
2012-10-16,0.009249841703850072
2012-10-17,0.02017515420868827
2012-10-18,0.01701385709056175
2012-10-19,0.003493038634116822
2012-10-22,-0.004660589334673203
2012-10-23,-0.028716865358507097
2012-10-24,-0.03607405092025401
2012-10-25,-0.03056782522130247
2012-10-26,-0.01432898255498496
2012-10-31,-0.014468824774426865
2012-11-01,0.009920582369032113
2012-11-02,0.003822021788108431
2012-11-05,0.0029654122627675843
2012-11-06,0.011326140538685634
2012-11-07,-0.011598510353194189
2012-11-08,-0.0341115288652819
2012-11-09,-0.024311234763878805
2012-11-12,-0.025561793108880206
2012-11-13,-0.036834333274289525
2012-11-14,-0.027500589473202885
2012-11-15,-0.017096871762291934
2012-11-16,-0.0130407235819642
2012-11-19,0.006200300175090709
2012-11-20,0.010109129734689696
2012-11-21,0.025566376094678742
2012-11-23,0.040792623531273234
2012-11-26,0.03374273838816799
2012-11-27,0.008588101626004936
2012-11-28,0.016177135576169576
2012-11-29,0.01896527097643944
2012-11-30,0.005643702230684802
2012-12-03,0.0028315608237581306
2012-12-04,0.006534264302931391
2012-12-05,0.00028272965057531043
2012-12-06,-0.0009852775425155755
2012-12-07,0.0018275799060544996
2012-12-10,0.007185159457833729
2012-12-11,0.015385638555499107
2012-12-12,0.014104990356630655
2012-12-13,0.004567577060972432
2012-12-14,-0.0021793032829139605
2012-12-17,0.009083317214932019
2012-12-18,0.013365501560314682
2012-12-19,0.005420223041439927
2012-12-20,0.01730696132583228
2012-12-21,0.011911611727770513
2012-12-24,-0.0028585027294640375
2012-12-26,-0.018149747938483587
2012-12-27,-0.012033866283919321
2012-12-28,-0.0286369455225875
2012-12-31,-0.0026651211787822146
2013-01-02,0.025728903448596803
2013-01-03,0.027690221990986915
2013-01-04,0.03341407455251562
2013-01-07,0.041544975434235104
2013-01-08,0.0218100192574713
2013-01-09,-0.000959023844933401
2013-01-10,0.009221269352144613
2013-01-11,0.004770877992471971
2013-01-14,0.006826943509180647
2013-01-15,0.010388613224684273
2013-01-16,0.00771400822546305
2013-01-17,0.006235634728035912
2013-01-18,0.008530819080485808
2013-01-22,0.014589851937939416
2013-01-23,0.015517827917611112
2013-01-24,0.015921872565138204
2013-01-25,0.015088209588976284
2013-01-28,0.011662290843677675
2013-01-29,0.010207467075364999
2013-01-30,0.004675282006552306
2013-01-31,0.0019389620847891714
2013-02-01,0.006567544233186523
2013-02-04,-0.0035379394318320635
2013-02-05,0.0025850256528272297
2013-02-06,0.0072367314598609745
2013-02-07,0.00838169817059161
2013-02-08,0.003695714878790859
2013-02-11,0.01480260256728594
2013-02-12,0.00640139553282473
2013-02-13,0.006528074386471544
2013-02-14,0.008771148963406064
2013-02-15,0.002040071954596072
2013-02-19,0.009704015369878105
2013-02-20,-0.004483401081629179
2013-02-21,-0.01143536807672754
2013-02-22,-0.0026293073243418095
2013-02-25,-0.02065721299057254
2013-02-26,-0.021302236353073746
2013-02-27,0.0037593877183703752
2013-02-28,0.007879958906025842
2013-03-01,0.0014468736746915992
2013-03-04,0.025968097191543638
2013-03-05,0.02806562672489619
2013-03-06,0.016905717829803376
2013-03-07,0.020693377648423775
2013-03-08,0.021655957593563136
2013-03-11,0.02013378235536645
2013-03-12,0.00896847479188725
2013-03-13,0.009020573664309922
2013-03-14,0.0125199570965969
2013-03-15,0.006943639588817079
2013-03-18,-0.0023792263876929154
2013-03-19,-0.0024588090590153
2013-03-20,0.003090342495660515
2013-03-21,-0.01079905249234335
2013-03-22,-0.0014772302076359136
2013-03-25,-0.00012928407422907362
2013-03-26,0.010167237462684052
2013-03-27,0.003206041546533423
2013-03-28,0.014854137325671986
2013-04-01,0.0028883375172614042
2013-04-02,0.011996646014302663
2013-04-03,-0.006165595456286261
2013-04-04,-0.0021145913712581426
2013-04-05,-0.009684588958817688
2013-04-08,0.0010242611076469192
2013-04-09,-0.0004466185634147798
2013-04-10,0.021919082095488155
2013-04-11,0.02114027788960617
2013-04-12,0.023188691249593517
2013-04-15,-0.007002026285258665
2013-04-16,0.0042018754328657015
2013-04-17,-0.02269207690711834
2013-04-18,-0.032237857028926356
2013-04-19,-0.021128932857827715
2013-04-22,0.006746288421342849
2013-04-23,0.0023477094415330683
2013-04-24,0.017700682018266706
2013-04-25,0.0280199950504702
2013-04-26,0.01759598984223837
2013-04-29,0.019843961865212183
2013-04-30,0.01196998272215243
2013-05-01,0.002530605942181898
2013-05-02,0.007729399752280826
2013-05-03,0.019586545729621502
2013-05-06,0.015448469277451924
2013-05-07,0.018121334683001908
2013-05-08,0.031468350467795836
2013-05-09,0.019403427308232742
2013-05-10,0.01256310240865815
2013-05-13,0.010820352292564176
2013-05-14,0.016045286178343842
2013-05-15,0.01687645864218351
2013-05-16,0.01499037309006051
2013-05-17,0.021372102830165125
2013-05-20,0.020516233257066
2013-05-21,0.011672830447106326
2013-05-22,-0.0011442746123674437
2013-05-23,0.0006649314554640529
2013-05-24,-0.009812497693190987
2013-05-28,-0.003780477357672269
2013-05-29,-0.011733225473322952
2013-05-30,-0.0006030607441225643
2013-05-31,-0.0121618376279626
2013-06-03,-0.005823640183588929
2013-06-04,-0.01661384546118362
2013-06-05,-0.02419822839114031
2013-06-06,-0.01887078653812274
2013-06-07,0.008225690144644375
2013-06-10,0.0027341921144912406
2013-06-11,-0.002816363768945654
2013-06-12,0.0029721421706234937
2013-06-13,0.009053863159418207
2013-06-14,-0.009878815195459394
2013-06-17,-0.0021869641527723187
2013-06-18,0.016056695660717223
2013-06-19,0.010455179906862322
2013-06-20,-0.029729775707686028
2013-06-21,-0.02023200348606842
2013-06-24,-0.04064035985922184
2013-06-25,-0.03894655511935295
2013-06-26,-0.015181386801188457
2013-06-27,0.015762400817261355
2013-06-28,0.0084508261401709
2013-07-01,0.027009815230150492
2013-07-02,0.016511674814800738
2013-07-03,0.007093787466315491
2013-07-05,0.011971183424377987
2013-07-08,0.021765806068615303
2013-07-09,0.02309525988324503
2013-07-10,0.024388386436578213
2013-07-11,0.037482771700913436
2013-07-12,0.027170410896032386
2013-07-15,0.02529549140753916
2013-07-16,0.014369956681130495
2013-07-17,0.016570265737591468
2013-07-18,0.008504145084805698
2013-07-19,0.009861178493901402
2013-07-22,0.007996081795410476
2013-07-23,0.009623514644431994
2013-07-24,0.003387725254992746
2013-07-25,0.00035531667382096755
2013-07-26,-0.0003550368932291718
2013-07-29,-0.005383124942367171
2013-07-30,-0.003256960639123313
2013-07-31,0.0011268461654017907
2013-08-01,0.010188592058363201
2013-08-02,0.010821835066846499
2013-08-05,0.012437792893767202
2013-08-06,0.006739542418394285
2013-08-07,0.002782236698000124
2013-08-08,-0.005051643392096688
2013-08-09,-0.00963984014871773
2013-08-12,-0.009358254246245215
2013-08-13,-0.0007079676406954753
2013-08-14,-0.0026040566848715566
2013-08-15,-0.020347056071202255
2013-08-16,-0.020768265862535874
2013-08-19,-0.025998195784588143
2013-08-20,-0.024046881038118015
2013-08-21,-0.02508388820259742
2013-08-22,-0.0019251198497551923
2013-08-23,0.004752946564366221
2013-08-26,0.007436539062277449
2013-08-27,-0.013681611384219198
2013-08-28,-0.003958026336879096
2013-08-29,-0.011446524322274648
2013-08-30,-0.017985982047825953
2013-09-03,-0.009745946589897136
2013-09-04,0.014707657179324
2013-09-05,0.012429111533123099
2013-09-06,0.01132593830609455
2013-09-09,0.024029325110751086
2013-09-10,0.02688743018304698
2013-09-11,0.0217824491517367
2013-09-12,0.01785625416912542
2013-09-13,0.019621033919401103
2013-09-16,0.015860973092071153
2013-09-17,0.012943984306926826
2013-09-18,0.021317742348497457
2013-09-19,0.02230058005971022
2013-09-20,0.01303727623580306
2013-09-23,0.0026288785051972975
2013-09-24,-0.004180607212452837
2013-09-25,-0.01858246507055969
2013-09-26,-0.013067843288481403
2013-09-27,-0.010658179938921286
2013-09-30,-0.011362724657229678
2013-10-01,-0.0011214152676397372
2013-10-02,0.0008275999338522941
2013-10-03,-0.012273841247300273
2013-10-04,-0.00011853531074549901
2013-10-07,-0.003458784505437867
2013-10-08,-0.023058148458460253
2013-10-09,-0.021387809989484082
2013-10-10,0.009204682035736789
2013-10-11,0.008079150039977431
2013-10-14,0.02074755274247741
2013-10-15,0.02518186455847285
2013-10-16,0.0383261328704624
2013-10-17,0.023658343589434618
2013-10-18,0.023967530210775176
2013-10-21,0.02003898346045408
2013-10-22,0.03309419970772515
2013-10-23,0.014424264814857734
2013-10-24,0.01108053979463298
2013-10-25,0.008905599466182763
2013-10-28,0.010438433920205667
2013-10-29,0.009982888848859733
2013-10-30,0.00980475903550089
2013-10-31,0.003647128228282603
2013-11-01,0.001476407676825934
2013-11-04,0.003398617858438814
2013-11-05,-0.005092185017641177
2013-11-06,0.004978719372243541
2013-11-07,-0.0049038765903751825
2013-11-08,0.006110765053698029
2013-11-11,0.002767589808815188
2013-11-12,0.0039067704576587715
2013-11-13,0.0068066010310880954
2013-11-14,0.024507030065910512
2013-11-15,0.015447527006418882
2013-11-18,0.011772845799535752
2013-11-19,0.011629560627633014
2013-11-20,0.0005047218807007154
2013-11-21,0.0035636687755972534
2013-11-22,0.0042119024152571525
2013-11-25,0.006721842794675853
2013-11-26,0.009173812172759222
2013-11-27,0.014739025800386916
2013-11-29,0.006040355837818076
2013-12-02,-0.0015498169849336178
2013-12-03,-0.004883850387508202
2013-12-04,-0.0052710355729989975
2013-12-05,-0.012108923192090842
2013-12-06,-0.0003317840541038424
2013-12-09,0.0048080365084256045
2013-12-10,0.00554781952981099
2013-12-11,-0.005635822099712752
2013-12-12,-0.004536954338826525
2013-12-13,-0.015764197064238327
2013-12-16,-0.012090536406053386
2013-12-17,-0.01168644598910702
2013-12-18,0.01653660086804199
2013-12-19,0.018686658636125994
2013-12-20,0.02459932115062428
2013-12-23,0.023714764684956445
2013-12-24,0.029089306488615237
2013-12-26,0.01723204414842867
2013-12-27,0.018334156489410783
2013-12-30,0.012370914403980342
2013-12-31,0.011764607459111804
2014-01-02,-5.4325375637618164e-05
2014-01-03,-0.005290039003873843
2014-01-06,-0.00813735195561077
2014-01-07,-0.0018513302328576494
2014-01-08,-0.006355757416730989
2014-01-09,0.003928351850436061
2014-01-10,0.0068118595931223125
2014-01-13,-0.0036806077641395097
2014-01-14,0.0010350765993032294
2014-01-15,0.006193003340729859
2014-01-16,0.004238380355044284
2014-01-17,-0.002719075908990772
2014-01-21,0.01361140988275661
2014-01-22,0.0034239192350927344
2014-01-23,-0.010178705238065697
2014-01-24,-0.030444381951572796
2014-01-27,-0.031137898913412614
2014-01-28,-0.028136855027612793
2014-01-29,-0.03843922022407743
2014-01-30,-0.01966774415726903
2014-01-31,-0.003977201416674907
2014-02-03,-0.02180766031002994
2014-02-04,-0.02076494347227988
2014-02-05,-0.012368605502434672
2014-02-06,-0.009812232230350907
2014-02-07,0.008383184493669017
2014-02-10,0.03298026206499195
2014-02-11,0.03688497955821613
2014-02-12,0.03863432128349553
2014-02-13,0.03068289879567206
2014-02-14,0.02386689208471522
2014-02-18,0.023227261384234935
2014-02-19,0.005698934327858292
2014-02-20,0.011088296556856735
2014-02-21,0.004797271418452013
2014-02-24,0.0048256622116847
2014-02-25,0.003251155140580456
2014-02-26,0.009948722129992538
2014-02-27,0.009298811843050385
2014-02-28,0.0129666541428276
2014-03-03,0.0003773429908165305
2014-03-04,0.014714729568915579
2014-03-05,0.015566576113753512
2014-03-06,0.012620932691430482
2014-03-07,0.01051921217756292
2014-03-10,0.017045307726529603
2014-03-11,-0.0018675631770985759
2014-03-12,-0.002505821183794479
2014-03-13,-0.016070662040903124
2014-03-14,-0.019307354908828882
2014-03-17,-0.009773455757638078
2014-03-18,0.0022941943180003962
2014-03-19,-0.0033165066921193916
2014-03-20,0.013782514824291695
2014-03-21,0.012708649379845796
2014-03-24,-0.00043804864552955333
2014-03-25,-0.00281566165215182
2014-03-26,-0.004691129881260836
2014-03-27,-0.012624290691006344
2014-03-28,-0.003820277230012139
2014-03-31,0.008484525889323084
2014-04-01,0.01035825725667072
2014-04-02,0.02091812584347855
2014-04-03,0.021704485785446495
2014-04-04,0.004893958947254856
2014-04-07,-0.014379906184662825
2014-04-08,-0.016874487365897018
2014-04-09,-0.00952206931034337
2014-04-10,-0.029427443818047776
2014-04-11,-0.026584192512351397
2014-04-14,-0.007623654382431975
2014-04-15,-0.004873991096037803
2014-04-16,-0.005144419644166095
2014-04-17,0.017481062114139186
2014-04-21,0.030011447748158546
2014-04-22,0.026698187988045994
2014-04-23,0.017489878960588047
2014-04-24,0.009091716000198284
2014-04-25,-0.0005366754884729953
2014-04-28,-0.0008555130843978116
2014-04-29,-0.0007453455459648407
2014-04-30,0.004577267044595668
2014-05-01,0.0026586530323079354
2014-05-02,0.009456360990757572
2014-05-05,0.008206771010567741
2014-05-06,-0.0051797599762538095
2014-05-07,-0.002286163923018612
2014-05-08,-0.0034576491747150885
2014-05-09,-0.0005316100168948351
2014-05-12,0.007244792385461596
2014-05-13,0.016882106782256687
2014-05-14,0.006261359308497814
2014-05-15,-0.0014929168518696765
2014-05-16,0.0004786009702869569
2014-05-19,-0.005547869645933258
2014-05-20,-0.012767905575865164
2014-05-21,0.0003701103954352037
2014-05-22,0.011618624283001849
2014-05-23,0.01215679886338237
2014-05-27,0.014621784459175604
2014-05-28,0.020215334022961117
2014-05-29,0.016985435193900777
2014-05-30,0.016166882794001337
2014-06-02,0.013307346544933256
2014-06-03,0.006661160059819105
2014-06-04,0.009413206239139861
2014-06-05,0.010754748718634095
2014-06-06,0.013915781090332932
2014-06-09,0.01379751248862441
2014-06-10,0.014418770194775839
2014-06-11,0.00891502768496946
2014-06-12,-0.004690590295121779
2014-06-13,-0.006418556645671087
2014-06-16,-0.0066176653542031815
2014-06-17,-0.003944735962205834
2014-06-18,0.006851105973989508
2014-06-19,0.015076494771966192
2014-06-20,0.014061003125949236
2014-06-23,0.012930918257875358
2014-06-24,0.004113009063726948
2014-06-25,0.001309656099672806
2014-06-26,-0.0005269176582194929
2014-06-27,-0.0006128211902354511
2014-06-30,-0.0008173654575638861
2014-07-01,0.011896090708562108
2014-07-02,0.008400997657614014
2014-07-03,0.014023072605185191
2014-07-07,0.008593384810834978
2014-07-08,0.0026537615723521983
2014-07-09,0.0004564747450529811
2014-07-10,-0.004522674533165739
2014-07-11,-0.00805443852551526
2014-07-14,0.0004555541098275095
2014-07-15,0.005031802166925725
2014-07-16,0.004252199416689791
2014-07-17,-0.003213675746016242
2014-07-18,0.005579293658561964
2014-07-21,-0.0013167271232365969
2014-07-22,0.0049060335773718055
2014-07-23,0.003429307910489534
2014-07-24,0.014910168579917659
2014-07-25,4.999038556940125e-05
2014-07-28,0.0023281912690948777
2014-07-29,-0.006326730571616205
2014-07-30,-0.008391952703141407
2014-07-31,-0.02838793551641132
2014-08-01,-0.026755034044106837
2014-08-04,-0.01996544319001998
2014-08-05,-0.025402082521166505
2014-08-06,-0.02524231892410635
2014-08-07,-0.010725578499220604
2014-08-08,0.003836614206456879
2014-08-11,-0.0004639849088418586
2014-08-12,0.007884745355337962
2014-08-13,0.014318578525557589
2014-08-14,0.02445877369167134
2014-08-15,0.012751977002383987
2014-08-18,0.018202440011179717
2014-08-19,0.024802183367247755
2014-08-20,0.020724030748139163
2014-08-21,0.01892473601901888
2014-08-22,0.01757395254808976
2014-08-25,0.014287284989122318
2014-08-26,0.009731347837713318
2014-08-27,0.006664323726601325
2014-08-28,0.0032027573563483537
2014-08-29,0.007602169767506575
2014-09-02,0.002046151016308302
2014-09-03,0.0008480465324282495
2014-09-04,-0.00020005278411067517
2014-09-05,0.004834502617766451
2014-09-08,-0.0005982528394485649
2014-09-09,-0.0064507794955606
2014-09-10,-0.002146818228133458
2014-09-11,0.0004493190670342374
2014-09-12,-0.00989400278308361
2014-09-15,-0.008058458334207087
2014-09-16,0.005802278716643413
2014-09-17,0.003393016797708672
2014-09-18,0.007560015063873629
2014-09-19,0.012516797090923949
2014-09-22,0.005517488401645106
2014-09-23,-0.00773330420688529
2014-09-24,-0.0012821268116885375
2014-09-25,-0.022864643704941116
2014-09-26,-0.01404880817928321
2014-09-29,-0.008117590193132157
2014-09-30,-0.005011969612157941
2014-10-01,-0.026454149490202097
2014-10-02,-0.010033006747326411
2014-10-03,-0.006997860288861299
2014-10-06,-0.00634775752441137
2014-10-07,-0.019269045653142722
2014-10-08,0.01171407659536071
2014-10-09,-0.008472468851237308
2014-10-10,-0.030902023834055155
2014-10-13,-0.04629420664839045
2014-10-14,-0.029191707003456475
2014-10-15,-0.053318593298656056
2014-10-16,-0.03414476633895417
2014-10-17,-0.010923346540485504
2014-10-20,0.015302733984407778
2014-10-21,0.033374492416775314
2014-10-22,0.033026801684804805
2014-10-23,0.0454429078054244
2014-10-24,0.04136727449323038
2014-10-27,0.03032932374900717
2014-10-28,0.02211628704843345
2014-10-29,0.027739441308546667
2014-10-30,0.022571900095466602
2014-10-31,0.02627688392435043
2014-11-03,0.0281976318044509
2014-11-04,0.01331761388231317
2014-11-05,0.021127492986444046
2014-11-06,0.018732226889925055
2014-11-07,0.008296231135249483
2014-11-10,0.010893144297675713
2014-11-11,0.01534906078493398
2014-11-12,0.00797392217136173
2014-11-13,0.005106386952084082
2014-11-14,0.004416533825324481
2014-11-17,0.0019104620590634413
2014-11-18,0.006687088683985486
2014-11-19,0.0061590694441027065
2014-11-20,0.0067840072788290995
2014-11-21,0.011875898358176496
2014-11-24,0.014041861954716081
2014-11-25,0.0075609885908061066
2014-11-26,0.011722980314321481
2014-11-28,0.007849371843460134
2014-12-01,-0.00446107026151673
2014-12-02,-0.0008204931100469537
2014-12-03,0.0037588962353900003
2014-12-04,9.653871250006457e-05
2014-12-05,0.0038536480710651016
2014-12-08,0.004122348396265464
2014-12-09,-0.0029980357968390596
2014-12-10,-0.023014842981729212
2014-12-11,-0.016851123497385954
2014-12-12,-0.03478064879342717
2014-12-15,-0.03496864059928517
2014-12-16,-0.04234298496056032
2014-12-17,-0.006766662411778415
2014-12-18,0.012604524338658836
2014-12-19,0.03314403135189699
2014-12-22,0.044626292964021284
2014-12-23,0.05402671044701935
2014-12-24,0.034708349385105135
2014-12-26,0.013499566215379413
2014-12-29,0.010596051694384665
2014-12-30,0.00062671148593657
2014-12-31,-0.010694018847164914
2015-01-02,-0.011326449278745775
2015-01-05,-0.032770646872851715
2015-01-06,-0.04357658179150864
2015-01-07,-0.025811935327388708
2015-01-08,0.0017496560346871547
2015-01-09,-0.005760771856760045
2015-01-12,0.00459985325136514
2015-01-13,0.01124678087379962
2015-01-14,-0.007193216273201935
2015-01-15,-0.03398551241200218
2015-01-16,-0.012910273692103496
2015-01-20,-0.002915478781178485
2015-01-21,0.004936326915393895
2015-01-22,0.025753450739932102
2015-01-23,0.029458609937054608
2015-01-26,0.01876790781250448
2015-01-27,0.0033598069997758657
2015-01-28,-0.014582981921723605
2015-01-29,-0.02014309203225508
2015-01-30,-0.027300391505729923
2015-02-02,-0.017330497434535724
2015-02-03,0.010304597661607807
2015-02-04,0.01939691661023004
2015-02-05,0.020240175774389246
2015-02-06,0.030125596117868043
2015-02-09,0.013331711896232586
2015-02-10,0.009571318546964353
2015-02-11,0.013966358328906105
2015-02-12,0.013492743171368676
2015-02-13,0.02037023091657764
2015-02-17,0.02642761805669633
2015-02-18,0.01592584257308013
2015-02-19,0.014632088771755683
2015-02-20,0.011043570563367909
2015-02-23,0.006793846200893505
2015-02-24,0.008058341302525248
2015-02-25,0.007112942938822538
2015-02-26,0.006644975066910989
2015-02-27,-0.002749086316049938
2015-03-02,0.0036862926163510473
2015-03-03,-0.0032627451332064234
2015-03-04,-0.0066373622864379644
2015-03-05,-0.004361657636435198
2015-03-06,-0.01511448359989293
2015-03-09,-0.01727190782575833
2015-03-10,-0.029514412023566076
2015-03-11,-0.027634057604158043
2015-03-12,-0.01609389074758636
2015-03-13,-0.008080754791649892
2015-03-16,0.0010553014227027947
2015-03-17,0.014433281370736059
2015-03-18,0.028727779682509672
2015-03-19,0.011521854516119829
2015-03-20,0.02646108489266658
2015-03-23,0.01123845787185875
2015-03-24,0.008580892569425555
2015-03-25,-0.018131383515068336
2015-03-26,-0.015943646941989745
2015-03-27,-0.02244464174071349
2015-03-30,-0.008368092587570175
2015-03-31,-0.011511123646105374
2015-04-01,-0.00029174080391954565
2015-04-02,0.005683724004567366
2015-04-06,0.010107113943413548
2015-04-07,-0.004668580727945129
2015-04-08,0.007480660286321106
2015-04-09,0.015436960780631502
2015-04-10,0.017287901221170552
2015-04-13,0.0060442306945801385
2015-04-14,0.010605306211965733
2015-04-15,0.011711174873830934
2015-04-16,0.007012172033617758
2015-04-17,-0.010000059636116691
2015-04-20,0.003628590687302065
2015-04-21,0.0005247995016541999
2015-04-22,0.0009498035955572097
2015-04-23,0.0037484202287523783
2015-04-24,0.017636329389787035
2015-04-27,0.004374667577712703
2015-04-28,0.008740390564384616
2015-04-29,-0.0002849073467227653
2015-04-30,-0.012868931581603495
2015-05-01,-0.00440388170366263
2015-05-04,0.002605696097837424
2015-05-05,-0.012085523965513404
2015-05-06,-0.012087969035706863
2015-05-07,0.0019647599701228453
2015-05-08,0.004262081364369624
2015-05-11,-0.003365414650222909
2015-05-12,0.005156485112276001
2015-05-13,0.00947254355636199
2015-05-14,0.015863942431867964
2015-05-15,0.0038671611644000596
2015-05-18,0.011753360008134164
2015-05-19,0.014420826095318877
2015-05-20,0.01352596625120638
2015-05-21,0.006060591184663165
2015-05-22,0.0025856709296913716
2015-05-26,-0.011326067012438061
2015-05-27,-0.0015502740772873613
2015-05-28,-0.0019748538669241405
2015-05-29,-0.011115228535645063
2015-06-01,-0.006688892778994663
2015-06-02,0.0031274237764607332
2015-06-03,-0.0036740552183178567
2015-06-04,-0.01102754960276968
2015-06-05,-0.006509905001103708
2015-06-08,-0.014713119509843973
2015-06-09,-0.013863587767765445
2015-06-10,-0.004587546058204098
2015-06-11,0.007113169833431438
2015-06-12,0.0011434848181670432
2015-06-15,0.0030174347132795845
2015-06-16,0.00859804536797849
2015-06-17,-0.001708240078255652
2015-06-18,0.00541924848777759
2015-06-19,0.00865473531776078
2015-06-22,0.018059321853733875
2015-06-23,0.01333006529070365
2015-06-24,0.004425240157674942
2015-06-25,-0.008965768406726544
2015-06-26,-0.0047074350084770206
2015-06-29,-0.031010892716347906
2015-06-30,-0.029627170079128157
2015-07-01,-0.014354272285546303
2015-07-02,-0.012225452015525022
2015-07-06,-0.014884757024779545
2015-07-07,0.012577806911427842
2015-07-08,-0.006433151946231933
2015-07-09,-0.012609705105585761
2015-07-10,0.000820159888244311
2015-07-13,0.01464660525885324
2015-07-14,0.012705809624140032
2015-07-15,0.029293562619839036
2015-07-16,0.03547870323078271
2015-07-17,0.02381227068103754
2015-07-20,0.013353651844160862
2015-07-21,0.005066016000625358
2015-07-22,0.0036019690903204495
2015-07-23,-0.010036267371498948
2015-07-24,-0.021309303890967014
2015-07-27,-0.027661748068724443
2015-07-28,-0.011493964827064919
2015-07-29,-0.0028422891347992976
2015-07-30,0.0030404251361294907
2015-07-31,0.011947466062758361
2015-08-03,0.014403207111703543
2015-08-04,0.0002385650532695469
2015-08-05,-0.003327086824360012
2015-08-06,-0.011784999069747126
2015-08-07,-0.01218796518561295
2015-08-10,0.0037113022574956273
2015-08-11,-0.003396800984059807
2015-08-12,-0.00548953118959435
2015-08-13,0.001486604160471914
2015-08-14,0.007043936350609872
2015-08-17,9.526966197696422e-05
2015-08-18,0.006258193933527633
2015-08-19,-0.0028759319048128405
2015-08-20,-0.022733164342264283
2015-08-21,-0.05693365901635219
2015-08-24,-0.10552439935386237
2015-08-25,-0.11446079600919887
2015-08-26,-0.06884873372078913
2015-08-27,-0.023312023229574708
2015-08-28,0.007303097139923898
2015-08-31,0.042209804411976665
2015-09-01,0.023745485495981773
2015-09-02,0.004873292126254342
2015-09-03,-0.01884473026943852
2015-09-04,-0.034147716412992954
2015-09-08,-0.0012150382909512673
2015-09-09,0.015625309786065213
2015-09-10,0.002249106328467852
2015-09-11,0.006066699984425151
2015-09-14,0.017601986832891926
2015-09-15,0.005203764047770338
2015-09-16,0.027294829010879363
2015-09-17,0.019617370397211824
2015-09-18,-0.0013930350788579206
2015-09-21,0.007479003133824439
2015-09-22,-0.01800819190558361
2015-09-23,-0.02823748010150446
2015-09-24,-0.029609093668050937
2015-09-25,-0.013391933168309333
2015-09-28,-0.043964206705447276
2015-09-29,-0.030313794155918897
2015-09-30,-0.0102275937833021
2015-10-01,-0.003999668756549535
2015-10-02,0.01108693451495117
2015-10-05,0.054143200732432256
2015-10-06,0.05012568204476027
2015-10-07,0.039796583162668694
2015-10-08,0.04617720760269109
2015-10-09,0.031945773042471204
2015-10-12,0.01525075636803226
2015-10-13,0.012360670454894527
2015-10-14,-0.0006020625812228457
2015-10-15,0.005649334401983279
2015-10-16,0.00958982345644568
2015-10-19,0.009138278032206789
2015-10-20,0.0141811454153244
2015-10-21,0.012763786042188637
2015-10-22,0.014278867224785378
2015-10-23,0.020644316842293453
2015-10-26,0.0176917267954511
2015-10-27,0.01703686770278301
2015-10-28,0.03457027229666933
2015-10-29,0.017242874932790298
2015-10-30,0.0020220915662903694
2015-11-02,0.016244132068926505
2015-11-03,0.021073556544229346
2015-11-04,0.006725095955334568
2015-11-05,0.006301196008494946
2015-11-06,0.010096438954810986
2015-11-09,-0.011040348059271263
2015-11-10,-0.011631426346398709
2015-11-11,-0.012532699727603128
2015-11-12,-0.02559240390247866
2015-11-13,-0.03636053518284486
2015-11-16,-0.011892587867031455
2015-11-17,-0.01492658119445999
2015-11-18,0.004754023249213791
2015-11-19,0.01794952888164721
2015-11-20,0.03287892322486451
2015-11-23,0.016639297142696453
2015-11-24,0.0187072547468926
2015-11-25,0.002822586022378663
2015-11-27,0.004831279780985558
2015-11-30,-0.0029666421175988927
2015-12-01,0.007670915746435705
2015-12-02,-0.003924531029977848
2015-12-03,-0.017882818291510883
2015-12-04,0.0002861937776677609
2015-12-07,-0.001630261079549825
2015-12-08,-0.01786287318309238
2015-12-09,-0.015415753535367827
2015-12-10,0.0012634686547611353
2015-12-11,-0.03762297548980389
2015-12-14,-0.026506484623135082
2015-12-15,-0.009321054473117681
2015-12-16,0.013015280815711445
2015-12-17,-0.004917911794635104
2015-12-18,-0.0033220002576376233
2015-12-21,-0.00014670705567748648
2015-12-22,-0.0015566535709979452
2015-12-23,-0.003775089595035363
2015-12-24,0.009928235517519942
2015-12-28,0.02561633398811914
2015-12-29,0.028016787018455724
2015-12-30,0.011870303828278143
2015-12-31,-0.010490983748408407
2016-01-04,-0.022916770602697253
2016-01-05,-0.018939221671003162
2016-01-06,-0.04224950001052168
2016-01-07,-0.05942038261933792
2016-01-08,-0.06040388937252228
2016-01-11,-0.045336498919874006
2016-01-12,-0.03899047477701754
2016-01-13,-0.05155275275097546
2016-01-14,-0.010985122243162514
2016-01-15,-0.02164759183751896
2016-01-19,-0.02130690788883406
2016-01-20,-0.04224115959705988
2016-01-21,-0.011397748213847387
2016-01-22,-0.007373724515209918
2016-01-25,-0.0009055981670298035
2016-01-26,0.011314991995484816
2016-01-27,0.013270070285885373
2016-01-28,0.012879938819549573
2016-01-29,0.01665705689887703
2016-02-01,0.03152717460703544
2016-02-02,-0.00021025871819360306
2016-02-03,0.016709778845860758
2016-02-04,0.013080479707272639
2016-02-05,-0.030237882009459673
2016-02-08,-0.043429034120781265
2016-02-09,-0.025188381131270685
2016-02-10,-0.03202848422988501
2016-02-11,-0.046689058677107584
2016-02-12,-0.00704784885835904
2016-02-16,0.023242033965982616
2016-02-17,0.03939070193930196
2016-02-18,0.03614985810387878
2016-02-19,0.048774640741563145
2016-02-22,0.04274276094845406
2016-02-23,0.013295029703539475
2016-02-24,0.0016581776670606615
2016-02-25,0.01780096102435532
2016-02-26,0.01596567830823864
2016-02-29,-0.006283316802509512
2016-03-01,0.02966192214602124
2016-03-02,0.02957858252297011
2016-03-03,0.02145176662242516
2016-03-04,0.02700419326575925
2016-03-07,0.035675497803989105
2016-03-08,0.0014627654917365369
2016-03-09,0.0019076959119356091
2016-03-10,-0.0012021954532462932
2016-03-11,0.01155771444796788
2016-03-14,0.009476983885883548
2016-03-15,0.018823587652663624
2016-03-16,0.01966669966691032
2016-03-17,0.02518898536772444
2016-03-18,0.013102428315339157
2016-03-21,0.015803206222800494
2016-03-22,0.01689683519815786
2016-03-23,0.004504996728185149
2016-03-24,-0.0022625344241384553
2016-03-28,-0.005593485219602154
2016-03-29,0.002196386624473698
2016-03-30,0.007111755204647452
2016-03-31,0.011303356683589975
2016-04-01,0.018535219864269804
2016-04-04,0.014701577972823364
2016-04-05,-0.004544487450887186
2016-04-06,0.001939722395020202
2016-04-07,-0.007668350707768676
2016-04-08,-0.011764057831960568
2016-04-11,-0.010870953689458262
2016-04-12,0.008437060695950332
2016-04-13,0.007624777788772029
2016-04-14,0.019711071716280212
2016-04-15,0.0159116691212362
2016-04-18,0.025263907034777613
2016-04-19,0.019143205132029235
2016-04-20,0.010046280121339825
2016-04-21,0.00460484281280088
2016-04-22,0.0057112485755144715
2016-04-25,-0.0030157328523516295
2016-04-26,-0.004679555381093352
2016-04-27,-0.0035761125887385464
2016-04-28,-0.0073005592495402425
2016-04-29,-0.012713978268699544
2016-05-02,-0.0030724379826339017
2016-05-03,-0.01329907896191313
2016-05-04,-0.02094894404968548
2016-05-05,-0.012026793392095617
2016-05-06,-0.0029609819315517525
2016-05-09,-0.01005190777263893
2016-05-10,0.011046792805255291
2016-05-11,0.007241718246069427
2016-05-12,0.007727290010794929
2016-05-13,-0.00467732407193125
2016-05-16,0.0043133777898439075
2016-05-17,-0.017421172300692313
2016-05-18,-0.007729366793017327
2016-05-19,-0.01149095926861386
2016-05-20,0.00355894493843345
2016-05-23,-0.00762144637900638
2016-05-24,0.014634648889551323
2016-05-25,0.0211018688682161
2016-05-26,0.0248596059916738
2016-05-27,0.02285212116267151
2016-05-31,0.022311374289485646
2016-06-01,0.01147963287388162
2016-06-02,0.007758496041739847
2016-06-03,0.004480340370731598
2016-06-06,0.005265762226319417
2016-06-07,0.008730637427801058
2016-06-08,0.00993776463537269
2016-06-09,0.005532138068836096
2016-06-10,-0.0009989516539163977
2016-06-13,-0.01381613320182783
2016-06-14,-0.01734563521713127
2016-06-15,-0.021994550462161117
2016-06-16,-0.017648304116480336
2016-06-17,-0.011857039081270572
2016-06-20,0.002304294729917347
2016-06-21,0.007108079131685207
2016-06-22,0.0068702052256009935
2016-06-23,0.01682871679896055
2016-06-24,-0.016009380912035163
2016-06-27,-0.040501209420375904
2016-06-28,-0.02546045679695618
2016-06-29,-0.006943777702369538
2016-06-30,-0.006329004824385749
2016-07-01,0.03233888473701386
2016-07-05,0.043191904141216236
2016-07-06,0.031296204272719924
2016-07-07,0.01379191986460735
2016-07-08,0.015019241204284536
2016-07-11,0.01644221187622332
2016-07-12,0.030897953769233936
2016-07-13,0.024778947356429704
2016-07-14,0.030966568802961846
2016-07-15,0.014843605904505819
2016-07-18,0.014006214072377038
2016-07-19,0.005752239417611392
2016-07-20,0.010045891472339023
2016-07-21,0.0006939639016463084
2016-07-22,0.006511900764398428
2016-07-25,0.001108442690607342
2016-07-26,0.002586947279209333
2016-07-27,-0.0026288529587280268
2016-07-28,0.0023094113411909908
2016-07-29,-0.0005528505509386128
2016-08-01,0.001337604085227953
2016-08-02,-0.005551557977429116
2016-08-03,-0.0015716761014542557
2016-08-04,-0.0016621624216621468
2016-08-05,0.004870268698077311
2016-08-08,0.005103432730064254
2016-08-09,0.012127386629931262
2016-08-10,0.006730956931600443
2016-08-11,0.010297367591906763
2016-08-12,0.001282839586080703
2016-08-15,0.004758375490722165
2016-08-16,-0.001008767397616312
2016-08-17,0.003348728326762743
2016-08-18,0.0009601144086288365
2016-08-19,0.0003659315408685986
2016-08-22,-0.0025592814081397183
2016-08-23,0.004623343409482847
2016-08-24,-0.0023843246570293313
2016-08-25,-0.005314191809316507
2016-08-26,-0.005736253965817799
2016-08-29,-0.0007783422978806814
2016-08-30,-0.00443981819451709
2016-08-31,-0.0021599364924203093
2016-09-01,-0.0014250619023320839
2016-09-02,0.004958274538288308
2016-09-06,0.0030634075957451444
2016-09-07,0.004622578527124256
2016-09-08,0.005184796855816914
2016-09-09,-0.019087243861212008
2016-09-12,-0.00933991100860704
2016-09-13,-0.02683708101285
2016-09-14,-0.027121581814524422
2016-09-15,-0.014892322346072982
2016-09-16,0.005460686067017929
2016-09-19,-0.008597269133212489
2016-09-20,0.005929457511049318
2016-09-21,0.017487234935042832
2016-09-22,0.013825653483875015
2016-09-23,0.012204318312299397
2016-09-26,0.0038816586638645966
2016-09-27,0.010023496859500264
2016-09-28,0.0037923623690305545
2016-09-29,-0.011577923779436557
2016-09-30,0.001434156953322937
2016-10-03,0.007162447978969502
2016-10-04,-0.004137271558506797
2016-10-05,-0.004672892246937625
2016-10-06,0.0051109834362815425
2016-10-07,-0.005842258126967703
2016-10-10,0.0017595562056545173
2016-10-11,-0.005839496183059578
2016-10-12,-0.008943948130695368
2016-10-13,-0.012920493335694604
2016-10-14,-0.008968682644014842
2016-10-17,-0.017641445308293424
2016-10-18,0.001311272875296144
2016-10-19,0.002663610556056858
2016-10-20,0.00407630240599308
2016-10-21,0.004027179711890668
2016-10-24,0.01174914879617605
2016-10-25,0.0021497671028561033
2016-10-26,-0.0025233704557924195
2016-10-27,-0.0033254586100418676
2016-10-28,-0.006752314454823916
2016-10-31,-0.010949407334935834
2016-11-01,-0.01486448075564244
2016-11-02,-0.018891834900753374
2016-11-03,-0.020808420645945618
2016-11-04,-0.018951270355209913
2016-11-07,0.0028189236631212763
2016-11-08,0.014584461040358328
2016-11-09,0.03116742300438236
2016-11-10,0.03824739588439295
2016-11-11,0.03704204971804854
2016-11-14,0.016009996257116847
2016-11-15,0.019288698170748506
2016-11-16,0.0068625210619024735
2016-11-17,0.009497566147853883
2016-11-18,0.009565131046798068
2016-11-21,0.016303255275663068
2016-11-22,0.01048194260164111
2016-11-23,0.012905821350757057
2016-11-25,0.011486493862840322
2016-11-28,0.009020818390002851
2016-11-29,0.003446106210244049
2016-11-30,-0.0009070961661681705
2016-12-01,-0.00513342006038876
2016-12-02,-0.008340956190088764
2016-12-05,0.002355914795084761
2016-12-06,0.003569556077912053
2016-12-07,0.01896754719781539
2016-12-08,0.025095811835241986
2016-12-09,0.030617306728416227
2016-12-12,0.023477676182038425
2016-12-13,0.026967496333112646
2016-12-14,0.005682903023946214
2016-12-15,0.007346004831678467
2016-12-16,-0.0006342755600894547
2016-12-19,0.0026895199738018166
2016-12-20,-0.00011248145697275339
2016-12-21,0.0053897599070546875
2016-12-22,-0.00044820151174948357
2016-12-23,0.0029732732551513326
2016-12-27,0.0032755494809343167
2016-12-28,-0.008873250047053298
2016-12-29,-0.006309278190910347
2016-12-30,-0.008242024999597237
2017-01-03,-0.0020846625088742654
2017-01-04,0.0013694520558961197
2017-01-05,0.008873250047053246
2017-01-06,0.012667132004660131
2017-01-09,0.013022557168687722
2017-01-10,0.005401619702466992
2017-01-11,0.0022920612418099247
2017-01-12,0.0005740615196345346
2017-01-13,-0.0007045823548076656
2017-01-17,-0.0009276426562392719
2017-01-18,0.0012799995757864478
2017-01-19,-0.005253588576189318
2017-01-20,0.0009267304999062789
2017-01-23,-0.003971507211237953
2017-01-24,0.005949244290815505
2017-01-25,0.012359465023647837
2017-01-26,0.015025308851167473
2017-01-27,0.009787080133350843
2017-01-30,0.00617145748116951
2017-01-31,-0.0003077771296962485
2017-02-01,-0.008529966222043536
2017-02-02,-0.006825765546103476
2017-02-03,0.0016145098661222211
2017-02-06,0.006046063556868777
2017-02-07,0.006178145029887722
2017-02-08,0.007091941877585203
2017-02-09,0.012348221678252063
2017-02-10,0.009417446126987184
2017-02-13,0.01663487886989579
2017-02-14,0.020577991104554223
2017-02-15,0.02447533474474026
2017-02-16,0.017708787366624422
2017-02-17,0.015345244942080855
2017-02-21,0.01585493363679945
2017-02-22,0.01097938464125369
2017-02-23,0.00644941390356175
2017-02-24,0.008569127936349449
2017-02-27,0.008555997296652927
2017-02-28,-8.459988407692215e-05
2017-03-01,0.014704086889997834
2017-03-02,0.007710082968123031
2017-03-03,0.007071138008703578
2017-03-06,0.002527087947218103
2017-03-07,0.0022386619697303345
2017-03-08,-0.013519911020270095
2017-03-09,-0.005935209258582392
2017-03-10,-0.0030663553539319976
2017-03-13,0.00042057352933437656
2017-03-14,-0.00042193667018779565
2017-03-15,0.010052361229111257
2017-03-16,0.006816149853402378
2017-03-17,0.0015605966450687252
2017-03-20,-4.15440179925474e-05
2017-03-21,-0.009130439186213809
2017-03-22,-0.015396248906559353
2017-03-23,-0.014495009846614617
2017-03-24,-0.013464077068081072
2017-03-27,-0.013393691478316722
2017-03-28,0.006779717506996284
2017-03-29,0.005363760237559736
2017-03-30,0.00961026768815991
2017-03-31,0.008006863840217463
2017-04-03,0.007292919254203541
2017-04-04,0.0006796502141275111
2017-04-05,-0.0032319359377916542
2017-04-06,-0.0036037330555053868
2017-04-07,-0.0022934001311294646
2017-04-10,4.247118278553367e-05
2017-04-11,-0.0017852551115322634
2017-04-12,-0.0031992551530167783
2017-04-13,-0.012522718474916419
2017-04-17,-0.002682160598352698
2017-04-18,-0.006265786030640733
2017-04-19,-0.006915456303773476
2017-04-20,0.005581697764778319
2017-04-21,0.008906026553372104
2017-04-24,0.01102316685368149
2017-04-25,0.019813366132064754
2017-04-26,0.021024535034122785
2017-04-27,0.013757199616956978
2017-04-28,0.014767437435748008
2017-05-01,0.006346463688359209
2017-05-02,0.0009220858106070077
2017-05-03,0.0003356401119372233
2017-05-04,0.0006703841423777453
2017-05-05,0.0067812101518786114
2017-05-08,0.004097869914876588
2017-05-09,0.0028018819304822746
2017-05-10,0.005811597767322047
2017-05-11,0.002593694932285858
2017-05-12,-0.0030080809379339217
2017-05-15,0.0026666444892823934
2017-05-16,0.002669605545537941
2017-05-17,-0.01702837401437602
2017-05-18,-0.01096297765029261
2017-05-19,-0.002807503769420365
2017-05-22,-0.0032514156894328456
2017-05-23,-0.0001250496975221725
2017-05-24,0.020108613764223484
2017-05-25,0.020856136714684115
2017-05-26,0.014166205044408395
2017-05-30,0.008232643520067069
2017-05-31,0.005773697674234519
2017-06-01,0.011364257778855141
2017-06-02,0.009919197407217877
2017-06-05,0.009388770802066597
2017-06-06,0.007056010184315247
2017-06-07,0.009152769208795703
2017-06-08,0.001724709033014967
2017-06-09,-0.003117671410047656
2017-06-12,-0.002585769045686697
2017-06-13,0.005494488394560034
2017-06-14,0.0023777084781094002
2017-06-15,-4.1000732605051534e-05
2017-06-16,0.0016963532481783338
2017-06-19,0.010192623295525912
2017-06-20,-0.0014524713590379442
2017-06-21,-0.00043093366407200603
2017-06-22,0.0010424700490842243
2017-06-23,0.0020174999290104366
2017-06-26,-0.005615132160936337
2017-06-27,-0.006937321091975426
2017-06-28,0.002220203270305791
2017-06-29,-0.006154870227661805
2017-06-30,-0.00548514504415004
2017-07-03,-0.004449153539006607
2017-07-05,0.0059491035242563856
2017-07-06,-0.012148046035672473
2017-07-07,0.003143904353552431
2017-07-10,0.0023545234343694227
2017-07-11,-8.24233804651916e-05
2017-07-12,0.005094844768083757
2017-07-13,0.015960200418986444
2017-07-14,0.014149505327049656
2017-07-17,0.012953344430104988
2017-07-18,0.014225769120215214
2017-07-19,0.01213854937578569
2017-07-20,0.010904945505427449
2017-07-21,0.005361095025105562
2017-07-24,0.005240437031304894
2017-07-25,0.007138886783909648
2017-07-26,0.0017799661655196327
2017-07-27,0.0004047840240616938
2017-07-28,0.00012121307994040592
2017-07-31,-0.00020271862274120946
2017-08-01,-0.0004042824259780714
2017-08-02,4.026900402950911e-05
2017-08-03,-0.0009713883472772912
2017-08-04,0.0020230596225484735
2017-08-07,0.004447730337251598
2017-08-08,-0.00024281790401751952
2017-08-09,-0.0007682214826571683
2017-08-10,-0.013042419283268141
2017-08-11,-0.013386893247574234
2017-08-14,-0.005380183234975159
2017-08-15,-0.0030375451949467137
2017-08-16,-0.001254450954277374
2017-08-17,-0.0027523979088570584
2017-08-18,-0.005792795389649077
2017-08-21,-0.01487448006133009
2017-08-22,-0.004350312118003058
2017-08-23,-0.009684584868085006
2017-08-24,0.0036956954738447674
2017-08-25,0.007593597102767035
2017-08-28,0.00685218298940089
2017-08-29,-0.002406495388459879
2017-08-30,0.005911335305693937
2017-08-31,0.014242842436897876
2017-09-01,0.013322412348343372
2017-09-05,0.006073438217925066
2017-09-06,0.008337269675836862
2017-09-07,0.0034897685225689884
2017-09-08,-0.003683814857128904
2017-09-11,0.0055126827516753735
2017-09-12,0.0160854094250749
2017-09-13,0.013157504661957321
2017-09-14,0.0129589224044567
2017-09-15,0.015479788094754542
2017-09-18,0.006994987063901609
2017-09-19,0.00463066459447989
2017-09-20,0.004510690786078586
2017-09-21,0.0021473833368413544
2017-09-22,0.001002796423701865
2017-09-25,-0.003168664329343538
2017-09-26,-0.0035668930105906076
2017-09-27,-4.013809456227237e-05
2017-09-28,0.0038422374101255243
2017-09-29,0.007150540319028741
2017-10-02,0.013526293559470319
2017-10-03,0.015061902595381786
2017-10-04,0.01236077407821948
2017-10-05,0.01706941876892906
2017-10-06,0.01242083142303117
2017-10-09,0.00643938406680153
2017-10-10,0.006936330309086428
2017-10-11,0.007320348326376431
2017-10-12,-7.848551024311792e-05
2017-10-13,0.002277633876278418
2017-10-16,0.00526265173677952
2017-10-17,0.0033326237178963407
2017-10-18,0.00274116056139279
2017-10-19,0.004505835653621701
2017-10-20,0.008436718320809831
2017-10-23,0.003206807951579208
2017-10-24,0.004257621874968925
2017-10-25,-0.001682985889936123
2017-10-26,-0.0006646810978311066
2017-10-27,0.002330606616037288
2017-10-30,0.002495803317666577
2017-10-31,0.0022969741496344756
2017-11-01,0.008580849548192484
2017-11-02,0.007677156516288415
2017-11-03,0.0028674643685739193
2017-11-06,0.008146210186184536
2017-11-07,0.005893775834711713
2017-11-08,0.006271628370144933
2017-11-09,0.002249126579070906
2017-11-10,-0.0013939501752811626
2017-11-13,-0.002011149393114084
2017-11-14,-0.0036407373132717595
2017-11-15,-0.01035802007525663
2017-11-16,0.0017415105111152239
2017-11-17,-0.0008916595775285335
2017-11-20,-0.00011595675210646776
2017-11-21,0.008730535849191062
2017-11-22,0.012863668596215936
2017-11-24,0.006705337119858601
2017-11-27,0.009149227887181022
2017-11-28,0.01753766864697045
2017-11-29,0.01040761847889988
2017-11-30,0.020009541906717103
2017-12-01,0.015624675100953757
2017-12-04,0.014913291890266958
2017-12-05,0.0012167540974200553
2017-12-06,0.002015383080371005
2017-12-07,-0.0035537465916613124
2017-12-08,0.003962713041630794
2017-12-11,0.008181806815326934
2017-12-12,0.013548062403385403
2017-12-13,0.013245851236981796
2017-12-14,0.006003416232757961
2017-12-15,0.008857444921622448
2017-12-18,0.01217042771216635
2017-12-19,0.006559373244430432
2017-12-20,0.0061477400324619555
2017-12-21,0.012299737638171283
2017-12-22,0.0037454068685971093
2017-12-26,-0.0037730606609972725
2017-12-27,0.0005611930705562698
2017-12-28,0.003140495004317062
2017-12-29,-0.0026948369320966593
2018-01-02,0.004699045609131317
2018-01-03,0.0122013159082138
2018-01-04,0.01592089126351733
2018-01-05,0.02050727882920707
2018-01-08,0.02611219112774997
2018-01-09,0.02124108099315811
2018-01-10,0.013404761119143438
2018-01-11,0.016468194920003832
2018-01-12,0.016324636878904404
2018-01-16,0.01107336918062656
2018-01-17,0.018298770535016277
2018-01-18,0.018147395041616977
2018-01-19,0.015417257041483706
2018-01-22,0.01701729131610348
2018-01-23,0.02256204627627075
2018-01-24,0.012687163635480432
2018-01-25,0.014793363977234153
2018-01-26,0.021765196175879686
2018-01-29,0.0070150784429583776
2018-01-30,-0.005415627431828764
2018-01-31,-0.004530728139196878
2018-02-01,-0.006090299492687066
2018-02-02,-0.03961186397808193
2018-02-05,-0.07568207689481073
2018-02-06,-0.045861385689258245
2018-02-07,-0.05179728688615974
2018-02-08,-0.0888919648310476
2018-02-09,-0.051971807151687144
2018-02-12,0.00532801498715341
2018-02-13,-0.011698201868284701
2018-02-14,0.007147568033730403
2018-02-15,0.058057216389965784
2018-02-16,0.04344052794496825
2018-02-20,0.022581775279013644
2018-02-21,0.015110862700008115
2018-02-22,0.0029996809124675874
2018-02-23,0.006134084285531639
2018-02-26,0.01738647737206031
2018-02-27,0.011102401512481859
2018-02-28,0.005907277272032224
2018-03-01,-0.01003527255269943
2018-03-02,-0.020707348438111985
2018-03-05,-0.020760645631815376
2018-03-06,-0.00566395795577822
2018-03-07,0.004151119062149828
2018-03-08,0.02362603199117331
2018-03-09,0.03573717908896173
2018-03-12,0.022989105675684778
2018-03-13,0.013973776638298404
2018-03-14,0.009195991086467868
2018-03-15,0.003277949669490931
2018-03-16,-0.012890692347000826
2018-03-19,-0.025257574920361937
2018-03-20,-0.017074112561036747
2018-03-21,-0.013851147211374237
2018-03-22,-0.03807567490111729
2018-03-23,-0.06070458851094152
2018-03-26,-0.020090360242051124
2018-03-27,-0.03894792058823366
2018-03-28,-0.039985856469942176
2018-03-29,-0.001973909022774858
2018-04-02,-0.002249963879078827
2018-04-03,-0.016505719062014854
2018-04-04,0.011294302907942547
2018-04-05,0.02211451570478968
2018-04-06,-0.013120179106051929
2018-04-09,0.013617270467950257
2018-04-10,0.016656422869922277
2018-04-11,0.0007586368320769059
2018-04-12,0.0010912416975276343
2018-04-13,0.02069127002315994
2018-04-16,0.023962864739510658
2018-04-17,0.018829947124879152
2018-04-18,0.024825759988862137
2018-04-19,0.011069117662475616
2018-04-20,0.005491744578678146
2018-04-23,-0.0028464397510472683
2018-04-24,-0.027047311604384523
2018-04-25,-0.025318703662219517
2018-04-26,-0.009641330122660243
2018-04-27,-0.0001877077712900974
2018-04-30,-0.007758013512506594
2018-05-01,0.007576097328274745
2018-05-02,-0.0016325471509843431
2018-05-03,-0.01395291925119186
2018-05-04,-0.0020281031782446984
2018-05-07,0.009070014951860043
2018-05-08,0.007294810905990838
2018-05-09,0.02365415732882486
2018-05-10,0.03516743886514807
2018-05-11,0.025351102540562116
2018-05-14,0.022449466474329764
2018-05-15,0.015538658856171885
2018-05-16,0.010115500889928016
2018-05-17,-3.637318930717621e-05
2018-05-18,-0.005586487230834214
2018-05-21,0.0014275750008892342
2018-05-22,0.005554352094391802
2018-05-23,0.004105818083968309
2018-05-24,0.002899606093390544
2018-05-25,0.0030172667300222083
2018-05-29,-0.016040399262762375
2018-05-30,0.0
2018-05-31,-0.00889222247635625
2018-06-01,0.0029283325138138995
2018-06-04,0.010054242914732312
2018-06-05,0.022349351553582177
2018-06-06,0.017418682592852952
2018-06-07,0.02345481694978056
2018-06-08,0.0166373179941701
2018-06-11,0.01322610021370819
2018-06-12,0.013790154561116921
2018-06-13,0.002268230755639941
2018-06-14,0.004891312041054622
2018-06-15,0.0006623723054233971
2018-06-18,-0.0027256237921253063
2018-06-19,-0.007857197307455122
2018-06-20,-0.002956412960039583
2018-06-21,-0.011759998921127215
2018-06-22,-0.008661206238615056
2018-06-25,-0.02030882883399878
2018-06-26,-0.014257224821842544
2018-06-27,-0.02428049010805824
2018-06-28,-0.012290510124508292
2018-06-29,-0.012673714182944782
2018-07-02,0.0031682605652938334
2018-07-03,-0.0025806125764544423
2018-07-05,0.013863194737494875
2018-07-06,0.016584338634970643
2018-07-09,0.024109628758507494
2018-07-10,0.025566544378309457
2018-07-11,0.02176228838179478
2018-07-12,0.022662179552550753
2018-07-13,0.015026915820031253
2018-07-16,0.005168648666740919
2018-07-17,0.005612944462058763
2018-07-18,0.01505600807151733
2018-07-19,0.0022525729717848284
2018-07-20,0.0003219326164506946
2018-07-23,0.0030739975950195638
2018-07-24,0.004056311618510776
2018-07-25,0.010441389758523155
2018-07-26,0.011857810387168663
2018-07-27,0.006202422287733355
2018-07-30,-0.0008926544417141493
2018-07-31,-0.000994740198230579
2018-08-01,-0.01115331301590735
2018-08-02,-0.0033583779955155607
2018-08-03,0.007716425992124714
2018-08-06,0.016613886269604566
2018-08-07,0.01499397208055944
2018-08-08,0.016245552286172398
2018-08-09,0.00944589267791413
2018-08-10,-0.001552661683066894
2018-08-13,-0.008963241807618337
2018-08-14,-0.005899974296793947
2018-08-15,-0.012974625324367474
2018-08-16,-0.003549560823555284
2018-08-17,0.006687702366347623
2018-08-20,0.01257508645902345
2018-08-21,0.00855787332004244
2018-08-22,0.015458915307366443
2018-08-23,0.006071710150879709
2018-08-24,0.008557634298353866
2018-08-27,0.014285102007046519
2018-08-28,0.012425546114227835
2018-08-29,0.018385534308799995
2018-08-30,0.01565747740789386
2018-08-31,0.009691726759556594
2018-09-04,0.00010392428057800244
2018-09-05,-0.0030749768214185726
2018-09-06,-0.011455484212060689
2018-09-07,-0.009343842460300974
2018-09-10,-0.007641573853879261
2018-09-11,-0.0026265677450604333
2018-09-12,0.00031124117868544515
2018-09-13,0.009223046279861721
2018-09-14,0.011340332496549947
2018-09-17,0.0042949856541410975
2018-09-18,0.00641455870254439
2018-09-19,0.007237250536392135
2018-09-20,0.00941071462044137
2018-09-21,0.008325006040864646
2018-09-24,0.010306049961343834
2018-09-25,0.003966527890585341
2018-09-26,-9.503841064207077e-05
2018-09-27,-0.005375633254737429
2018-09-28,-0.004359130611798424
2018-10-01,0.002436356961014392
2018-10-02,0.0027817936992703025
2018-10-03,0.006327390507657474
2018-10-04,-0.004309727470910844
2018-10-05,-0.01002477565323969
2018-10-08,-0.013492927918268956
2018-10-09,-0.014370502034558159
2018-10-10,-0.047094992633338426
2018-10-11,-0.0615207609119001
2018-10-12,-0.04211584478250317
2018-10-15,-0.04774880728388148
2018-10-16,-0.024658074193595992
2018-10-17,0.007696001280909851
2018-10-18,0.015422133394046685
2018-10-19,0.0010866193136377781
2018-10-22,0.0022208420784194157
2018-10-23,-0.02451348640188524
2018-10-24,-0.05545915873898117
2018-10-25,-0.02313083856333915
2018-10-26,-0.040331872506841095
2018-10-29,-0.041388784895357494
2018-10-30,-0.021575152016244124
2018-10-31,0.019815974379209213
2018-11-01,0.012619984018594179
2018-11-02,0.024423078477182013
2018-11-05,0.03548047717592911
2018-11-06,0.027078920153033918
2018-11-07,0.0376377582044016
2018-11-08,0.025235818009470518
2018-11-09,0.02135992184829182
2018-11-12,-0.003003740381556943
2018-11-13,-0.011184729384597344
2018-11-14,-0.03922816688134137
2018-11-15,-0.027029130357978666
2018-11-16,-0.014615026218969205
2018-11-19,-0.012812576639186921
2018-11-20,-0.02961892408636479
2018-11-21,-0.01935710342281462
2018-11-23,-0.036440957370118134
2018-11-26,-0.02302269286154244
2018-11-27,-0.002604469513789437
2018-11-28,0.03883881764828449
2018-11-29,0.03325018325167357
2018-11-30,0.04602802265189618
2018-12-03,0.04316639726850352
2018-12-04,0.0068690896525672954
2018-12-06,-0.01741345625818503
2018-12-07,-0.03873638778075145
2018-12-10,-0.04291790931215167
2018-12-11,-0.0558448419585017
2018-12-12,-0.017883344241716035
2018-12-13,-0.01670397095415653
2018-12-14,-0.011831323442808144
2018-12-17,-0.03353997537024987
2018-12-18,-0.034864152565065094
2018-12-19,-0.05497604881043382
2018-12-20,-0.07104866867179635
2018-12-21,-0.07311364659765651
2018-12-24,-0.08007852121666358
2018-12-26,-0.029691395007264518
2018-12-27,-0.0069545837380585755
2018-12-28,0.00816658374822108
2018-12-31,0.03758951308929122
2019-01-02,0.0654076791640879
2019-01-03,-0.00803466684766956
2019-01-04,0.017264755307816716
2019-01-07,0.026408729474936565
2019-01-08,0.027039825604267896
2019-01-09,0.030662684403625174
2019-01-10,0.058336230711018185
2019-01-11,0.025775031252979804
2019-01-14,0.01180233551840277
2019-01-15,0.013846268260566745
2019-01-16,0.011600512859591882
2019-01-17,0.01563715779168512
2019-01-18,0.028473298880562548
2019-01-22,0.020990076230973202
2019-01-23,0.011684787089385144
2019-01-24,0.00979926034635847
2019-01-25,0.010666998281712916
2019-01-28,-0.01018414187664253
2019-01-29,0.002090246231537003
2019-01-30,0.015706824048312217
2019-01-31,0.023919496866986644
2019-02-01,0.01597533673077467
2019-02-04,0.030615302882344504
2019-02-05,0.036126344541325205
2019-02-06,0.01910064943657793
2019-02-07,0.0007774612741501071
2019-02-08,0.0015170884636960728
2019-02-11,-0.0049396990924683555
2019-02-12,0.003655023443335503
2019-02-13,0.008215833954505819
2019-02-14,0.015573813539300093
2019-02-15,0.025191186099255115
2019-02-19,0.026366177758077404
2019-02-20,0.015601530770092485
2019-02-21,0.008797495655507529
2019-02-22,0.017199789048391007
2019-02-25,0.007721359116823217
2019-02-26,0.005276251748542753
2019-02-27,0.002833597937192813
2019-02-28,0.004531899877933674
2019-03-01,0.004574840803998421
2019-03-04,-0.0004293760880843877
2019-03-05,-0.001074524972586703
2019-03-06,-0.006720100350013612
2019-03-07,-0.013256826918407464
2019-03-08,-0.021482997865584632
2019-03-11,-0.003442089706213093
2019-03-12,0.0016830645415048962
2019-03-13,0.01435567049583381
2019-03-14,0.022116316466738842
2019-03-15,0.02904651540856966
2019-03-18,0.018269059128106287
2019-03-19,0.014753314943204861
2019-03-20,0.005141368179178727
2019-03-21,0.017012729691285002
2019-03-22,-0.007349557060554553
2019-03-25,-0.011721090626172603
2019-03-26,-0.004543030090343402
2019-03-27,-0.006771077366810971
2019-03-28,-0.014219661421425441
2019-03-29,0.011500259681103936
2019-04-01,0.024042142888863388
2019-04-02,0.01710504610829993
2019-04-03,0.023920304197540265
2019-04-04,0.02278720243694571
2019-04-05,0.021330112569972474
2019-04-08,0.010302440688294652
2019-04-09,0.0046749960665477324
2019-04-10,0.006507569763818181
2019-04-11,0.0035804060272162847
2019-04-12,0.0054947438175161015
2019-04-15,0.004077350047144297
2019-04-16,0.009870852216590563
2019-04-17,0.004015590901099905
2019-04-18,0.006259967852068426
2019-04-22,0.0003787910447727691
2019-04-23,0.009985732985473181
2019-04-24,0.007108387507306682
2019-04-25,0.008942421508015115
2019-04-26,0.0116213076015145
2019-04-29,0.012326222146013152
2019-04-30,0.003884344675195941
2019-05-01,-0.0014383980684220057
2019-05-02,-0.0029832548733535165
2019-05-03,0.0021110270641893163
2019-05-06,-0.003579465828530336
2019-05-07,-0.020930052862560694
2019-05-08,-0.01477553881816714
2019-05-09,-0.015645037916361515
2019-05-10,-0.02037403658849327
2019-05-13,-0.041702064189304375
2019-05-14,-0.015858241632430235
2019-05-15,-0.00862718189159529
2019-05-16,0.0036218624883077736
2019-05-17,-0.007875434019401686
2019-05-20,0.010941922253294399
2019-05-21,0.010914563478662844
2019-05-22,0.001997276329125673
2019-05-23,-0.01951532296282493
2019-05-24,-0.010763386639313534
2019-05-28,-0.013472991534943588
2019-05-29,-0.029181580854691795
2019-05-30,-0.023377846745814616
2019-05-31,-0.02465066645627961
2019-06-03,-0.02946268784863644
2019-06-04,0.0013554909874689235
2019-06-05,0.016713613476844223
2019-06-06,0.020467807022077344
2019-06-07,0.04399193817458731
2019-06-10,0.05111672535003126
2019-06-11,0.029400253155994857
2019-06-12,0.01900838833754005
2019-06-13,0.016644335702980136
2019-06-14,0.00558148871674426
2019-06-17,0.001383102751660155
2019-06-18,0.012041776036528161
2019-06-19,0.016063207846824818
2019-06-20,0.021454826843773492
2019-06-21,0.02110604172576659
2019-06-24,0.01950041078367343
2019-06-25,-0.0007722627001765594
2019-06-26,-0.004025102581099506
2019-06-27,-0.009994635516120672
2019-06-28,-0.003407602913011196
2019-07-01,0.006855674831899488
2019-07-02,0.019312770615919104
2019-07-03,0.02827409742010812
2019-07-05,0.023596100449861098
2019-07-08,0.01295359105634269
2019-07-09,0.0051613989300479755
2019-07-10,0.007327221390424981
2019-07-11,0.0017054081385808632
2019-07-12,0.007310982946921043
2019-07-15,0.013153216185784617
2019-07-16,0.00867721717472642
2019-07-17,-0.0029178591417815354
2019-07-18,-0.001604883373272519
2019-07-19,-0.011642635166128972
2019-07-22,-0.009521262532489583
2019-07-23,0.0008336499160102386
2019-07-24,0.012350496292500757
2019-07-25,0.003907660007275205
2019-07-26,0.01615591182694593
2019-07-29,0.011879456588036198
2019-07-30,0.00229703206424876
2019-07-31,-0.013392299589921528
2019-08-01,-0.01734957274770909
2019-08-02,-0.03158536266224823
2019-08-05,-0.060297222925416394
2019-08-06,-0.043913724200426225
2019-08-07,-0.032322281876396596
2019-08-08,-0.004146445328640865
2019-08-09,-0.0034230084060370893
2019-08-12,0.014863149867966592
2019-08-13,0.01636943855154346
2019-08-14,-0.014234615646456474
2019-08-15,-0.031026143306769574
2019-08-16,-0.009544283687050074
2019-08-19,0.01467972031727617
2019-08-20,-0.008444278035353501
2019-08-21,0.02967220981632688
2019-08-22,0.026725796344817393
2019-08-23,-0.013944973513750143
2019-08-26,-0.014922705525167043
2019-08-27,-0.011161946774644304
2019-08-28,-0.012247928176737442
2019-08-29,0.0007521368388255278
2019-08-30,0.026331549078075788
2019-09-03,0.009469007017962348
2019-09-04,0.02468706906024102
2019-09-05,0.030443077292778113
2019-09-06,0.018522914724690996
2019-09-09,0.019470205613389663
2019-09-10,0.025100222025272474
2019-09-11,0.020899213271038098
2019-09-12,0.011584138590392909
2019-09-13,0.010147981795261394
2019-09-16,0.006551851964120765
2019-09-17,0.009314890197463859
2019-09-18,0.0028269962309539092
2019-09-19,-0.0006972406222006739
2019-09-20,-0.00476929338102455
2019-09-23,-0.0019107605795058646
2019-09-24,-0.012317072937569224
2019-09-25,-0.007017752435393438
2019-09-26,-0.009036669543403283
2019-09-27,-0.00970199852872352
2019-09-30,-0.0048403143028290935
2019-10-01,-0.008928937440485896
2019-10-02,-0.03264831813940145
2019-10-03,-0.022403859809127208
2019-10-04,-0.003561169215587553
2019-10-07,-0.01251184965334426
2019-10-08,-0.016192115018535833
2019-10-09,0.011081517674275336
2019-10-10,0.009662950861823933
2019-10-11,0.006535727739337965
2019-10-14,0.00974508715442248
2019-10-15,0.03524300469763133
2019-10-16,0.024184580161476205
2019-10-17,0.020388364896190125
2019-10-18,0.005687914124228527
2019-10-21,0.013558347007013081
2019-10-22,0.000435100150617888
2019-10-23,0.00494711386204162
2019-10-24,0.0036354553459998894
2019-10-25,0.012108851244233929
2019-10-28,0.010973157309212488
2019-10-29,0.013948587925271191
2019-10-30,0.014105929605769656
2019-10-31,0.009806124454811917
2019-11-01,0.014940771663892745
2019-11-04,0.013329779255224196
2019-11-05,0.012519762523778611
2019-11-06,0.009685157908759888
2019-11-07,0.015862854723859312
2019-11-08,0.009104840843430597
2019-11-11,0.0031835808929663975
2019-11-12,0.006395896543032813
2019-11-13,0.006491725403093656
2019-11-14,0.004435735123633445
2019-11-15,0.009182641522714599
2019-11-18,0.011831383486148008
2019-11-19,0.009437484550522644
2019-11-20,0.00538775213680877
2019-11-21,0.0023233256168559394
2019-11-22,-0.002665677301525423
2019-11-25,0.004317549527093945
2019-11-26,0.006869024750214531
2019-11-27,0.015042546435825154
2019-11-29,0.012936937279759968
2019-12-02,0.002184454145728412
2019-12-03,-0.012265014535890982
2019-12-04,-0.008376846733091574
2019-12-05,-0.011028117743571658
2019-12-06,0.0017801481749934887
2019-12-09,0.007162070836025406
2019-12-10,0.012775156932351437
2019-12-11,0.009458500013385144
2019-12-12,0.016244769732891164
2019-12-13,0.007750785522734007
2019-12-16,0.017746421050125825
2019-12-17,0.019081548323986106
2019-12-18,0.016309424409974065
2019-12-19,0.011817591367519635
2019-12-20,0.015593240954539058
2019-12-23,0.010273577533824086
2019-12-24,0.010085274176150575
2019-12-26,0.01533186103440475
2019-12-27,0.010993533136768145
2019-12-30,0.001090357180715121
2019-12-31,0.0019900900903571175
2020-01-02,0.01126772309917783
2020-01-03,-0.0016425020324892217
2020-01-06,0.0024132445051344613
2020-01-07,0.0051261352035000445
2020-01-08,0.008015068109248622
2020-01-09,0.005464549088819173
2020-01-10,0.01018364249987972
2020-01-13,0.013229411245493008
2020-01-14,0.014519381425135092
2020-01-15,0.011461205414346658
2020-01-16,0.012987312268389535
2020-01-17,0.018976975287391732
2020-01-21,0.01016286772543217
2020-01-22,0.01180972141050098
2020-01-23,0.01069832650665718
2020-01-24,-0.0065183296966309645
2020-01-27,-0.0257852954419918
2020-01-28,-0.01340016430729354
2020-01-29,-0.014347793579806688
2020-01-30,-0.012253486095608408
2020-01-31,-0.021645616067138506
2020-02-03,0.0019143654732366965
2020-02-04,0.00661628088764979
2020-02-05,0.018924601429083567
2020-02-06,0.01904364938992376
2020-02-07,0.032024449276763865
2020-02-10,0.03206127277137493
2020-02-11,0.018666262129135136
2020-02-12,0.013606462782368132
2020-02-13,0.009179794768632205
2020-02-14,0.01612463158551643
2020-02-18,0.006106421296967323
2020-02-19,0.009144808356642579
2020-02-20,-0.0013940484046065069
2020-02-21,-0.0106781313593078
2020-02-24,-0.046006978456963395
2020-02-25,-0.07419693256803263
2020-02-26,-0.08265226078540562
2020-02-27,-0.12448660784066357
2020-02-28,-0.11834535340992124
2020-03-02,-0.042222438910780605
2020-03-03,-0.04050230361217436
2020-03-04,0.004356785665027495
2020-03-05,0.01650111161580506
2020-03-06,0.004042231659923577
2020-03-09,-0.11966525041789346
2020-03-10,-0.040164159125144164
2020-03-11,-0.1313145518135986
2020-03-12,-0.19807683476340318
2020-03-13,-0.09937960507757773
2020-03-16,-0.13395346936778466
2020-03-17,-0.13181910267446406
2020-03-18,-0.13380240283900927
2020-03-19,-0.03111050561804656
2020-03-20,-0.15718892079421007
2020-03-23,-0.06720321929893115
2020-03-24,-0.03305709975209803
2020-03-25,0.03376196017945034
2020-03-26,0.08838784027130797
2020-03-27,0.10219989097836636
2020-03-30,0.16006002738522254
2020-03-31,0.058311535975359326
2020-04-01,-0.0025967486792012576
2020-04-02,-0.03653222463029758
2020-04-03,-0.020853409270324627
2020-04-06,0.01219388392780393
2020-04-07,0.02823019020752235
2020-04-08,0.10729660425828938
2020-04-09,0.09958617086154495
2020-04-13,0.1049735445696135
2020-04-14,0.06903321895675972
2020-04-15,0.04653708477580493
2020-04-16,0.018332606002460124
2020-04-17,0.029886481334461302
2020-04-20,0.02128380674781772
2020-04-21,-0.03861624269005559
2020-04-22,0.004812818392328605
2020-04-23,-7.160983065666408e-05
2020-04-24,-0.012886114705189342
2020-04-27,0.01920413180925513
2020-04-28,0.045429127047825556
2020-04-29,0.04931890536966601
2020-04-30,0.0400358525693713
2020-05-01,-0.0006362059106413441
2020-05-04,-0.012197117183742785
2020-05-05,0.0016083865238024032
2020-05-06,-0.031035238345704836
2020-05-07,-0.009685658890254044
2020-05-08,0.03355501048262111
2020-05-11,0.03100556628657008
2020-05-12,0.001675638392365095
2020-05-13,-0.009366332264229336
2020-05-14,-0.009464977221127765
2020-05-15,-0.021288852124743508
2020-05-18,0.008510435736402658
2020-05-19,0.018319670378940008
2020-05-20,0.05300894450823844
2020-05-21,0.03418502680306051
2020-05-22,0.03149542990478463
2020-05-26,0.013735793599942417
2020-05-27,0.03882907345180972
2020-05-28,0.020137249281553405
2020-05-29,0.03151096041108297
2020-06-01,0.033647169445934225
2020-06-02,0.02964857992618238
2020-06-03,0.02809973801049715
2020-06-04,0.027315999946770954
2020-06-05,0.04817658697129974
2020-06-08,0.05615810281072405
2020-06-09,0.04042733455896988
2020-06-10,0.02161105095655592
2020-06-11,-0.03513624407656166
2020-06-12,-0.04853796251981903
2020-06-15,-0.05126077636940981
2020-06-16,-0.024711639461734766
2020-06-17,-0.023278221438547155
2020-06-18,0.036484563197569785
2020-06-19,0.01884808073644411
2020-06-22,0.01595050990229882
2020-06-23,0.0014793516787187588
2020-06-24,-0.02019796818564231
2020-06-25,-0.009919935249464239
2020-06-26,-0.02822663422337223
2020-06-29,-0.020030563107045485
2020-06-30,-0.011895904820982009
2020-07-01,0.02092450396408081
2020-07-02,0.015752956081457242
2020-07-06,0.05511043920161394
2020-07-07,0.03015274150242423
2020-07-08,0.025044030532958828
2020-07-09,0.012353981744267948
2020-07-10,0.017021269482629556
2020-07-13,-0.006994822414223564
2020-07-14,0.016248089123376528
2020-07-15,0.017774169445264335
2020-07-16,0.020184177671586763
2020-07-17,0.012920246171747281
2020-07-20,0.029666277782107953
2020-07-21,0.01891561758114791
2020-07-22,0.015446056479227121
2020-07-23,0.0067418007176594736
2020-07-24,-0.00261421812809055
2020-07-27,-0.0033976110181325185
2020-07-28,-0.011885336294578778
2020-07-29,-0.005337660223433527
2020-07-30,0.0030917529376288883
2020-07-31,0.017423875349860507
2020-08-03,0.017086423940993623
2020-08-04,0.027303539658256652
2020-08-05,0.02127187108681176
2020-08-06,0.031508411142033566
2020-08-07,0.024354745458864964
2020-08-10,0.02041084262226139
2020-08-11,0.00826718856917698
2020-08-12,0.015921558780774194
2020-08-13,0.007449661513556239
2020-08-14,0.006761801272028055
2020-08-17,0.006949013847522376
2020-08-18,0.017396198336945327
2020-08-19,-0.000622586017373205
2020-08-20,0.004295733155993327
2020-08-21,0.007807265284053036
2020-08-24,0.014717710385816749
2020-08-25,0.016052709313136182
2020-08-26,0.03020070474986913
2020-08-27,0.02927632471662685
2020-08-28,0.0321736757351534
2020-08-31,0.018462529496148215
2020-09-01,0.02434401650172575
2020-09-02,0.028728790669241885
2020-09-03,-0.008476139586742815
2020-09-04,-0.023112661815491008
2020-09-08,-0.04718680724789506
2020-09-09,-0.03700658091122441
2020-09-10,-0.0688826716177591
2020-09-11,-0.03335372395002007
2020-09-14,-0.012070293699260973
2020-09-15,0.020672703996676107
2020-09-16,-0.0028584327609749646
2020-09-17,0.005822981170796793
2020-09-18,-0.0062649240783455105
2020-09-21,-0.030542406187793147
2020-09-22,-0.025449584673204302
2020-09-23,-0.04493715743902222
2020-09-24,-0.03344071532590795
2020-09-25,-0.005823798765303722
2020-09-28,0.02184125681804774
2020-09-29,0.00624777230495934
2020-09-30,0.0372647498869303
2020-10-01,0.0410023611409624
2020-10-02,0.015424982302955751
2020-10-05,0.016529910781761813
2020-10-06,0.007672460183303833
2020-10-07,0.017376359527891676
2020-10-08,0.019800306002763363
2020-10-09,0.03823081781365831
2020-10-12,0.03661235642018214
2020-10-13,0.04438320267693363
2020-10-14,0.02082305019464726
2020-10-15,0.010762808949845883
2020-10-16,0.0012677406516928438
2020-10-19,-0.030011825382651396
2020-10-20,-0.019466836899272574
2020-10-21,-0.01505845043152264
2020-10-22,-0.008351341090713593
2020-10-23,-0.004357449838456622
2020-10-26,-0.007690139482083081
2020-10-27,-0.015141049559219447
2020-10-28,-0.04802298211934884
2020-10-29,-0.04338123966009693
2020-10-30,-0.05725027807157913
2020-11-02,-0.027451394211423143
2020-11-03,-0.006496222735009825
2020-11-04,0.05038356597359087
2020-11-05,0.05958650276288819
2020-11-06,0.06983791468865681
2020-11-09,0.07117896659760405
2020-11-10,0.05220934081571288
2020-11-11,0.03750747670966139
2020-11-12,0.008444256461210043
2020-11-13,0.02242195102076087
2020-11-16,0.022340187065074076
2020-11-17,0.01841515786939375
2020-11-18,-0.0010941945708353713
2020-11-19,0.012855360589342845
2020-11-20,-0.007765363423842587
2020-11-23,-0.014194446644572445
2020-11-24,0.007183580442983806
2020-11-25,0.017748927309820313
2020-11-27,0.016328691878347006
2020-11-30,0.018762989070018787
2020-12-01,0.023664771848140174
2020-12-02,0.009781122880235322
2020-12-03,0.01105125371329084
2020-12-04,0.01685067673812104
2020-12-07,0.01923023182133794
2020-12-08,0.011274313937405717
2020-12-09,0.00016316215105096737
2020-12-10,0.00010898692356229902
2020-12-11,-0.009645068606438417
2020-12-14,-0.012075029618775882
2020-12-15,-0.0015681021153210756
2020-12-16,0.009009654263695942
2020-12-17,0.014912724558787007
2020-12-18,0.012085580752345367
2020-12-21,0.01299065527479254
2020-12-22,-0.002125103847014961
2020-12-23,-0.002794800364289698
2020-12-24,-0.004488375591855592
2020-12-28,0.008066189186854512
2020-12-29,0.009738895222054775
2020-12-30,0.012851297895658644
2020-12-31,0.01702088490554969
2021-01-04,-0.000569177242358545
2021-01-05,-0.0022596663661245244
2021-01-06,0.005610666958161574
2021-01-07,0.01893310020262357
2021-01-08,0.01954651653897493
2021-01-11,0.026490552254526102
2021-01-12,0.019838091720002025
2021-01-13,0.01656684403939732
2021-01-14,-0.0016895403047585576
2021-01-15,-0.014690438193769924
2021-01-19,-0.00010587580881416881
2021-01-20,0.013426995749647544
2021-01-21,0.011648753941732263
2021-01-22,0.011611030062332894
2021-01-25,0.022866786629359235
2021-01-26,0.013483327920505694
2021-01-27,-0.025004605530781612
2021-01-28,-0.01735273477286855
2021-01-29,-0.03402935902135327
2021-02-01,-0.021457043018356665
2021-02-02,-0.005853808974628382
2021-02-03,0.01967648954585464
2021-02-04,0.022414985364561366
2021-02-05,0.0465655097041263
2021-02-08,0.037252818504515464
2021-02-09,0.022545647932310023
2021-02-10,0.0213238257445285
2021-02-11,0.011635791433749116
2021-02-12,0.012635534052699429
2021-02-16,0.004573303822717218
2021-02-17,0.0054688213542743195
2021-02-18,0.0016395041026897384
2021-02-19,-0.0017416609598897752
2021-02-22,-0.014390852544990609
2021-02-23,-0.01231098348288942
2021-02-24,-0.0015813100892639609
2021-02-25,-0.021707280656362217
2021-02-26,-0.025105755169712807
2021-03-01,0.006566911880719043
2021-03-02,-0.0024804381010417693
2021-03-03,-0.026773706806834052
2021-03-04,-0.01483488594998125
2021-03-05,0.008560388502991805
2021-03-08,-0.020382045833322867
2021-03-09,0.0016285130426142596
2021-03-10,0.021168060500845024
2021-03-11,0.04370822775650394
2021-03-12,0.026824678188178533
2021-03-15,0.03776183245837966
2021-03-16,0.022322845140550465
2021-03-17,0.019521890997122118
2021-03-18,-0.005222880797438513
2021-03-19,-0.008420780718405711
2021-03-22,-0.006413283621701762
2021-03-23,-0.013053007048661566
2021-03-24,-0.021553644263104008
2021-03-25,-0.001287375993251712
2021-03-26,0.016551197796701344
2021-03-29,0.008092676956142646
2021-03-30,0.013338132516974919
2021-03-31,0.022479578732422966
2021-04-01,0.027611020088848987
2021-04-05,0.025875975686770542
2021-04-06,0.025790167561363177
2021-04-07,0.029603287992528843
2021-04-08,0.030293759408858322
2021-04-09,0.02679635819773356
2021-04-12,0.012909545731926278
2021-04-13,0.016459787145093645
2021-04-14,0.011882190994218828
2021-04-15,0.017831999150276563
2021-04-16,0.013924934457518046
2021-04-19,0.00863523754963068
2021-04-20,-0.0016724861690752388
2021-04-21,0.011166012181971257
2021-04-22,-0.008694463581904954
2021-04-23,-0.0012468871068730138
2021-04-26,0.005763377728295058
2021-04-27,0.012896447947516982
2021-04-28,0.0031915323165477615
2021-04-29,0.01871908098434014
2021-04-30,0.001342809410663576
2021-05-03,0.0014119761184844999
2021-05-04,-0.0045609848536900975
2021-05-05,-0.003961202979589075
2021-05-06,-0.0023596106903604848
2021-05-07,0.01148401958896143
2021-05-10,-0.0006219651751518475
2021-05-11,-0.003398312778229437
2021-05-12,-0.025184889341959206
2021-05-13,-0.021197975031563416
2021-05-14,-0.013211167610039843
2021-05-17,-0.005807094355462985
2021-05-18,-0.005495400083898439
2021-05-19,0.01335339105789711
2021-05-20,0.012112997348332794
2021-05-21,-0.003944526553335313
2021-05-24,0.008745712510265163
2021-05-25,0.015177569640352606
2021-05-26,0.019785603588509733
2021-05-27,0.009609886259157603
2021-05-28,0.012216073626131398
2021-06-01,0.001192249120582483
2021-06-02,0.004985003054319051
2021-06-03,-0.0007160159495431381
2021-06-04,0.007863320569918966
2021-06-07,0.0051057202516338095
2021-06-08,0.0062000362070004835
2021-06-09,0.003135291983042494
2021-06-10,0.011491298535872682
2021-06-11,0.004038204719582565
2021-06-14,0.007245096466782541
2021-06-15,0.005196099406112745
2021-06-16,0.0010902656446206817
2021-06-17,-0.003878860002080307
2021-06-18,-0.01911231684793176
2021-06-21,-0.0071342754695881035
2021-06-22,3.348388896053444e-05
2021-06-23,0.004426591822151403
2021-06-24,0.010656345022650058
2021-06-25,0.02778435751455206
2021-06-28,0.015584007429821946
2021-06-29,0.01078986992862263
2021-06-30,0.012837064583113914
2021-07-01,0.012460045390891435
2021-07-02,0.016528941518395675
2021-07-06,0.01269166654280013
2021-07-07,0.015682017553406036
2021-07-08,0.006659315823852055
2021-07-09,0.011755949896496067
2021-07-12,0.007717199877259945
2021-07-13,0.006125534048861334
2021-07-14,0.004088618489399836
2021-07-15,0.00884856717155688
2021-07-16,-0.009643898567896757
2021-07-19,-0.028097656857851806
2021-07-20,-0.01045413489725885
2021-07-21,-0.0038816690578153267
2021-07-22,0.0016318303661602565
2021-07-23,0.019741863565953102
2021-07-26,0.03707154672368592
2021-07-27,0.018274916224859966
2021-07-28,0.00980123949268902
2021-07-29,0.01184786698771751
2021-07-30,-0.0032557387486837432
2021-08-02,-0.007807772111898903
2021-08-03,0.004862876873333137
2021-08-04,0.000341705289305397
2021-08-05,0.002515955424370662
2021-08-06,0.00903506974438066
2021-08-09,0.010321472030785537
2021-08-10,0.003461952401147632
2021-08-11,0.010875132637396936
2021-08-12,0.007554595145538633
2021-08-13,0.007721864353753672
2021-08-16,0.010887622871728097
2021-08-17,0.0030678076001522028
2021-08-18,-0.010419558826450171
2021-08-19,-0.01186505046469359
2021-08-20,-0.005757666407665049
2021-08-23,0.0006486452774145465
2021-08-24,0.008811603111199884
2021-08-25,0.021913034112020075
2021-08-26,0.014445377982323487
2021-08-27,0.015421076658374376
2021-08-30,0.011050799610401415
2021-08-31,0.007981805710743575
2021-09-01,0.00641724631572918
2021-09-02,0.015409662696770247
2021-09-03,0.006265667671197251
2021-09-07,-0.0017042141031632426
2021-09-08,-0.0014404067587968537
2021-09-09,-0.006261495070102446
2021-09-10,-0.01724899287535943
2021-09-13,-0.014450102256403682
2021-09-14,-0.016279361293338675
2021-09-15,-0.006742366198379233
2021-09-16,-0.004039229253166704
2021-09-17,-0.005912372311351576
2021-09-20,-0.025283427777264552
2021-09-21,-0.020817261995869224
2021-09-22,-0.0194276858609365
2021-09-23,-0.00576452607235153
2021-09-24,0.005670334070321866
2021-09-27,0.019620182215658095
2021-09-28,0.00020750680647364344
2021-09-29,-0.007818281012715369
2021-09-30,-0.03219260868266494
2021-10-01,-0.022024506488789244
2021-10-04,-0.03213950778912851
2021-10-05,-0.0014303655143383357
2021-10-06,0.0010352217911056422
2021-10-07,0.021941423472467886
2021-10-08,0.008301866147359838
2021-10-11,0.014015829644560213
2021-10-12,0.0011997248701901863
2021-10-13,0.0006437003333904627
2021-10-14,0.008715583375743487
2021-10-15,0.018127985725159786
2021-10-18,0.02835060083698386
2021-10-19,0.03850034785553452
2021-10-20,0.038828964500487305
2021-10-21,0.024753459145260583
2021-10-22,0.016129740741056033
2021-10-25,0.01852176311180882
2021-10-26,0.011736200422318217
2021-10-27,0.0033761846761831554
2021-10-28,0.010373897523661538
2021-10-29,0.013437740076722745
2021-11-01,0.009808061762833976
2021-11-02,0.012943451911312858
2021-11-03,0.023470042686871515
2021-11-04,0.01856896547929635
2021-11-05,0.020005470075377053
2021-11-08,0.019139929169084514
2021-11-09,0.011794227192669739
2021-11-10,-0.002369852492647225
2021-11-11,-0.006747835328645349
2021-11-12,-0.002692878256753512
2021-11-15,-0.0032040464915193937
2021-11-16,0.004056961831016964
2021-11-17,0.009702167999082266
2021-11-18,0.012769296525357333
2021-11-19,0.003461070576570363
2021-11-22,0.0002996420116349753
2021-11-23,-0.002325579222122984
2021-11-24,0.002773083192407546
2021-11-26,-0.023173216232172927
2021-11-29,-0.009191382332768519
2021-11-30,-0.026021566258946072
2021-12-01,-0.038516091022649586
2021-12-02,-0.025982136222009202
2021-12-03,-0.012165998066703515
2021-12-06,-0.012584380213922528
2021-12-07,0.027538743823197858
2021-12-08,0.041352907339684435
2021-12-09,0.019377999015831763
2021-12-10,0.0374871269376682
2021-12-13,0.01681552460243225
2021-12-14,-0.010561980572098166
2021-12-15,0.002297751963749415
2021-12-16,0.00021473364531681135
2021-12-17,-0.019855031643487144
2021-12-20,-0.021647582837906625
2021-12-21,0.002859427872598102
2021-12-22,-0.002695888534968398
2021-12-23,0.012364555867562776
2021-12-27,0.03711747754812222
2021-12-28,0.046990455092573435
2021-12-29,0.030665750222920594
2021-12-30,0.017948172464075804
2021-12-31,0.009221977312088292
2022-01-03,0.0009424272540412823
2022-01-04,0.0014248954220750245
2022-01-05,-0.019242522729951552
2022-01-06,-0.017413833091238153
2022-01-07,-0.018851793769645585
2022-01-10,-0.02587007529820088
2022-01-11,-0.016468267772763022
2022-01-12,0.00562081135305437
2022-01-13,-0.007313864489332439
2022-01-14,-0.0029436951769462086
2022-01-18,-0.019566963995926844
2022-01-19,-0.03907154097841793
2022-01-20,-0.05290159037187967
2022-01-21,-0.05885286036751381
2022-01-24,-0.055024030996832736
2022-01-25,-0.04943993557886042
2022-01-26,-0.04151401202225314
2022-01-27,-0.0353342376465742
2022-01-28,0.00902361386308073
2022-01-31,0.022636793035702586
2022-02-01,0.041655070597233855
2022-02-02,0.053834099478424116
2022-02-03,0.03499847515004581
2022-02-04,0.01515758389932069
2022-02-07,-0.005907524833985113
2022-02-08,-0.004447590501596459
2022-02-09,0.0004152670968921807
2022-02-10,0.006072047740099953
2022-02-11,-0.018534915557790715
2022-02-14,-0.01859529289150984
2022-02-15,-0.01079118700775944
2022-02-16,-0.024201012422486956
2022-02-17,-0.027664946728383353
2022-02-18,-0.014245255768304108
2022-02-22,-0.021760234814376386
2022-02-23,-0.055656172488057806
2022-02-24,-0.041839542443391387
2022-02-25,0.0015776401031217856
2022-02-28,0.005511768436781189
2022-03-01,0.0009539348387227598
2022-03-02,0.03708085157521847
2022-03-03,0.017153003694008732
2022-03-04,-0.012829091321359901
2022-03-07,-0.040189415354169714
2022-03-08,-0.032452621779649464
2022-03-09,-0.024223982907405968
2022-03-10,-0.02375891997221836
2022-03-11,-0.028397454955827187
2022-03-14,-0.0058103575998558225
2022-03-15,0.023552305431945583
2022-03-16,0.019026551821847863
2022-03-17,0.03598581577861445
2022-03-18,0.05967521074655414
2022-03-21,0.06671813639973682
2022-03-22,0.05659969282939307
2022-03-23,0.02170543776933008
2022-03-24,0.02423389834932988
2022-03-25,0.0182126428849538
2022-03-28,0.025592837918732667
2022-03-29,0.026254143439405363
2022-03-30,0.03302255283829689
2022-03-31,0.0025496931478491266
2022-04-01,0.0005080357611740296
2022-04-04,0.0019502597180988445
2022-04-05,-0.023056472593891094
2022-04-06,-0.026912254964985293
2022-04-07,-0.00637492953008968
2022-04-08,-0.01188262234716818
2022-04-11,-0.03765286877537715
2022-04-12,-0.028653099014915525
2022-04-13,-0.007215105300785658
2022-04-14,-0.02477121298649774
2022-04-18,-0.021682683678499997
2022-04-19,0.011571318227824725
2022-04-20,0.014541510442912764
2022-04-21,-0.011913313522224375
2022-04-22,-0.027206022507985886
2022-04-25,-0.02183612238155035
2022-04-26,-0.06723862744092647
2022-04-27,-0.06368876201472892
2022-04-28,-0.0236767274925914
2022-04-29,-0.03350986651611854
2022-05-02,-0.03328949014696835
2022-05-03,0.0006726812045490926
2022-05-04,0.02786316900617588
2022-05-05,-0.033272166582768464
2022-05-06,-0.0016033085512948176
2022-05-09,-0.04014565151599543
2022-05-10,-0.04241130114510952
2022-05-11,-0.08842347901622917
2022-05-12,-0.053278203079169945
2022-05-13,-0.0236647042450485
2022-05-16,0.004810520893024667
2022-05-17,0.022864051762010704
2022-05-18,-0.0022685887433474827
2022-05-19,-0.007367514977757119
2022-05-20,-0.03055794986253957
2022-05-23,-0.007954791469324804
2022-05-24,-0.035979407755273404
2022-05-25,0.01396317814341386
2022-05-26,0.03989097235300744
2022-05-27,0.0637072531172599
2022-05-31,0.03954333500190416
2022-06-01,0.03908492463684805
2022-06-02,0.04915311605004356
2022-06-03,0.012821221594425752
2022-06-06,-0.008391084109477965
2022-06-07,0.006781972493751047
2022-06-08,0.003971910270237654
2022-06-09,-0.03896283080167403
2022-06-10,-0.0518396993909064
2022-06-13,-0.09358765872907114
2022-06-14,-0.10615192842569071
2022-06-15,-0.08106456894571701
2022-06-16,-0.09065038077350035
2022-06-17,-0.0590725521576086
2022-06-21,0.004497084144566508
2022-06-22,0.005700386907871299
2022-06-23,0.0012992867735571497
2022-06-24,0.06625451310213158
2022-06-27,0.06027405842244465
2022-06-28,0.014767706929061273
2022-06-29,0.01576750500836092
2022-06-30,-0.0021446825313798505
2022-07-01,-0.02292272029966025
2022-07-05,-0.01720910033109781
2022-07-06,0.0068072209548253335
2022-07-07,0.022487925294873225
2022-07-08,0.029822702500148603
2022-07-11,0.007812324739201517
2022-07-12,-0.0029625717208486093
2022-07-13,-0.011600031811157029
2022-07-14,-0.02889746796042176
2022-07-15,-0.009149655589059133
2022-07-18,-0.005951580253124472
2022-07-19,0.029597041814971685
2022-07-20,0.04121579652500206
2022-07-21,0.053778867177397965
2022-07-22,0.025532501151214013
2022-07-25,0.035038094611059216
2022-07-26,-0.0035240906762558713
2022-07-27,0.01575786890329835
2022-07-28,0.018090699911137098
2022-07-29,0.04188546240433885
2022-08-01,0.037705450938825526
2022-08-02,0.042988228380342365
2022-08-03,0.03289110970263616
2022-08-04,0.019750827756256785
2022-08-05,0.0035858574712297644
2022-08-08,0.005390088328926044
2022-08-09,0.008030105526423196
2022-08-10,0.013278440616403004
2022-08-11,0.013954293848672993
2022-08-12,0.03243323088596941
2022-08-15,0.03770686736395118
2022-08-16,0.043642823293543326
2022-08-17,0.015733105888701717
2022-08-18,0.018635375564390703
2022-08-19,-0.011681200105093088
2022-08-22,-0.03683562671975485
2022-08-23,-0.04121463226909111
2022-08-24,-0.030895229278096643
2022-08-25,-0.01977869232234682
2022-08-26,-0.04068485242961516
2022-08-29,-0.026276645129927934
2022-08-30,-0.03489315720433043
2022-08-31,-0.04572741715514825
2022-09-01,-0.05661311372584296
2022-09-02,-0.03277826100793271
2022-09-06,-0.02992430729446173
2022-09-07,-0.0010803495412388246
2022-09-08,0.013072861433270066
2022-09-09,0.02535557531994946
2022-09-12,0.04664630999950285
2022-09-13,0.005970309329066583
2022-09-14,-0.008026593743728187
2022-09-15,-0.025959779463303814
2022-09-16,-0.049033691941474056
2022-09-19,-0.051998918133522566
2022-09-20,-0.01908770289276733
2022-09-21,-0.040493869936394665
2022-09-22,-0.03751100141087481
2022-09-23,-0.04674980693277392
2022-09-26,-0.0644166765541834
2022-09-27,-0.05542790630397664
2022-09-28,-0.018344733746457745
2022-09-29,-0.031019718614554312
2022-09-30,-0.029707289280538514
2022-10-03,0.006293499549131511
2022-10-04,0.039365793235920224
2022-10-05,0.01754955273857884
2022-10-06,0.028290135265817053
2022-10-07,0.015584464718630222
2022-10-10,-0.018139194513835038
2022-10-11,-0.055008427987862284
2022-10-12,-0.055981609982131975
2022-10-13,-0.019562802932124913
2022-10-14,-0.014325139403376406
2022-10-17,0.018711884091847097
2022-10-18,0.03674595948843054
2022-10-19,0.032938166342903294
2022-10-20,-0.0015315404460645786
2022-10-21,0.04553190860626059
2022-10-24,0.03232171632211069
2022-10-25,0.036483237302733035
2022-10-26,0.036032270210377554
2022-10-27,0.039098556606957165
2022-10-28,0.03859979558869124
2022-10-31,0.019188280858295298
2022-11-01,-0.001039987834332278
2022-11-02,-0.01889349817460862
2022-11-03,-0.023889416021544638
2022-11-04,-0.033111123113334306
2022-11-07,-0.016341830700290192
2022-11-08,-0.006574877703695567
2022-11-09,-0.001976196627271137
2022-11-10,0.061871498958147586
2022-11-11,0.05721293770563171
2022-11-14,0.03914999858993839
2022-11-15,0.04226180350229947
2022-11-16,0.05542128719117706
2022-11-17,-0.001140687308668943
2022-11-18,-0.006242543595369812
2022-11-21,-0.001342284309375531
2022-11-22,0.0035321271697931517
2022-11-23,0.017471922445520042
2022-11-25,0.020312772656608375
2022-11-28,-0.00030318865205077706
2022-11-29,0.0016206719385914775
2022-11-30,0.019267825497271112
2022-12-01,0.012249929385765017
2022-12-02,0.011319328675423533
2022-12-05,0.009252248704784109
2022-12-06,-0.0035486832475406993
2022-12-07,-0.03626588671529214
2022-12-08,-0.027726427337938418
2022-12-09,-0.03407008774275853
2022-12-12,-0.0016028940741858347
2022-12-13,0.02045830664750713
2022-12-14,0.015746861047877574
2022-12-15,-0.01682247916133292
2022-12-16,-0.021200632433769205
2022-12-19,-0.04403068600794131
2022-12-20,-0.05020465836784415
2022-12-21,-0.028948950673717725
2022-12-22,-0.01855181520816293
2022-12-23,-0.0009398380564005845
2022-12-27,0.0036247367221039035
2022-12-28,-0.010248265808552466
2022-12-29,-0.0072498804577544014
2022-12-30,0.004481587371685418
2023-01-03,-0.005473145999701092
2023-01-04,0.006168699401001212
2023-01-05,0.00719522894367457
2023-01-06,0.012028258396196895
2023-01-09,0.014098626541826767
2023-01-10,0.025306037978167394
2023-01-11,0.030183807467972078
2023-01-12,0.045297202006963175
2023-01-13,0.026495918500940453
2023-01-17,0.025229471820661244
2023-01-18,0.002327012982429436
2023-01-19,-0.0175476359552821
2023-01-20,-0.0027243857414971403
2023-01-23,0.005331081584812197
2023-01-24,0.006090595237466278
2023-01-25,0.02237945128899202
2023-01-26,0.040615989389373726
2023-01-27,0.024453540890437712
2023-01-30,-0.00010004494879294987
2023-01-31,0.015570199555630408
2023-02-01,0.025767203650407435
2023-02-02,0.02928884848200023
2023-02-03,0.016307800893386997
2023-02-06,0.022804005124648054
2023-02-07,0.021201535116103388
2023-02-08,-0.000365289786089848
2023-02-09,-0.02352417418846974
2023-02-10,-0.010507308066677351
2023-02-13,0.007293457548569569
2023-02-14,-0.006160625630042582
2023-02-15,0.008076460019033843
2023-02-16,0.0029188120691719666
2023-02-17,-0.0019132423328018329
2023-02-21,-0.033848694365748014
2023-02-22,-0.03476770129762896
2023-02-23,-0.03270451132169483
2023-02-24,-0.029579778223547532
2023-02-27,-0.023678460365697217
2023-02-28,-0.007116580652308243
2023-03-01,-0.009580531645495386
2023-03-02,-0.007138769587350868
2023-03-03,0.019511862508563987
2023-03-06,0.0168040808233987
2023-03-07,0.005059602835359137
2023-03-08,0.010533643610413266
2023-03-09,-0.015835585991034934
2023-03-10,-0.046280895161039955
2023-03-13,-0.04839972746282727
2023-03-14,-0.016557282085333153
2023-03-15,-0.024462107598244763
2023-03-16,0.011553033415154127
2023-03-17,0.014326086135657855
2023-03-20,0.02532222546327778
2023-03-21,0.02197220762091361
2023-03-22,0.011052789126985586
2023-03-23,-0.003640473520082776
2023-03-24,0.014661667570351474
2023-03-27,0.006959921981426229
2023-03-28,-0.008332171111934534
2023-03-29,0.023291416812773368
2023-03-30,0.026429952119978336
2023-03-31,0.03388547135657054
2023-04-03,0.03582089922730874
2023-04-04,0.03250451903950723
2023-04-05,0.015452728941169197
2023-04-06,0.013507621322069962
2023-04-10,0.0005371456969539848
2023-04-11,-0.0029974448655321977
2023-04-12,-0.0015184732141932324
2023-04-13,0.014298519499821437
2023-04-14,0.00795945065790593
2023-04-17,0.010515686893035999
2023-04-18,0.010898901981890773
2023-04-19,0.014814288028933016
2023-04-20,-0.0038530525565618153
2023-04-21,-0.0006304445704298713
2023-04-24,-0.0031697262837356633
2023-04-25,-0.019822907386895877
2023-04-26,-0.023898419120255383
2023-04-27,0.0012860780115195058
2023-04-28,0.009008346123900663
2023-05-01,0.006955328892564526
2023-05-02,0.011653634892984528
2023-05-03,0.009010606839983204
2023-05-04,-0.017810067276701796
2023-05-05,-0.007965716363486237
2023-05-08,-0.006688828845763564
2023-05-09,0.00021911999137709843
2023-05-10,0.011768166890859348
2023-05-11,0.017130915781473306
2023-05-12,-0.0025235873338998317
2023-05-15,0.0006539611736818393
2023-05-16,-0.0016561279811459222
2023-05-17,0.005748163737078407
2023-05-18,0.017080847214739854
2023-05-19,0.016935887367505863
2023-05-22,0.013897732694678205
2023-05-23,0.00931660244963656
2023-05-24,-0.010020264051998925
2023-05-25,-0.010985025011590722
2023-05-26,0.0033386679370858044
2023-05-30,0.0033136165433432785
2023-05-31,0.009039213645844849
2023-06-01,0.025766482532765048
2023-06-02,0.03150156148691844
2023-06-05,0.01671581031571871
2023-06-06,0.018510110550721205
2023-06-07,0.020606947125908517
2023-06-08,0.01718106647145405
2023-06-09,0.004616359189899536
2023-06-12,0.015565418457126575
2023-06-13,0.019961615834700266
2023-06-14,0.02461540959943821
2023-06-15,0.03090657193500173
2023-06-16,0.025701668492063765
2023-06-20,0.011469077239752243
2023-06-21,-0.00023896882957835248
2023-06-22,0.0021741204136865597
2023-06-23,-0.01773613540473141
2023-06-26,-0.018418193581435552
2023-06-27,-0.0023128999466231026
2023-06-28,0.003328142208845934
2023-06-29,0.003658666531158512
2023-06-30,0.022979010744858693
2023-07-03,0.028223086596275666
2023-07-05,0.015831190632099743
2023-07-06,0.007465332253552133
2023-07-07,0.0010036667400597538
2023-07-10,-0.00819985939267835
2023-07-11,-0.003001450855961112
2023-07-12,0.006500512397840027
2023-07-13,0.02226757442751277
2023-07-14,0.024172670041084483
2023-07-17,0.02511075974532388
2023-07-18,0.02616560472754941
2023-07-19,0.02037317673041824
2023-07-20,0.005810939418003929
2023-07-21,0.00643382459014285
2023-07-24,0.007425196600464381
2023-07-25,0.002748339455221659
2023-07-26,0.0006808227921453291
2023-07-27,0.0006854382094172582
2023-07-28,0.010428138663794462
2023-07-31,0.007873113098982726
2023-08-01,0.002280904719018319
2023-08-02,-0.011881179764689623
2023-08-03,-0.00809922894644854
2023-08-04,-0.022374926675028647
2023-08-07,-0.015586667126711903
2023-08-08,-0.017078997174131708
2023-08-09,-0.009778322195460338
2023-08-10,-0.006549309446542356
2023-08-11,-0.002599560047347647
2023-08-14,-0.00578538425242332
2023-08-15,-0.013144519233234111
2023-08-16,-0.013801879188804688
2023-08-17,-0.021809997606687365
2023-08-18,-0.020745425298285304
2023-08-21,-0.019765118839683456
2023-08-22,-0.01075998013656917
2023-08-23,0.007681176165380063
2023-08-24,0.0013744331867785863
2023-08-25,0.00791813786317813
2023-08-28,0.007754411118496418
2023-08-29,0.024817696903139595
2023-08-30,0.0178519688194789
2023-08-31,0.03034363376259801
2023-09-01,0.02518201458493313
2023-09-05,0.01452920287702345
2023-09-06,-0.006567073786215726
2023-09-07,-0.013752306615792352
2023-09-08,-0.010783033312361622
2023-09-11,-0.006091349174076906
2023-09-12,-0.007260777935372444
2023-09-13,0.000649940801255019
2023-09-14,0.01231009115914696
2023-09-15,-0.0013164039793293386
2023-09-18,-0.007285324591570497
2023-09-19,-0.0038602789807395278
2023-09-20,-0.014261885991350495
2023-09-21,-0.03951346503275866
2023-09-22,-0.029643168652372303
2023-09-25,-0.026032856323251297
2023-09-26,-0.038757311952557376
2023-09-27,-0.02912227049070977
2023-09-28,-0.0066752270986010845
2023-09-29,-0.006853814970183771
2023-10-02,-0.011448171648871401
2023-10-03,-0.01012446320150754
2023-10-04,-0.003267813969751054
2023-10-05,-0.009425428645380521
2023-10-06,0.004807370047987335
2023-10-09,0.011586926239603978
2023-10-10,0.030254804015953048
2023-10-11,0.02708704009402187
2023-10-12,0.021348783512137273
2023-10-13,0.004552439811685617
2023-10-16,0.00863739142585883
2023-10-17,0.0034000998601473537
2023-10-18,-0.014102497369137395
2023-10-19,-0.016812482258833774
2023-10-20,-0.02418345684387333
2023-10-23,-0.03638455915202813
2023-10-24,-0.028827651433189678
2023-10-25,-0.029869163587970923
2023-10-26,-0.03309087483571994
2023-10-27,-0.025269674980883984
2023-10-30,-0.011650373856162483
2023-10-31,-0.01290060284697164
2023-11-01,0.012163936918476559
2023-11-02,0.04319368010698448
2023-11-03,0.05681893298245867
2023-11-06,0.04723190064217329
2023-11-07,0.04381313465922454
2023-11-08,0.03393696923522935
2023-11-09,0.007124656030985769
2023-11-10,0.013526870693374559
2023-11-13,0.010275308446011253
2023-11-14,0.026648368203732665
2023-11-15,0.02803111390151948
2023-11-16,0.03708291250927931
2023-11-17,0.022841593486857503
2023-11-20,0.03146348782827526
2023-11-21,0.010066622814912511
2023-11-22,0.01180508450099508
2023-11-24,0.011197813061637285
2023-11-27,0.008152283895547056
2023-11-28,0.0014736816048272411
2023-11-29,0.0029518258406924297
2023-11-30,0.0030282422004031333
2023-12-01,0.008311568847499125
2023-12-04,0.004850834816327342
2023-12-05,0.0036643185243390194
2023-12-06,0.00032995122664674606
2023-12-07,0.004001640582479525
2023-12-08,0.0023932101249309065
2023-12-11,0.011538452861362415
2023-12-12,0.016292303860869984
2023-12-13,0.03402630004008253
2023-12-14,0.029628928372606538
2023-12-15,0.02369095728529394
2023-12-18,0.025418414241036948
2023-12-19,0.026923999739527447
2023-12-20,-0.0007261144278892586
2023-12-21,0.005507027630677397
2023-12-22,0.009162608550466782
2023-12-26,0.0077667577970436
2023-12-27,0.003510807434633486
2023-12-28,0.017842622280284118
2023-12-29,0.005506224515407845
2024-01-02,-0.0021134697474314693
2024-01-03,-0.014527312674379856
2024-01-04,-0.01956004034957276
2024-01-05,-0.01856899627557021
2024-01-08,-0.0014948671779775678
2024-01-09,0.002598890296023495
2024-01-10,0.016438771421271033
2024-01-11,0.019224173863708588
2024-01-12,0.018547945955371112
2024-01-16,0.0006950260871623754
2024-01-17,-0.003360807635387238
2024-01-18,-0.0001469410775833491
2024-01-19,0.012682918312911415
2024-01-22,0.014102626241983897
2024-01-23,0.020692859627456955
2024-01-24,0.027359352098432495
2024-01-25,0.02393020209636827
2024-01-26,0.010269753219621381
2024-01-29,0.016045859868950983
2024-01-30,0.012359941605223803
2024-01-31,-0.005184394729120302
2024-02-01,0.002394475966090627
2024-02-02,0.01413834731203842
2024-02-05,0.002602122943089407
2024-02-06,0.006274877401922807
2024-02-07,0.031032765124420617
2024-02-08,0.01847114145770068
2024-02-09,0.013761505903703891
2024-02-12,0.016970329488960385
2024-02-13,0.00020241439373187134
2024-02-14,0.0009429844979229207
2024-02-15,0.007377439868976639
2024-02-16,-0.003377682688549513
2024-02-20,-0.008459265933473804
2024-02-21,0.00631503002592662
2024-02-22,0.017752824323936607
2024-02-23,0.011566159086064749
2024-02-26,0.012889181065354617
2024-02-27,0.020265961742026075
2024-02-28,0.018037836395824403
2024-02-29,0.0011421782695036657
2024-03-01,0.009797218619659669
2024-03-04,0.012393524913746005
2024-03-05,0.0004930062416412986
2024-03-06,0.006870010558668361
2024-03-07,0.013158904653032953
2024-03-08,-0.002205734608334412
2024-03-11,-0.0019929935691441383
2024-03-12,0.018751359221142908
2024-03-13,0.012128263560406824
2024-03-14,0.00027192907964872134
2024-03-15,-0.0005980113542923534
2024-03-18,0.006187594901645811
2024-03-19,0.001029547170279966
2024-03-20,0.0118051664341107
2024-03-21,0.01708299036549119
2024-03-22,0.022075681270081925
2024-03-25,0.013383669199247255
2024-03-26,0.005992932368456969
2024-03-27,0.005155014965837816
2024-03-28,0.001664771233263239
2024-04-01,0.0018208431199162448
2024-04-02,-0.0017907826008127566
2024-04-03,0.0011559039080070725
2024-04-04,-0.01949431080382436
2024-04-05,-0.00891033536419599
2024-04-08,-0.006609769226487264
2024-04-09,0.0009245355217174913
2024-04-10,-0.010236832529682046
2024-04-11,0.009563008883845002
2024-04-12,-0.014728996567339942
2024-04-15,-0.02789534188254932
2024-04-16,-0.030876923958302868
2024-04-17,-0.02674913705916854
2024-04-18,-0.036327638692137204
2024-04-19,-0.031195010434930958
2024-04-22,-0.009420771534605795
2024-04-23,0.00420139492383206
2024-04-24,0.009662435147000943
2024-04-25,0.007916201031644877
2024-04-26,0.026112178191184048
2024-04-29,0.020480413081616376
2024-04-30,-0.0072843052151013
2024-05-01,-0.010062019577020253
2024-05-02,0.0030539957036781326
2024-05-03,0.005943687479525278
2024-05-06,0.012682290600625984
2024-05-07,0.029753385797613562
2024-05-08,0.033102351601945884
2024-05-09,0.029537811429601428
2024-05-10,0.018506042805287358
2024-05-13,0.008366396898127522
2024-05-14,0.011841152461488568
2024-05-15,0.02405160554760978
2024-05-16,0.016246609453761756
2024-05-17,0.01639581772560784
2024-05-20,0.017413182935054974
2024-05-21,0.015284835485814424
2024-05-22,9.428739359161634e-05
2024-05-23,-0.005177009708683529
2024-05-24,-1.865774307014014e-05
2024-05-28,-0.00047191120545268735
2024-05-29,-0.009948530635161726
2024-05-30,-0.013720772881301585
2024-05-31,0.002677156559135947
2024-06-03,-0.003102731267791782
2024-06-04,-0.002683742186480205
2024-06-05,0.016158673595905983
2024-06-06,0.02279553610711299
2024-06-07,0.012512287355336878
2024-06-10,0.01478236901097752
2024-06-11,0.016070339020147078
2024-06-12,0.012434549587329619
2024-06-13,0.01446500135096799
2024-06-14,0.01628941782770078
2024-06-17,0.02113187876814544
2024-06-18,0.021264151565559414
2024-06-20,0.010364160984351153
2024-06-21,0.0070111610246040585
2024-06-24,0.003147217888399099
2024-06-25,-0.000936818769858383
2024-06-26,-0.002226928046736374
2024-06-27,0.0020688099086362656
2024-06-28,-0.0005326807423922514
2024-07-01,0.00477901500971041
2024-07-02,0.007642872037484399
2024-07-03,0.010848087900260676
2024-07-05,0.015022828007911002
2024-07-08,0.020118972903700596
2024-07-09,0.019035091903438925
2024-07-10,0.022174449949904397
2024-07-11,0.009061743053658847
2024-07-12,0.009599681899249889
2024-07-15,0.011192753747646961
2024-07-16,0.016133314256667364
2024-07-17,-0.007833531605937877
2024-07-18,-0.006888021059434853
2024-07-19,-0.019838845138975995
2024-07-22,-0.01232782662961038
2024-07-23,-0.019810259773605128
2024-07-24,-0.02861330399457575
2024-07-25,-0.026122709122489957
2024-07-26,-0.008322273609887867
2024-07-29,-0.017992034246315267
2024-07-30,-0.021501395593516142
2024-07-31,0.017545605273116497
2024-08-01,0.008507251574274873
2024-08-02,-0.02142398267329504
2024-08-05,-0.05156774903381266
2024-08-06,-0.03731111776010677
2024-08-07,-0.06014151081203283
2024-08-08,-0.023024981795839294
2024-08-09,0.0001688530253025257
2024-08-12,0.03025021326492263
2024-08-13,0.03738481763710959
2024-08-14,0.047241187242930256
2024-08-15,0.041381805637008336
2024-08-16,0.03922132925450715
2024-08-19,0.04821208186631182
2024-08-20,0.030272746631538387
2024-08-21,0.03055365247884095
2024-08-22,0.005679328345598875
2024-08-23,0.014008892675300515
2024-08-26,0.002106538689043144
2024-08-27,0.005106132732525179
2024-08-28,-0.00414680602949389
2024-08-29,0.0038221404205628635
2024-08-30,0.0027537053540940496
2024-09-03,-0.015653473957098155
2024-09-04,-0.01907449015394163
2024-09-05,-0.01568755401431934
2024-09-06,-0.032750353270041326
2024-09-09,-0.031117078360978205
2024-09-10,-0.005977171060106669
2024-09-11,0.006278259037273797
2024-09-12,0.017101607566232375
2024-09-13,0.039284146871008035
2024-09-16,0.029625861854967593
2024-09-17,0.025688245204864627
2024-09-18,0.01251131592029743
2024-09-19,0.02104372554379078
2024-09-20,0.01410444497629631
2024-09-23,0.015124341929829276
2024-09-24,0.017572992188200753
2024-09-25,0.018335351464100442
2024-09-26,0.005371843170544362
2024-09-27,0.005650232397726684
2024-09-30,0.007153963965456468
2024-10-01,-0.004702083251068376
2024-10-02,-0.002072202228924546
2024-10-03,-0.007858960684551056
2024-10-04,0.0026389011043034434
2024-10-07,-0.010441890401356426
2024-10-08,0.007970008035602947
2024-10-09,0.014450598936579507
2024-10-10,0.014528746541618722
2024-10-11,0.01145292745681454
2024-10-14,0.02867936444876375
2024-10-15,0.01146640436859248
2024-10-16,0.008900899319920396
2024-10-17,0.010738274426781257
2024-10-18,0.008606965667203731
2024-10-21,-0.0011814583398461176
2024-10-22,0.0060870641741733005
2024-10-23,-0.007429227283688776
2024-10-24,-0.005354616206003852
2024-10-25,-0.009539152074166442
2024-10-28,-0.0048090459503847705
2024-10-29,-0.002660728491655304
2024-10-30,0.003488881707010327
2024-10-31,-0.01846936583421917
2024-11-01,-0.013912361252721616
2024-11-04,-0.019155248787952023
2024-11-05,-0.00875293005783889
2024-11-06,0.018838245815026713
2024-11-07,0.04633853015698774
2024-11-08,0.04644945161887972
2024-11-11,0.049557846226589666
2024-11-12,0.03442757918996151
2024-11-13,0.010351657469210983
2024-11-14,-0.0038016509414849444
2024-11-15,-0.021015591049199693
2024-11-18,-0.017878639384218326
2024-11-19,-0.011118956312575591
2024-11-20,-0.011265760847148922
2024-11-21,0.0005392094980430912
2024-11-22,0.016525248778773365
2024-11-25,0.01582233636108708
2024-11-26,0.017381624162979278
2024-11-27,0.014008117508573413
2024-11-29,0.014846984229901446
2024-12-02,0.013543357258737858
2024-12-03,0.010620519624303479
2024-12-04,0.011603025854539081
2024-12-05,0.012990729733260722
2024-12-06,0.008691722270048472
2024-12-09,0.0017377249683521423
2024-12-10,-0.0018395008221111925
2024-12-11,-0.000329174243467164
2024-12-12,-0.0038480296213744144
2024-12-13,-0.005940410444446688
2024-12-16,0.003483516224135149
2024-12-17,0.0024686067241976193
2024-12-18,-0.03548874708134476
2024-12-19,-0.030630088315557732
2024-12-20,-0.018492112329664884
2024-12-23,-0.01678253992347744
2024-12-24,-0.0016002298394145768
2024-12-26,0.028723121292423624
2024-12-27,0.018447758012775057
2024-12-30,-0.004968901102351761
2024-12-31,-0.01458405089919258
2025-01-02,-0.028097659482517898
2025-01-03,-0.01573853882012349
2025-01-06,0.0005880104101197219
2025-01-07,0.0006968397202372231
2025-01-08,0.00580150253999057
2025-01-10,-0.007123659873688663
2025-01-13,-0.018000264570621757
2025-01-14,-0.022369314550115833
2025-01-15,0.007025702751143115
2025-01-16,0.0036405944337227353
2025-01-17,0.029015712450744344
2025-01-21,0.03657820765633716
2025-01-22,0.04080884858834979
2025-01-23,0.028225506943410732
2025-01-24,0.027227089268504562
2025-01-27,0.0029909360004717867
2025-01-28,0.0024347349600809852
2025-01-29,-0.007663887512665745
2025-01-30,-0.007754443660067603
2025-01-31,-0.01016716032491148
2025-02-03,-0.002673083931824598
2025-02-04,-0.00454290117645323
2025-02-05,0.003996605011383219
2025-02-06,0.002113363604620285
2025-02-07,-0.001746003494510153
2025-02-10,0.011774421109810643
2025-02-11,0.0058488407453015185
2025-02-12,-0.0014244630983797602
2025-02-13,0.005608278634888824
2025-02-14,0.014754756985982278
2025-02-18,0.01091798743811222
2025-02-19,0.012510020579967456
2025-02-20,0.011567672382570407
2025-02-21,-0.016186603908191696
2025-02-24,-0.020698108589700927
2025-02-25,-0.02861524285787872
2025-02-26,-0.030462791233969107
2025-02-27,-0.04238434007167781
2025-02-28,-0.009647302118424739
2025-03-03,-0.022761807997302753
2025-03-04,-0.029683647298064365
2025-03-05,-0.019498020091615713
2025-03-06,-0.021317764527796847
2025-03-07,-0.031213539287699068
2025-03-10,-0.04053508510949202
2025-03-11,-0.036975170230169004
2025-03-12,-0.04237300274420453
2025-03-13,-0.037882742661957736
2025-03-14,-0.023026566885478512
2025-03-17,0.011651778520950472
2025-03-18,0.009132199027958124
2025-03-19,0.014671583301965547
2025-03-20,0.02519587854153198
2025-03-21,0.0050803544070876765
2025-03-24,0.01514880301959368
2025-03-25,0.028416757203721464
2025-03-26,0.005574783322583859
2025-03-27,0.005811380291908948
2025-03-28,-0.014862200014310333
2025-03-31,-0.025921942912292696
2025-04-01,-0.02550223778585757
2025-04-02,-0.007183676858430003
2025-04-03,-0.055060921287193906
2025-04-04,-0.09504388199239636
2025-04-07,-0.10351700478269776
2025-04-08,-0.12212416324288497
2025-04-09,-0.028569872991337668
2025-04-10,-0.022841508545493217
2025-04-11,0.05517056163211593
2025-04-14,0.06660813878075991
2025-04-15,0.07959007056461578
2025-04-16,-0.04275162922089256
2025-04-17,0.0034824454298215107
2025-04-21,-0.038293513294368545
2025-04-22,-0.022263253538325957
2025-04-23,-0.0040818703320040315
2025-04-24,0.039227592552425264
2025-04-25,0.04500096955658408
2025-04-28,0.06947276264786248
2025-04-29,0.050067289628121056
2025-04-30,0.03508737966609882
2025-05-01,0.021318864742685704
2025-05-02,0.028854611272627406
2025-05-05,0.022722473688687867
2025-05-06,0.00804944286878128
2025-05-07,0.011849438114591262
2025-05-08,0.011731142912436357
2025-05-09,-0.00427903685720498
2025-05-12,0.0339850539881664
2025-05-13,0.04896073217748673
2025-05-14,0.04604114136993849
2025-05-15,0.04396985717834106
2025-05-16,0.05155900199270318
2025-05-19,0.020139139565403003
2025-05-20,0.010189117028620505
2025-05-21,-0.008082404793010384
2025-05-22,-0.012560288266663023
2025-05-23,-0.025723576467652436
2025-05-27,-0.006239403059858191
2025-05-28,-0.008673720742079496
2025-05-29,0.012260274546042393
2025-05-30,0.010746517936941043
2025-06-02,0.023212904016313676
2025-06-03,0.008321802566534085
2025-06-04,0.013855536643618062
2025-06-05,0.0050714405926808055
2025-06-06,0.016407135969114427
2025-06-09,0.011690916683844267
2025-06-10,0.01165827949776484
2025-06-11,0.009070564391997885
2025-06-12,0.01788139825660347
2025-06-13,-0.0035781408060341705
2025-06-16,0.004990203770584182
2025-06-17,-0.009245301857350374
2025-06-18,-0.006539960876866651
2025-06-20,-0.012857505220295253
2025-06-23,0.008214336776067033
2025-06-24,0.009731852077769245
2025-06-25,0.018873709026101845
2025-06-26,0.026817994255237267
2025-06-27,0.0341252187112655
2025-06-30,0.029066120090037305
2025-07-01,0.017755751155732028
2025-07-02,0.02171867702225045
2025-07-03,0.021775730718690853
2025-07-07,0.009339680371619613
2025-07-08,0.004022101798029378
2025-07-09,0.010324452435237996
2025-07-10,0.008617662518633393
2025-07-11,-0.0027544451110650477
2025-07-14,0.006631972999296116
2025-07-15,0.002897417631945993
2025-07-16,0.0002563141535983982
2025-07-17,0.0035411126249697933
2025-07-18,0.006329950514768679
2025-07-21,0.006317932611690154
2025-07-22,0.010743465170474208
2025-07-23,0.015877308983609065
2025-07-24,0.010107363053792092
2025-07-25,0.015055399811179442
2025-07-28,0.012909985054347253
2025-07-29,0.010125740805822613
2025-07-30,0.0003941572785129066
2025-07-31,-0.0036952175348706996
2025-08-01,-0.024436750679299027
2025-08-04,-0.009100360232475218
2025-08-05,-0.011541991346738884
2025-08-06,-0.0026513736185858686
2025-08-07,0.0002689314043474118
2025-08-08,0.02456243778629075
2025-08-11,0.007497584840852255
2025-08-12,0.023170097111631184
2025-08-13,0.01895690584223642
2025-08-14,0.019887937413281452
2025-08-15,0.009776573704415106
2025-08-18,0.01153851182563883
2025-08-19,-0.004491231214220357
2025-08-20,-0.01056915298120869
2025-08-21,-0.014682100787839422
2025-08-22,0.002902001846917429
2025-08-25,-0.0012912139893138021
2025-08-26,0.008327076324826311
2025-08-27,0.013263617674712822
2025-08-28,0.020818710635955893
2025-08-29,-0.0004029872629851489
2025-09-02,-0.0034301001809593583
2025-09-03,-0.0022034685402474072
2025-09-04,0.00384343077113419
2025-09-05,-0.002592406147754882
2025-09-08,0.005843038455332846
2025-09-09,0.015589989234818016
2025-09-10,0.01307174628481392
2025-09-11,0.013024756569497632
2025-09-12,0.01559072282320451
2025-09-15,0.018446831867029122
2025-09-16,0.014759934712297836
2025-09-17,0.010630043161784272
2025-09-18,0.007015775313118391
2025-09-19,0.01229109389248628
2025-09-22,0.011701022393485982
2025-09-23,0.007620512426898242
2025-09-24,0.005677014572383591
2025-09-25,-0.003608721095436449
2025-09-26,-0.002836575502209578
2025-09-29,-0.004750002679778731
2025-09-30,0.004468131738341026
2025-10-01,0.011056614164674145
2025-10-02,0.016831835570156335
2025-10-03,0.011104272864850731
2025-10-06,0.011877661844542928
2025-10-07,0.004403489926979341
2025-10-08,0.00694705688954902
2025-10-09,0.002894795167336353
2025-10-10,-0.024490234668365446
2025-10-13,-0.012842503497577597
2025-10-14,-0.010350523094727448
2025-10-15,-0.011866077030015172
2025-10-16,-0.015798420376101595
2025-10-17,0.017261627802716763
2025-10-20,0.01238084546790555
2025-10-21,0.013588251067445531
2025-10-22,0.00394608439617127
2025-10-23,0.01669201915598599
2025-10-24,0.019171124772692807
2025-10-27,0.020553023791858593
2025-10-28,0.023220497848690368
2025-10-29,0.028913057068815865
2025-10-30,0.011941606837757591
2025-10-31,0.007077162576134238
2025-11-03,-0.0027765706925638872
2025-11-04,-0.01735340201286783
2025-11-05,-0.014374185833891103
2025-11-06,-0.014102421751634139
2025-11-07,-0.016393310706940695
2025-11-10,-0.0027843015075093985
2025-11-11,0.011426585379367433
2025-11-12,0.00852343068173543
2025-11-13,0.0025774936723263887
2025-11-14,0.0014298709194441098
2025-11-17,-0.023414260779184435
2025-11-18,-0.03413371224071208
2025-11-19,-0.03083419932451743
2025-11-20,-0.029460649918619516
2025-11-21,-0.019385113413678514
2025-11-24,0.004586321860855154
2025-11-25,0.022381179350191134
2025-11-26,0.025405277007465355
2025-11-28,0.046208535403638236
2025-12-01,0.031720729439561654
2025-12-02,0.01895998440305643
2025-12-03,0.013054831001722616
2025-12-04,0.006905765616736736
2025-12-05,0.00335993739335596
2025-12-08,0.004927006918406239
2025-12-09,0.002212993177647183
2025-12-10,0.005366578243080121
2025-12-11,0.006960034159776358
2025-12-12,-0.005747979921958915
2025-12-15,-0.004251120795675016
2025-12-16,-0.006123640238198656
2025-12-17,-0.0237986192532504
2025-12-18,-0.018599900242543033
2025-12-19,0.0012329977931957853
2025-12-22,0.008955504804224553
2025-12-23,0.016251583943101555
2025-12-24,0.030827639624953485
2025-12-26,0.023203255459841865
2025-12-29,0.010610643445969192
2025-12-30,0.003178229838427945
2025-12-31,-0.008818362263128113
2026-01-02,-0.010498448446461145
2026-01-05,-0.0037589950281257216
2026-01-06,0.005740566709812211
2026-01-07,0.0037338505979947405
2026-01-08,0.0110688628574907
2026-01-09,0.01582907127511645
2026-01-12,0.010760259970625203
2026-01-13,0.002829214563753855
2026-01-14,0.0011304207106356211
2026-01-15,0.003951471713590943
2026-01-16,-0.0034783236738643733
2026-01-20,-0.025614386283477925
2026-01-21,-0.012137920595447974
2026-01-22,-0.0020009274761621605
2026-01-23,-0.004357726191439901
2026-01-26,0.0015457957693480425
2026-01-27,0.02608898500693845
2026-01-28,0.014513321072493344
2026-01-29,0.007317330859319054
2026-01-30,0.00396757939154881
2026-02-02,0.00386132834719733
2026-02-03,-0.008606366303779114
2026-02-04,-0.01336138282350094
2026-02-05,-0.023942885835479117
2026-02-06,-0.0019528432514029758
2026-02-09,-0.0021016446590602753
2026-02-10,0.003749057559941202
2026-02-11,0.00837366353825122
2026-02-12,0.005372068941224314
2026-02-13,-0.01292669916558805
2026-02-17,-0.016124777238759075
2026-02-18,-0.008459021880055649
2026-02-19,-0.010868854464254344
2026-02-20,0.011906437140838335
2026-02-23,0.0009383918405162671
2026-02-24,0.006568390639519655
2026-02-25,0.009946224250406515
2026-02-26,0.0070171824899609506
2026-02-27,-0.005002167192024678
2026-03-02,0.005830057850563519
2026-03-03,-0.010265521734054416
2026-03-04,-0.011637930724348431
2026-03-05,-0.011659119092637662
2026-03-06,-0.02003940107363007
2026-03-09,-0.011885939668593226
2026-03-10,-0.004640944834225691
2026-03-11,-0.012927432253541813
2026-03-12,-0.022637704817767654
2026-03-13,-0.015120101829041721
2026-03-16,-0.013716549952540982
2026-03-17,-0.009481029217177474
2026-03-18,-0.022276990604509588
2026-03-19,-0.009442951784802648
2026-03-20,-0.018206289021092947
2026-03-23,-0.0178864425987862
2026-03-24,-0.02387604022805443
2026-03-25,-0.004266838960717379
2026-03-26,-0.01981959291021518
2026-03-27,-0.022579008076173662
2026-03-30,-0.03637334922610739
2026-03-31,-0.004357386570595418
