Date,c
2001-01-02,
2001-01-03,0.046916920565236324
2001-01-04,-0.010822177450940567
2001-01-05,-0.03318751056283289
2001-01-08,0.007710812623758759
2001-01-09,-0.0026440992013508353
2001-01-10,0.017416557301050097
2001-01-11,0.0009453457611748687
2001-01-12,-0.0018916770918753424
2001-01-16,0.006371669497350033
2001-01-17,0.004576187841603325
2001-01-18,0.009902931059942131
2001-01-19,-0.00569627803827091
2001-01-22,0.006623892704805362
2001-01-23,0.00784487214037636
2001-01-24,0.002983315542070273
2001-01-25,-0.0025236283015629946
2001-01-26,-0.0011498799011472956
2001-01-29,0.005322014121495455
2001-01-30,0.008746107154580298
2001-01-31,-0.005676212583395168
2001-02-01,0.00661958815586197
2001-02-02,-0.022954165988478988
2001-02-05,0.007316875403082536
2001-02-06,-0.002949851901094199
2001-02-07,-0.005183294525016518
2001-02-08,-0.011725339145495717
2001-02-09,-0.00966171457632744
2001-02-12,0.011388258122865574
2001-02-13,-0.008207520887118201
2001-02-14,-0.0015136134181001648
2001-02-15,0.009645968480722121
2001-02-16,-0.022295456286804675
2001-02-20,-0.015534184387379187
2001-02-21,-0.02181158585041979
2001-02-22,0.001511675331937672
2001-02-23,-0.0067790111640431625
2001-02-26,0.021063393267650894
2001-02-27,-0.009288993334071719
2001-02-28,-0.019889845963954534
2001-03-01,0.005230669172646057
2001-03-02,-0.007977191460141034
2001-03-05,0.009099460145224678
2001-03-06,0.01068566080001957
2001-03-07,0.007112696340267096
2001-03-08,0.0011020021796927528
2001-03-09,-0.03002463166485069
2001-03-12,-0.04374413630577057
2001-03-13,0.01629583563034502
2001-03-14,-0.019944513872924546
2001-03-15,0.0002549344017342923
2001-03-16,-0.0202608530870458
2001-03-19,0.020141769223779717
2001-03-20,-0.027209915027846882
2001-03-21,-0.01713341714338363
2001-03-22,-0.010207195800040581
2001-03-23,0.029790061365285923
2001-03-26,0.012672175275724111
2001-03-27,0.020235721720858194
2001-03-28,-0.028028593390310802
2001-03-29,0.003817417696349769
2001-03-30,0.010423630889748226
2001-04-02,-0.021569800614231242
2001-04-03,-0.03393188010689775
2001-04-04,0.004158812078835815
2001-04-05,0.03718860425525371
2001-04-06,-0.015327086271524487
2001-04-09,0.011059710388474182
2001-04-10,0.01807831111011029
2001-04-11,0.0006859244127174939
2001-04-12,0.017998673623618535
2001-04-16,-0.010572755252784408
2001-04-17,0.014016702602301326
2001-04-18,0.038975063472924766
2001-04-19,0.013219174293940577
2001-04-20,-0.009194385424589719
2001-04-23,-0.018319969087176997
2001-04-24,-0.0054134874445889
2001-04-25,0.012993314638689725
2001-04-26,0.004455138777781764
2001-04-27,0.016513829999943268
2001-04-30,0.006971710680374728
2001-05-01,0.0030743990113715003
2001-05-02,-0.0018120894833928284
2001-05-03,-0.012776453461715766
2001-05-04,0.016867707068848273
2001-05-07,-0.008674869276482174
2001-05-08,-0.00047559120262610956
2001-05-09,-0.0042092547964368175
2001-05-10,0.0029404436287273085
2001-05-11,-0.0069276526975382705
2001-05-14,0.001995400603141638
2001-05-15,0.0046146311043132856
2001-05-16,0.023301259702367703
2001-05-17,0.0015500147456480545
2001-05-18,0.004557990267700476
2001-05-21,0.014614567240206143
2001-05-22,-0.0012921761653482168
2001-05-23,-0.01710604216271196
2001-05-24,0.002935590241344544
2001-05-25,-0.011873670612411598
2001-05-29,-0.00799389218186497
2001-05-30,-0.014105820770888384
2001-05-31,0.005174302171313041
2001-06-01,0.006173687165394446
2001-06-04,0.004801082996152201
2001-06-05,0.011400719315527788
2001-06-06,-0.008341771879591104
2001-06-07,0.0035943082277224083
2001-06-08,-0.009326077153379622
2001-06-11,-0.007111320567888998
2001-06-12,-0.0017468162297946271
2001-06-13,-0.008616674763340175
2001-06-14,-0.022691338464146078
2001-06-15,0.0016098956279443689
2001-06-18,-0.004853844364918899
2001-06-19,0.004361628831296373
2001-06-20,0.005240615784624948
2001-06-21,0.011289521106923639
2001-06-22,-0.0078651929705238
2001-06-25,-0.009240172720392199
2001-06-26,-0.0013975345908831824
2001-06-27,-0.0005763650371688869
2001-06-28,0.005500457390439172
2001-06-29,0.0036769786731672594
2001-07-02,0.012401976851034958
2001-07-03,-0.00024122008368044048
2001-07-05,-0.019693087869969497
2001-07-06,-0.021851249706438074
2001-07-09,0.005445785486340688
2001-07-10,-0.012103531893170625
2001-07-11,0.0010142586471231381
2001-07-12,0.023459881259312806
2001-07-13,0.008626510789719311
2001-07-16,-0.012595133857832529
2001-07-17,0.009317715524522905
2001-07-18,-0.006835505710406208
2001-07-19,0.008721436313964182
2001-07-20,-0.005998506948247427
2001-07-23,-0.01989274294745389
2001-07-24,-0.009715005960981822
2001-07-25,0.01097459196838108
2001-07-26,0.010440634044757348
2001-07-27,0.0038154717717047574
2001-07-30,0.00033116198990335905
2001-07-31,0.004128525275918621
2001-08-01,0.006243810882264855
2001-08-02,0.004085816102987879
2001-08-03,-0.005479275630114058
2001-08-06,-0.013540604425269692
2001-08-07,0.003898799297007768
2001-08-08,-0.01872162989920196
2001-08-09,0.0029485366913493765
2001-08-10,0.0034427501348434026
2001-08-13,0.0002518469036592575
2001-08-14,-0.00041907863326876797
2001-08-15,-0.008673356212077498
2001-08-16,0.00346135157541909
2001-08-17,-0.016143075677304223
2001-08-20,0.009208147081792175
2001-08-21,-0.017205766170939253
2001-08-22,0.010307489444441577
2001-08-23,-0.0035959533899979942
2001-08-24,0.0205427300532695
2001-08-27,-0.005983173259631615
2001-08-28,-0.014730749491529058
2001-08-29,-0.008960854527438862
2001-08-30,-0.019401060639120678
2001-08-31,0.007297368376569107
2001-09-04,-0.006415512118065116
2001-09-05,0.002465383674809937
2001-09-06,-0.02610664960079009
2001-09-07,-0.018680685862064162
2001-09-10,0.01215967277295027
2001-09-17,-0.05366355498471674
2001-09-18,-0.002399519526725207
2001-09-19,-0.02038984922710712
2001-09-20,-0.03229612441180481
2001-09-21,-0.010846996978967955
2001-09-24,0.03455232561859142
2001-09-25,0.010372409736852039
2001-09-26,-0.0035439768594530837
2001-09-27,0.00864191389355402
2001-09-28,0.02099575901777227
2001-10-01,-0.0016291376135962167
2001-10-02,0.012485833766755283
2001-10-03,0.01662559618339063
2001-10-04,0.000838187236450473
2001-10-05,-0.0019566421231013748
2001-10-08,-0.006549668550997395
2001-10-09,-0.005364984415375498
2001-10-10,0.0220282274213773
2001-10-11,0.015390650004365049
2001-10-12,-0.004556467987381541
2001-10-15,-0.0018277409017664482
2001-10-16,0.006293061853436478
2001-10-17,-0.02150372475946354
2001-10-18,-0.0021394678936826456
2001-10-19,-0.0006514298838609166
2001-10-22,0.019555347886366026
2001-10-23,-0.005128027627497136
2001-10-24,-0.002666479512008436
2001-10-25,0.017793379394238133
2001-10-26,-0.0022636784836345754
2001-10-29,-0.026359709117150146
2001-10-30,-0.012078304578405741
2001-10-31,-0.003396731214588047
2001-11-01,0.02529108433801335
2001-11-02,0.006797140179238586
2001-11-05,0.013004523194687733
2001-11-06,0.015421046400585815
2001-11-07,-0.00133555872068932
2001-11-08,0.0031129343030654798
2001-11-09,0.001064826465481535
2001-11-12,-0.006139968316035589
2001-11-13,0.02224527053803883
2001-11-14,0.0009589624076720741
2001-11-15,0.0018301756162810864
2001-11-16,-0.004449391042734457
2001-11-19,0.01225373945708011
2001-11-20,-0.00841372369809336
2001-11-21,-0.006642130891578561
2001-11-23,0.014278412230797092
2001-11-26,0.0021584937282016392
2001-11-27,-0.004321966092729073
2001-11-28,-0.018271967422202662
2001-11-29,0.013408533731259456
2001-11-30,-0.007163804809279681
2001-12-03,-0.005980653484366203
2001-12-04,0.0167939652143415
2001-12-05,0.018136496600341643
2001-12-06,-0.0005110982901104527
2001-12-07,-0.006669997602240887
2001-12-10,-0.018879394376418442
2001-12-11,-0.002013353037872968
2001-12-12,0.0011384212954151506
2001-12-13,-0.019617295743543036
2001-12-14,0.009503697730742
2001-12-17,0.010288833124698202
2001-12-18,0.005931304570281611
2001-12-19,0.007020515712285176
2001-12-20,-0.009894631922959626
2001-12-21,0.006046943521202503
2001-12-24,-0.001915395751183749
2001-12-26,0.005476139131180671
2001-12-27,0.00604972424176931
2001-12-28,-0.0005171716278766247
2001-12-31,-0.014764041925411824
2002-01-02,0.010704114576680043
2002-01-03,0.011275189352610432
2002-01-04,0.0066531207593031
2002-01-07,-0.007081692056573977
2002-01-08,-0.0023144498186303277
2002-01-09,-0.008186502527946964
2002-01-10,0.0044033895676519
2002-01-11,-0.009869243577740994
2002-01-14,-0.006283997655973341
2002-01-15,0.008109030062427655
2002-01-16,-0.02044170689918267
2002-01-17,0.00750536832260139
2002-01-18,-0.004584734920038454
2002-01-22,-0.0069169682527563964
2002-01-23,0.007624286287420058
2002-01-24,0.0030857091285990987
2002-01-25,-0.00026372842979184135
2002-01-28,0.0027259795495149937
2002-01-29,-0.03194672460124163
2002-01-30,0.014314480958580164
2002-01-31,0.01164215030570808
2002-02-01,-0.0046934226242692665
2002-02-04,-0.025170066255662055
2002-02-05,-0.006209762493176879
2002-02-06,-0.004314696955949189
2002-02-07,-0.0062751193299204035
2002-02-08,0.018981831797495033
2002-02-11,0.012188180718726096
2002-02-12,-0.0031455911950023937
2002-02-13,0.010565999069354376
2002-02-14,-0.0018723156003076882
2002-02-15,-0.010495586121234692
2002-02-19,-0.01939539604319526
2002-02-20,0.016685903054381734
2002-02-21,-0.020924092373176228
2002-02-22,0.012296718589763757
2002-02-25,0.016373693957990793
2002-02-26,-0.0020659706589021567
2002-02-27,0.0038595723310609247
2002-02-28,-0.004488502531737324
2002-03-01,0.023034416457717446
2002-03-04,0.017517395511241478
2002-03-05,-0.0032019761633715733
2002-03-06,0.011804395095222554
2002-03-07,-0.002143906209738187
2002-03-08,0.004197217568376069
2002-03-11,0.0021347337793358183
2002-03-12,-0.0005969300196841978
2002-03-13,-0.009691281624657886
2002-03-14,-0.0013798210857540788
2002-03-15,0.009483090186257214
2002-03-18,0.00017130801725373496
2002-03-19,0.006663463865858837
2002-03-20,-0.01899595115584085
2002-03-21,0.00043370986701510484
2002-03-22,-0.0021709470985530714
2002-03-25,-0.01250749259505523
2002-03-26,0.005791974659754827
2002-03-27,0.002622408277460317
2002-03-28,-0.00043664241379872684
2002-04-01,0.0004366424137986769
2002-04-02,-0.005514202241891795
2002-04-03,-0.007046168269367175
2002-04-04,-0.004162618269869479
2002-04-05,0.00017777877699015748
2002-04-08,0.002127426166154515
2002-04-09,-0.007020667972674703
2002-04-10,0.01126115577496565
2002-04-11,-0.025179566535113766
2002-04-12,0.007477617736037035
2002-04-15,-0.007657916689309515
2002-04-16,0.023507190921997958
2002-04-17,-0.002122032698346413
2002-04-18,-0.004347673189984339
2002-04-19,0.003638698171931616
2002-04-22,-0.01679469608510974
2002-04-23,-0.004334250332425528
2002-04-24,-0.010094332179820201
2002-04-25,0.000548477421329564
2002-04-26,-0.01918350452101493
2002-04-29,-0.004947549419601355
2002-04-30,0.009314383948847755
2002-05-01,0.012164367588122822
2002-05-02,-0.003854384425654751
2002-05-03,-0.010908767111027748
2002-05-06,-0.01980840818802509
2002-05-07,-0.0035141295451047473
2002-05-08,0.03652724387455679
2002-05-09,-0.011626110875202938
2002-05-10,-0.01901953003750606
2002-05-13,0.020132630938210716
2002-05-14,0.021551725766230875
2002-05-15,-0.003909118176794538
2002-05-16,0.005178606228065425
2002-05-17,0.004881281438878703
2002-05-20,-0.010879616359267751
2002-05-21,-0.009157866769295413
2002-05-22,0.002205322872211509
2002-05-23,0.01059192791566753
2002-05-24,-0.01288912693367414
2002-05-28,-0.00544302184996231
2002-05-29,-0.0074282477121217156
2002-05-30,-0.00280000500965769
2002-05-31,0.0020540591114111516
2002-06-03,-0.02694021801755643
2002-06-04,0.0024876192408759255
2002-06-05,0.00932263717585031
2002-06-06,-0.020567697408408647
2002-06-07,-0.0011605745631176635
2002-06-10,0.0038637354494031138
2002-06-11,-0.01730806209581019
2002-06-12,0.006062883526878588
2002-06-13,-0.010091145141001873
2002-06-14,-0.0014787629082462788
2002-06-17,0.026471688792508396
2002-06-18,0.008130268249640254
2002-06-19,-0.023616799730722515
2002-06-20,-0.012860598886732976
2002-06-21,-0.015759589534839188
2002-06-24,0.005224722597975094
2002-06-25,-0.022701369664552218
2002-06-26,0.0016389008344757
2002-06-27,0.01734742356531257
2002-06-28,-0.004738063166236595
2002-07-01,-0.01969503736470703
2002-07-02,-0.02146010545316196
2002-07-03,0.0056707752937477955
2002-07-05,0.03901461000341975
2002-07-08,-0.012564464099469074
2002-07-09,-0.025508638896402803
2002-07-10,-0.03708066710190399
2002-07-11,0.00810813736866057
2002-07-12,-0.011043500047269592
2002-07-15,0.005320548891370845
2002-07-16,-0.019465460597371458
2002-07-17,0.0019866597242936337
2002-07-18,-0.03293687737172156
2002-07-19,-0.03582781202853628
2002-07-22,-0.03007866281786757
2002-07-23,-0.027753910282675855
2002-07-24,0.05795018435622929
2002-07-25,-0.00853486745683079
2002-07-26,0.018868881799729967
2002-07-29,0.047565082722202355
2002-07-30,0.012949522696719005
2002-07-31,0.0024159685751276774
2002-08-01,-0.026454608390580843
2002-08-02,-0.02266984450731279
2002-08-05,-0.035416246014447914
2002-08-06,0.03310897241699589
2002-08-07,0.01728836711659128
2002-08-08,0.0318369453471836
2002-08-09,0.0037314867922362094
2002-08-12,-0.007366345592461691
2002-08-13,-0.018375887366100543
2002-08-14,0.03587795955482326
2002-08-15,0.01378486421135836
2002-08-16,-0.0029992931563243112
2002-08-19,0.02311609995464558
2002-08-20,-0.010643295127030925
2002-08-21,0.014305156403035353
2002-08-22,0.009666920142959308
2002-08-23,-0.021750000094837928
2002-08-26,0.0069522533369809035
2002-08-27,-0.011614149664532336
2002-08-28,-0.02212048476140856
2002-08-29,0.00043397266102992364
2002-08-30,-0.003914220748919742
2002-09-03,-0.03888064206102716
2002-09-04,0.014170915412265887
2002-09-05,-0.00852350425570195
2002-09-06,0.013648360970909063
2002-09-09,0.007306423534924749
2002-09-10,0.0114060706638262
2002-09-11,-0.00623496537718838
2002-09-12,-0.018607843307454026
2002-09-13,0.002456755666313582
2002-09-16,0.0024506692206917335
2002-09-17,-0.023184200939254978
2002-09-18,-0.010069840060664872
2002-09-19,-0.026217342711502774
2002-09-20,0.00033223805503032546
2002-09-23,-0.008213590359749839
2002-09-24,-0.016268512884152132
2002-09-25,0.024482103243902008
2002-09-26,0.016227862969513798
2002-09-27,-0.0353791591969544
2002-09-30,-0.011668864210637125
2002-10-01,0.04693115259971507
2002-10-02,-0.030439475723760635
2002-10-03,-0.010153619681778882
2002-10-04,-0.01851588097751071
2002-10-07,-0.02088493076118509
2002-10-08,0.015548838103497133
2002-10-09,-0.02865092846969211
2002-10-10,0.031880603696440024
2002-10-11,0.042849084339786056
2002-10-14,0.005569144278698306
2002-10-15,0.046971086149609334
2002-10-16,-0.02453766277703822
2002-10-17,0.019678114884857614
2002-10-18,0.004183334025832835
2002-10-21,0.01711346578441928
2002-10-22,-0.007234752888202611
2002-10-23,0.007566854666945215
2002-10-24,-0.02061003797131566
2002-10-25,0.02061003797131571
2002-10-28,-0.006562014456103449
2002-10-29,-0.01167359987100014
2002-10-30,0.009662252438328012
2002-10-31,-0.010227598041507689
2002-11-01,0.019577125918251177
2002-11-04,0.009481988123267471
2002-11-05,0.00786949504289558
2002-11-06,0.012872262937207508
2002-11-07,-0.02481087918678305
2002-11-08,-0.012305044755501775
2002-11-11,-0.015626064858181566
2002-11-12,0.00789914011090644
2002-11-13,0.0010120860332471374
2002-11-14,0.01868976638168564
2002-11-15,0.007357095422884204
2002-11-18,-0.010115993236103628
2002-11-19,-0.0013273561746690156
2002-11-20,0.022000687139999742
2002-11-21,0.018449417476116895
2002-11-22,-0.007146755894349023
2002-11-25,0.0006425047025578845
2002-11-26,-0.019225229057888777
2002-11-27,0.027746269809556037
2002-11-29,-0.003186825127092218
2002-12-02,0.0015953055669044574
2002-12-03,-0.013476544379067297
2002-12-04,-0.004533226186746717
2002-12-05,-0.011093465655444718
2002-12-06,0.00654055233636738
2002-12-09,-0.027876261583979038
2002-12-10,0.013319275189002177
2002-12-11,0.0008818049260050633
2002-12-12,-0.00011082162152814777
2002-12-13,-0.015879378618571693
2002-12-16,0.02552784817910842
2002-12-17,-0.008767085516688453
2002-12-18,-0.011625237009813183
2002-12-19,-0.007152037076583254
2002-12-20,0.014168332724973353
2002-12-23,0.00033263119430784066
2002-12-24,-0.007470109309194484
2002-12-26,0.0004470081116218176
2002-12-27,-0.022742014094915088
2002-12-30,0.00831980815311704
2002-12-31,0.0013612626297379558
2003-01-02,0.03168115292500596
2003-01-03,0.003069393547944681
2003-01-06,0.017471347048606926
2003-01-07,-0.0024772416990075648
2003-01-08,-0.014556562085683171
2003-01-09,0.015418568310474756
2003-01-10,0.0026897746959616714
2003-01-13,-0.00032201453574407673
2003-01-14,0.0032196814634813083
2003-01-15,-0.010015153076537907
2003-01-16,-0.004120733041978963
2003-01-17,-0.01488942903636097
2003-01-21,-0.015675011449863722
2003-01-22,-0.012175166374390254
2003-01-23,0.006106540356140719
2003-01-24,-0.026616890989944447
2003-01-27,-0.013753914153055416
2003-01-28,0.0073668028487625485
2003-01-29,0.007544402383336394
2003-01-30,-0.023990833908482494
2003-01-31,0.019122420508226348
2003-02-03,0.0019733479094861004
2003-02-04,-0.009905775827451127
2003-02-05,-0.006227132017561627
2003-02-06,-0.004725615568464783
2003-02-07,-0.012271881346715757
2003-02-10,0.0070479961922986474
2003-02-11,-0.006927580427321086
2003-02-12,-0.016069818027948796
2003-02-13,0.0030410455593135343
2003-02-14,0.02162195541550285
2003-02-18,0.017434669378432854
2003-02-19,-0.0052690906995408494
2003-02-20,-0.010028910023702023
2003-02-21,0.010028910023701949
2003-02-24,-0.016333822499927313
2003-02-25,0.007963023757723623
2003-02-26,-0.014668031327920607
2003-02-27,0.01312848241140369
2003-02-28,0.006617845031514303
2003-03-03,-0.009586824005660497
2003-03-04,-0.016063862676267353
2003-03-05,0.008423815959280012
2003-03-06,-0.008423815959280073
2003-03-07,0.00686501439297152
2003-03-10,-0.02429658125733268
2003-03-11,-0.009886078653673806
2003-03-12,0.00668332460856372
2003-03-13,0.033959765399460336
2003-03-14,0.00321358938930349
2003-03-17,0.031013970713446193
2003-03-18,0.005858983885754979
2003-03-19,0.0076461304611889465
2003-03-20,0.002158381083684017
2003-03-21,0.021120193541009937
2003-03-24,-0.03379783368630441
2003-03-25,0.009528550007832839
2003-03-26,-0.0050399299916435904
2003-03-27,0.0008036976934870123
2003-03-28,-0.005061581088198101
2003-03-31,-0.02298160050501137
2003-04-01,0.015224652771533813
2003-04-02,0.02388774437959239
2003-04-03,-0.004777856393704573
2003-04-04,0.00591138114429658
2003-04-07,-0.001928371680402022
2003-04-08,0.0015886668167539265
2003-04-09,-0.013240921736884978
2003-04-10,0.005500190237431417
2003-04-11,-0.004122303945407377
2003-04-14,0.0204435278981296
2003-04-15,0.009287574087100832
2003-04-16,-0.017188574426154225
2003-04-17,0.0147351840378122
2003-04-21,0.0010044905587290993
2003-04-22,0.01867536696417444
2003-04-23,0.00915495918806081
2003-04-24,-0.008935585665106662
2003-04-25,-0.012445441324986017
2003-04-28,0.017141211778063617
2003-04-29,0.003479610843200482
2003-04-30,-0.0021733216733405077
2003-05-01,-0.00010848634095452071
2003-05-02,0.014153808546015695
2003-05-05,-0.001932772860507262
2003-05-06,0.009414157850390783
2003-05-07,-0.00555234053530302
2003-05-08,-0.010116587118085737
2003-05-09,0.013750698606033777
2003-05-12,0.012194540011259837
2003-05-13,-0.0017931973045724968
2003-05-14,-0.0021138413704518996
2003-05-15,0.006328349662219598
2003-05-16,-0.0025264012428992677
2003-05-19,-0.02367919268296374
2003-05-20,-0.0020526742337160456
2003-05-21,0.002052674233716017
2003-05-22,0.009881645692795028
2003-05-23,0.0020282231580925946
2003-05-27,0.017339859276566668
2003-05-28,0.0028263009113793196
2003-05-29,-0.0026163843818463304
2003-05-30,0.015906730225262344
2003-06-02,0.004117514877033487
2003-06-03,0.004101285051344204
2003-06-04,0.014321351701923932
2003-06-05,0.004928928406849519
2003-06-06,-0.0039212481758880875
2003-06-09,-0.010227225052591419
2003-06-10,0.01012642065687183
2003-06-11,0.010523566554391996
2003-06-12,0.003086682428301195
2003-06-13,-0.010491780990946864
2003-06-16,0.02087336759709175
2003-06-17,0.0
2003-06-18,-0.0008855967127401617
2003-06-19,-0.015378533761746449
2003-06-20,-0.002209689339559554
2003-06-23,-0.010310075754973919
2003-06-24,0.0010159544558483256
2003-06-25,-0.010100146911980223
2003-06-26,0.012937463236468263
2003-06-27,-0.011605118343737321
2003-06-30,-0.00030783643408317725
2003-07-01,0.009176353589714185
2003-07-02,0.012506692791228171
2003-07-03,-0.010377460930442148
2003-07-07,0.01965594728213764
2003-07-08,0.004458526770651705
2003-07-09,-0.005651500634405682
2003-07-10,-0.012807320540864678
2003-07-11,0.009421309728986672
2003-07-14,0.0048762866366482294
2003-07-15,-0.0021857297609929123
2003-07-16,-0.005887345275801594
2003-07-17,-0.014313700289291647
2003-07-18,0.010201450806874245
2003-07-21,-0.012437073026004134
2003-07-22,0.009014475052465406
2003-07-23,0.0007055489294862022
2003-07-24,-0.007585736050659394
2003-07-25,0.01751247905762304
2003-07-28,-0.003698467793257767
2003-07-29,-0.004617008959258495
2003-07-30,-0.002416997212542079
2003-07-31,0.0023155307893853888
2003-08-01,-0.008892406870674737
2003-08-04,0.0
2003-08-05,-0.021444775238652077
2003-08-06,0.005791521921732092
2003-08-07,0.010462186735112395
2003-08-08,0.0028536496392401836
2003-08-11,0.003757108295602695
2003-08-12,0.009082600890366294
2003-08-13,-0.00513669423766771
2003-08-14,0.002722060514798337
2003-08-15,0.003117373499742868
2003-08-18,0.008595343282130163
2003-08-19,0.003774307015576599
2003-08-20,-0.004072810295588742
2003-08-21,0.0031809842653477095
2003-08-22,-0.00997366399780382
2003-08-25,0.0016027133804090352
2003-08-26,0.0017992203443794729
2003-08-27,0.00029963275529701415
2003-08-28,0.006172470864492019
2003-08-29,0.006725819724004045
2003-09-02,0.013317657612026449
2003-09-03,0.005433343179912308
2003-09-04,0.0004834912286484928
2003-09-05,-0.005624928306445249
2003-09-08,0.008232106954220535
2003-09-09,-0.00657980504527419
2003-09-10,-0.010148614960452725
2003-09-11,0.0029381943269071236
2003-09-12,0.0018563671792750298
2003-09-15,-0.0035205223410758025
2003-09-16,0.014489460311285018
2003-09-17,-0.0019325266412827653
2003-09-18,0.011732054460920785
2003-09-19,-0.005098935197857812
2003-09-22,-0.010862487845986295
2003-09-23,0.0037952100218705716
2003-09-24,-0.017936559587829606
2003-09-25,-0.008243394718218403
2003-09-26,-0.003295913685148654
2003-09-29,0.009757166543061501
2003-09-30,-0.009757166543061593
2003-10-01,0.021086767512275607
2003-10-02,0.0036178946580484655
2003-10-03,0.009133596392399924
2003-10-06,0.004535370464481344
2003-10-07,0.003844241084692314
2003-10-08,-0.0024971139036939665
2003-10-09,0.0026887115607196884
2003-10-10,0.0027773616413050346
2003-10-13,0.003150745869221474
2003-10-14,0.003520806334751109
2003-10-15,-0.0026637220752733655
2003-10-16,0.003992598391555182
2003-10-17,-0.010969387818585183
2003-10-20,0.007453045445794898
2003-10-21,-0.0017150776459211004
2003-10-22,-0.012668076869857402
2003-10-23,-0.00183659270671095
2003-10-24,0.0022228613089136503
2003-10-27,0.0004827374640107498
2003-10-28,0.01351414844956512
2003-10-29,0.0013326627680587426
2003-10-30,0.0020890218827104437
2003-10-31,-0.0009494830185650301
2003-11-03,0.006531543931570625
2003-11-04,-0.002172044275170175
2003-11-05,0.0007560715704038689
2003-11-06,0.0052766637404699284
2003-11-07,-0.007452117133682544
2003-11-10,-0.00407965669773738
2003-11-11,-0.00028615850631224187
2003-11-12,0.011160223001128162
2003-11-13,0.00028200595353010236
2003-11-14,-0.008498141583338982
2003-11-17,-0.005038082159893633
2003-11-18,-0.010442279763645215
2003-11-19,0.008438841544580631
2003-11-20,-0.0090168490434004
2003-11-21,0.004134801837793457
2003-11-24,0.013155017273818492
2003-11-25,0.0037817042414557563
2003-11-26,0.0035788995914198037
2003-11-28,0.0007516290714037161
2003-12-01,0.01074556928223406
2003-12-02,-0.002512570615737565
2003-12-03,-0.0015852338206463945
2003-12-04,0.004097804436383977
2003-12-05,-0.006994469848973427
2003-12-08,0.0067157142392510905
2003-12-09,-0.0077459918154269385
2003-12-10,-9.369458191424859e-05
2003-12-11,0.011180492094550683
2003-12-12,0.0019435903332223254
2003-12-15,-0.005005640420709539
2003-12-16,0.005191004971700887
2003-12-17,0.0031381820912765954
2003-12-18,0.011181726460211
2003-12-19,-0.0027877160483146366
2003-12-22,0.006954772759422369
2003-12-23,0.0006382016656151349
2003-12-24,-0.001003011371083161
2003-12-26,0.000729381600300748
2003-12-29,0.01322132304404002
2003-12-30,0.00017968772018217167
2003-12-31,0.0008990907451919385
2004-01-02,-0.0004493926611399007
2004-01-05,0.010819520390150019
2004-01-06,0.0009777662673353268
2004-01-07,0.0033710117034862234
2004-01-08,0.0039762206731429875
2004-01-09,-0.008769958625868105
2004-01-12,0.007358568169162203
2004-01-13,-0.005846593021843068
2004-01-14,0.008315650969171723
2004-01-15,0.002464390937575201
2004-01-16,0.00394768269678539
2004-01-20,-0.00026305016782006104
2004-01-21,0.007850076304384128
2004-01-22,-0.0026100846176821046
2004-01-23,-0.003227818737971553
2004-01-26,0.012505283432076682
2004-01-27,-0.01032314846431766
2004-01-28,-0.011489095414136487
2004-01-29,0.0009700533175314717
2004-01-30,0.0
2004-02-02,0.004308605074282169
2004-02-03,-0.0016685034231321222
2004-02-04,-0.008207097082907035
2004-02-05,0.0029196005345350036
2004-02-06,0.011158754921592316
2004-02-09,0.0002620740859276826
2004-02-10,0.0032273129599032497
2004-02-11,0.010566326871335893
2004-02-12,-0.0036254592982379982
2004-02-13,-0.004506409591666774
2004-02-17,0.008992701464221556
2004-02-18,-0.004399435187124137
2004-02-19,-0.0037249093100791275
2004-02-20,-0.003042253920260652
2004-02-23,-0.002527221959380122
2004-02-24,-0.0017470804250176919
2004-02-25,0.004187456251677668
2004-02-26,0.0006092645507336634
2004-02-27,0.0006959337638407986
2004-03-01,0.009862463472045361
2004-03-02,-0.005871460184286673
2004-03-03,0.0018169416865240035
2004-03-04,0.0025892381356880214
2004-03-05,0.0033571240063570997
2004-03-08,-0.012276361997320736
2004-03-09,-0.0040094933810177116
2004-03-10,-0.016910701390156355
2004-03-11,-0.013053054878251046
2004-03-12,0.013053054878251053
2004-03-15,-0.012333619005687475
2004-03-16,0.005291842875773003
2004-03-17,0.011119611850172347
2004-03-18,0.0002648343197242209
2004-03-19,-0.014436822186878463
2004-03-22,-0.012777021432645582
2004-03-23,-0.0017345107874803141
2004-03-24,0.0008223100639073627
2004-03-25,0.013149404840268605
2004-03-26,0.00027009981786485027
2004-03-29,0.01395200923808275
2004-03-30,0.003369419272750252
2004-03-31,0.0011503611713154474
2004-04-01,0.005994200453781127
2004-04-02,0.007530272132219675
2004-04-05,0.00548029450920486
2004-04-06,-0.003215150448374095
2004-04-07,-0.0023525673687895816
2004-04-08,-0.0022707857309118666
2004-04-12,0.003926932021609897
2004-04-13,-0.014120783322357043
2004-04-14,0.0015881180190676788
2004-04-15,-0.003799201608507741
2004-04-16,0.007672270598469732
2004-04-19,0.0
2004-04-20,-0.01692188676890326
2004-04-21,0.006679021930715508
2004-04-22,0.013925971533513173
2004-04-23,0.0009624286367637731
2004-04-26,-0.0014000111228795013
2004-04-27,0.0008747731671466454
2004-04-28,-0.013032572488236749
2004-04-29,-0.008814092138421345
2004-04-30,-0.007810021852712209
2004-05-03,0.010667813160603204
2004-05-04,-0.0008031362897022897
2004-05-05,0.006404055068606382
2004-05-06,-0.008637343813768255
2004-05-07,-0.016684614945879236
2004-05-10,-0.010329086353693005
2004-05-11,0.008417900573876598
2004-05-12,0.006357571777118059
2004-05-13,-0.004173419371738902
2004-05-14,0.0004547441668778291
2004-05-17,-0.008579007861080325
2004-05-18,0.005028220119672525
2004-05-19,-0.003471511241076784
2004-05-20,0.003198116006448605
2004-05-21,0.0017314589969364244
2004-05-24,0.004180662139639827
2004-05-25,0.014226713543191025
2004-05-26,0.003480556998266738
2004-05-27,0.005597355129223555
2004-05-28,-8.838839795894219e-05
2004-06-01,-0.0013304225979900923
2004-06-02,0.0037198409670754677
2004-06-03,-0.009235753372178976
2004-06-04,0.007909217655040556
2004-06-07,0.015109201084209135
2004-06-08,0.0013933140056465484
2004-06-09,-0.009359091115148831
2004-06-10,0.004909220883041827
2004-06-14,-0.009930768525380794
2004-06-15,0.007040947654076773
2004-06-16,-0.00017530279081229527
2004-06-17,-0.0014926741501281517
2004-06-18,0.001885128957947802
2004-06-21,-0.0037910568540451533
2004-06-22,0.005022366804869522
2004-06-23,0.00857757443376879
2004-06-24,-0.0031428526578357544
2004-06-25,-0.004819835369153732
2004-06-28,-0.0034316264156298067
2004-06-29,0.004134291782837248
2004-06-30,0.00534040393933516
2004-07-01,-0.013980142888008553
2004-07-02,-0.0005311220185883114
2004-07-06,-0.008809127547557041
2004-07-07,0.0029449387789302656
2004-07-08,-0.006974866814263591
2004-07-09,0.002598681770558041
2004-07-12,0.00044726122179045483
2004-07-13,0.0007159162566429631
2004-07-14,-0.003044271459570682
2004-07-15,-0.006477212374833767
2004-07-16,-0.0008131634834462403
2004-07-19,-0.004253800275738503
2004-07-20,0.012619593243008409
2004-07-21,-0.018624951921342833
2004-07-22,0.0027340290176369577
2004-07-23,-0.008407672445514443
2004-07-26,-0.001929486056049666
2004-07-27,0.009335788014903514
2004-07-28,0.003001833788658547
2004-07-29,0.00425981747333736
2004-07-30,0.0024388404269285536
2004-08-02,0.0020734698418018865
2004-08-03,-0.0077733430145048975
2004-08-04,-9.071033029125205e-05
2004-08-05,-0.016469170921137154
2004-08-06,-0.014401750429010717
2004-08-09,0.0014027145029291486
2004-08-10,0.012814261418625916
2004-08-11,-0.0020316108665693706
2004-08-12,-0.010969522838512423
2004-08-13,0.001960738867058441
2004-08-16,0.01030243041284178
2004-08-17,0.005616650801641034
2004-08-18,0.010231197156592393
2004-08-19,-0.002912102522472635
2004-08-20,0.0069934649720022135
2004-08-23,-0.0025373005539888515
2004-08-24,0.0013601019766985296
2004-08-25,0.006773823782338849
2004-08-26,0.0
2004-08-27,0.0031447460121044883
2004-08-30,-0.008288637712170633
2004-08-31,0.005233764517764274
2004-09-01,0.001887926082150207
2004-09-02,0.011255239663252462
2004-09-03,-0.004094133377420077
2004-09-07,0.0065783667465668955
2004-09-08,-0.002484233369146886
2004-09-09,-0.0008884630656114851
2004-09-10,0.005143161715210386
2004-09-13,0.003267396836725348
2004-09-14,0.002025670670072926
2004-09-15,-0.007595537106807826
2004-09-16,0.0030097789702791555
2004-09-17,0.004242723011429513
2004-09-20,-0.006027900279151943
2004-09-21,0.004346773830330717
2004-09-22,-0.012560581540478337
2004-09-23,-0.005393574562865105
2004-09-24,0.004586069399461878
2004-09-27,-0.006390035352523182
2004-09-28,0.004773883197174325
2004-09-29,0.00501980289852317
2004-09-30,-0.0007154139891769506
2004-10-01,0.01677008338805673
2004-10-04,0.0016696298617047676
2004-10-05,0.0005272558084730973
2004-10-06,0.006824885859559887
2004-10-07,-0.010783643147923546
2004-10-08,-0.008319521899673575
2004-10-11,0.004079387942636515
2004-10-12,-0.003901830460460388
2004-10-13,-0.008836737469667566
2004-10-14,-0.008101783566691157
2004-10-15,0.005588434707415269
2004-10-18,0.0037676075255884305
2004-10-19,-0.008452550205897646
2004-10-20,-0.0019886582498774403
2004-10-21,0.006494016492993794
2004-10-22,-0.011300703414673973
2004-10-25,-0.0011830236319444745
2004-10-26,0.015176660343087086
2004-10-27,0.011942021888586986
2004-10-28,0.0030077466059872863
2004-10-29,-0.00017667606910388547
2004-11-01,0.0027345770588909184
2004-11-02,0.000352556402915724
2004-11-03,0.012514478960826813
2004-11-04,0.013562692291387443
2004-11-05,0.006243562965808716
2004-11-08,-0.001450683098389675
2004-11-09,-0.0019655584454455126
2004-11-10,0.0007693931970812294
2004-11-11,0.007579591368976969
2004-11-12,0.007859958054508847
2004-11-15,0.00245404734765176
2004-11-16,-0.007184558955519847
2004-11-17,0.005920305679817015
2004-11-18,0.0013487090477682887
2004-11-19,-0.011178736690895877
2004-11-22,0.0047575465428586336
2004-11-23,0.0015244478125586295
2004-11-24,0.00236704070374889
2004-11-26,-0.0007603706859833246
2004-11-29,-0.0045728668316287364
2004-11-30,0.000678027987610019
2004-12-01,0.011303126596470751
2004-12-02,0.0008385138515737429
2004-12-03,-0.0006712679212704296
2004-12-06,-0.00033509013629907545
2004-12-07,-0.009354812776443242
2004-12-08,0.005825373431452888
2004-12-09,0.0035294393449903853
2004-12-10,0.0010063580575696786
2004-12-13,0.008677346483995875
2004-12-14,0.003483097884163413
2004-12-15,0.0007446416459772666
2004-12-16,-0.0005793679088640031
2004-12-17,-0.006692398630960007
2004-12-20,0.0002510338875413915
2004-12-21,0.007672179121635014
2004-12-22,0.0024056033098314128
2004-12-23,0.0007452722779248571
2004-12-27,-0.002072311961284
2004-12-28,0.0054613402044971365
2004-12-29,0.0014843113849074912
2004-12-30,-0.0018966751931769304
2004-12-31,-0.0021489965930313005
2005-01-03,-0.004726731026120856
2005-01-04,-0.01229439391712471
2005-01-05,-0.006924983165159521
2005-01-06,0.005071278232089558
2005-01-07,-0.0014339086298840436
2005-01-10,0.004716724387562393
2005-01-11,-0.006914677682147253
2005-01-12,0.003294360057944053
2005-01-13,-0.008044081701704085
2005-01-14,0.005257267874752754
2005-01-18,0.010348423018488328
2005-01-19,-0.01051725849005817
2005-01-20,-0.006109137355660562
2005-01-21,-0.006146688437111692
2005-01-24,-0.0019714245616309204
2005-01-25,0.002827938052146798
2005-01-26,0.0029897724380969345
2005-01-27,0.001704189680691507
2005-01-28,0.0
2005-01-31,0.0061974319003483
2005-02-01,0.006327144278873973
2005-02-02,0.003023250155394375
2005-02-03,-0.002602430759404654
2005-02-04,0.010619154235935421
2005-02-07,-0.0013313523958139032
2005-02-08,0.0011646549830792122
2005-02-09,-0.007514882938710588
2005-02-10,0.003597431474100786
2005-02-11,0.008565262449113991
2005-02-14,-0.0007452722779247843
2005-02-15,0.003721936712868236
2005-02-16,0.00065997962331716
2005-02-17,-0.008117757630030288
2005-02-18,0.001330237984013513
2005-02-22,-0.014980247103854453
2005-02-23,0.00714134847974884
2005-02-24,0.006591764445328319
2005-02-25,0.009848260589186964
2005-02-28,-0.006609969585383836
2005-03-01,0.004961499001266186
2005-03-02,-0.000494838863191636
2005-03-03,0.0004122276645640874
2005-03-04,0.012379994300688752
2005-03-07,0.0004887343164879991
2005-03-08,-0.0037535732973084123
2005-03-09,-0.011179393463349918
2005-03-10,0.002229267678468084
2005-03-11,-0.007035074162650712
2005-03-14,0.0062100263889884105
2005-03-15,-0.008289166660026362
2005-03-16,-0.00852620093355611
2005-03-17,0.002012459233367511
2005-03-18,-0.0029731100415580766
2005-03-21,-0.0037186834706535356
2005-03-22,-0.010213311359898104
2005-03-23,0.0008549767131203382
2005-03-24,0.0011959900069692703
2005-03-28,0.0014502711234717304
2005-03-29,-0.0066714373755893674
2005-03-30,0.01406033617561201
2005-03-31,-0.0018630871716796098
2005-04-01,-0.004503625801873764
2005-04-04,0.0017022795343757473
2005-04-05,0.004749123206874677
2005-04-06,0.003463088548117633
2005-04-07,0.005381368678651904
2005-04-08,-0.010453267379360162
2005-04-11,0.0007622554335761658
2005-04-12,0.00515199119430449
2005-04-13,-0.011864254377964066
2005-04-14,-0.01312942770992241
2005-04-15,-0.014092256873803074
2005-04-18,0.003062062137937397
2005-04-19,0.007915829326236936
2005-04-20,-0.014048568930213643
2005-04-21,0.019234286642420096
2005-04-22,-0.0038002281280299995
2005-04-25,0.0065547945410020575
2005-04-26,-0.009761925366254339
2005-04-27,0.003898962171156316
2005-04-28,-0.01261679295226416
2005-04-29,0.013481103702754587
2005-05-02,0.005600366599892508
2005-05-03,0.0017165578531285442
2005-05-04,0.0076888274623823265
2005-05-05,-0.00034040948721011455
2005-05-06,-0.0031549648864200933
2005-05-09,0.006214868049626991
2005-05-10,-0.01040832113837912
2005-05-11,0.005473900007779712
2005-05-12,-0.011064343953452642
2005-05-13,-0.001985734133048842
2005-05-16,0.009289602054869693
2005-05-17,0.006655779482564747
2005-05-18,0.010238712142874426
2005-05-19,0.004200022527984038
2005-05-20,-0.0014258991782380842
2005-05-23,0.005524984264842801
2005-05-24,-0.0023402227694056072
2005-05-25,-0.0007534462385779388
2005-05-26,0.0053453379838592
2005-05-27,0.0016646921871510943
2005-05-31,-0.00642373755113318
2005-06-01,0.008500410358846912
2005-06-02,0.0021556286315154273
2005-06-03,-0.005063786906350231
2005-06-06,-0.000916209978212871
2005-06-07,0.0007493997365373902
2005-06-08,-0.0018331915480631065
2005-06-09,0.004742113988130546
2005-06-10,-0.0023262363154097046
2005-06-13,0.0031561911218954664
2005-06-14,0.0023192861221500833
2005-06-15,0.001901085559735285
2005-06-16,0.002556901263350194
2005-06-17,0.00369817748903881
2005-06-20,0.0003293459884931326
2005-06-21,0.0005769466049568848
2005-06-22,0.0008231985746549175
2005-06-23,-0.01416625370241427
2005-06-24,-0.007368683981908829
2005-06-27,0.0014279449016039042
2005-06-28,0.008357418083854684
2005-06-29,-0.002666875497791051
2005-06-30,-0.005439106214571367
2005-07-01,0.00293228828172942
2005-07-05,0.007999703682694394
2005-07-06,-0.008418009061452809
2005-07-07,0.003926373394604957
2005-07-08,0.01135625445253588
2005-07-11,0.005097369442021822
2005-07-12,0.0026209728725404002
2005-07-13,0.0013894799761399695
2005-07-14,0.003913056858392413
2005-07-15,-0.0005698208714989315
2005-07-18,-0.003996949113857481
2005-07-19,0.005460819701333683
2005-07-20,0.0034088074397882616
2005-07-21,-0.00585026985777419
2005-07-22,0.006659973846363286
2005-07-25,-0.0028368823643433617
2005-07-26,0.001216273966213647
2005-07-27,0.003642140238985455
2005-07-28,0.006281016301560087
2005-07-29,-0.006685013958281717
2005-08-01,-0.0007275892397900625
2005-08-02,0.005966960720823277
2005-08-03,0.002649258496837404
2005-08-04,-0.008050220491855387
2005-08-05,-0.006812856104016885
2005-08-08,-0.0018732176354208413
2005-08-09,0.006015282758542626
2005-08-10,-0.0004864976150185626
2005-08-11,0.003965160897142246
2005-08-12,-0.006156788329645706
2005-08-15,0.006156788329645769
2005-08-16,-0.013087968383501764
2005-08-17,-8.203239661694578e-05
2005-08-18,-8.130660450335297e-05
2005-08-19,0.0022887068248091933
2005-08-22,0.0
2005-08-23,-0.001879860168557832
2005-08-24,-0.008956627967168534
2005-08-25,0.0036249500475957013
2005-08-26,-0.006849229907270973
2005-08-29,0.007671708356449727
2005-08-30,-0.005273574521040534
2005-08-31,0.012560624644876676
2005-09-01,-0.0007347508379871316
2005-09-02,-0.001798109946258169
2005-09-06,0.011627801033221382
2005-09-07,0.0016965313837882866
2005-09-08,-0.003314589167211974
2005-09-09,0.008867406660606281
2005-09-12,-0.002008557129350008
2005-09-13,-0.005563922493123983
2005-09-14,-0.0036458845575034994
2005-09-15,-0.0004872086041278713
2005-09-16,0.007085871575338458
2005-09-19,-0.0033253405937977627
2005-09-20,-0.00848477461376617
2005-09-21,-0.009384478749027361
2005-09-22,0.003549834031401165
2005-09-23,0.0008240748519597166
2005-09-26,0.0011518686725955378
2005-09-27,-0.0002466191266044088
2005-09-28,0.000986935891766824
2005-09-29,0.008103791943225658
2005-09-30,0.003093073599403838
2005-10-03,-0.0035826641769199073
2005-10-04,-0.011319715667868359
2005-10-05,-0.013203620829950835
2005-10-06,-0.0036003866824018357
2005-10-07,0.0034335800396460927
2005-10-10,-0.008480555314501165
2005-10-11,-0.0014336615430555271
2005-10-12,-0.007884210664472091
2005-10-13,-0.0005955298449525194
2005-10-14,0.010503810122169043
2005-10-17,0.0037010913957433735
2005-10-18,-0.010889092909560232
2005-10-19,0.016498328011738478
2005-10-20,-0.017772374627963328
2005-10-21,0.003901315013947532
2005-10-24,0.015372720277911688
2005-10-25,-0.0020025606476029743
2005-10-26,-0.0029278921855431105
2005-10-27,-0.010696655966452364
2005-10-28,0.014292576047582427
2005-10-31,0.0027503859759274467
2005-11-01,0.0029921549618247578
2005-11-02,0.010403418707035681
2005-11-03,0.004261794154185996
2005-11-04,-0.0013094860821556925
2005-11-07,0.0009823208583403771
2005-11-08,0.0
2005-11-09,0.001308019162604928
2005-11-10,0.007732361629521785
2005-11-11,0.003399632580224756
2005-11-14,-0.000566118681858421
2005-11-15,-0.003644979426062025
2005-11-16,0.0020270696414506247
2005-11-17,0.009269044300077021
2005-11-18,0.00392361883338517
2005-11-21,0.005021934512674251
2005-11-22,0.00428497418572626
2005-11-23,0.005763412710954402
2005-11-25,0.0007867384400678033
2005-11-28,-0.0071046169263488355
2005-11-29,-0.001109501272769302
2005-11-30,-0.005407461794043045
2005-12-01,0.010154464941745923
2005-12-02,0.0012618250520022656
2005-12-05,-0.0021304193286963047
2005-12-06,0.0018942229068655426
2005-12-07,-0.0058519794867331505
2005-12-08,-0.0006350084309567843
2005-12-09,0.002615403753549038
2005-12-12,0.0009496108063247862
2005-12-13,0.006777751044719346
2005-12-14,0.003920380874855594
2005-12-15,-0.00289948174428615
2005-12-16,-0.0032234197908287943
2005-12-19,-0.005157248149963266
2005-12-20,0.0009543701927851533
2005-12-21,0.0015880095048326909
2005-12-22,0.005223092146090521
2005-12-23,0.0005524258319496573
2005-12-27,-0.01022866827951114
2005-12-28,0.0022287895810191626
2005-12-29,-0.0044631774236813205
2005-12-30,-0.005446572740836127
2006-01-03,0.017435927271544856
2006-01-04,0.004724510857454682
2006-01-05,0.0006282574634898778
2006-01-06,0.00828738333021527
2006-01-09,0.0025656085614352993
2006-01-10,0.0010093404842343586
2006-01-11,0.0031755995265883054
2006-01-12,-0.003952169732393554
2006-01-13,-0.0009320092367412093
2006-01-17,-0.002723526644553964
2006-01-18,-0.003982064708289691
2006-01-19,0.003826351006140925
2006-01-20,-0.018405455352379287
2006-01-23,0.0035657640142048967
2006-01-24,0.0010281808742875292
2006-01-25,0.0008684204472514829
2006-01-26,0.005511528310411035
2006-01-27,0.009222315831280803
2006-01-30,-0.0007778833814771961
2006-01-31,-0.007345693132506464
2006-02-01,0.006955877036277728
2006-02-02,-0.01167243499027664
2006-02-03,-0.004977252776663648
2006-02-06,0.0026099049678058837
2006-02-07,-0.00888611809990541
2006-02-08,0.009044197451867545
2006-02-09,-0.001660116486035712
2006-02-10,0.001818083343517408
2006-02-13,-0.001818083343517301
2006-02-14,0.010544657527597886
2006-02-15,0.003516513937540427
2006-02-16,0.007460271187935208
2006-02-17,-0.0027134769108510173
2006-02-21,-0.002487183010137782
2006-02-22,0.00605205383504943
2006-02-23,-0.001470904606271629
2006-02-24,0.0025530758608050663
2006-02-27,0.0003864873655439689
2006-02-28,-0.009546000139323236
2006-03-01,0.008850489417873562
2006-03-02,-7.727076244381953e-05
2006-03-03,-0.00464927207390374
2006-03-06,-0.00459238927318212
2006-03-07,-0.0015616479070653432
2006-03-08,0.0021075237251875867
2006-03-09,-0.006728675475133162
2006-03-10,0.0094541970624631
2006-03-13,0.0018647973474604832
2006-03-14,0.010424306678082751
2006-03-15,0.004445368556117101
2006-03-16,0.002062940982793801
2006-03-17,0.0008347694009590667
2006-03-20,-0.0016090374777644528
2006-03-21,-0.006307384192290624
2006-03-22,0.006077467432826456
2006-03-23,-0.002073245005471942
2006-03-24,0.0007680840726167507
2006-03-27,-0.0014598390407311711
2006-03-28,-0.0061722485332733204
2006-03-29,0.006249162128273204
2006-03-30,-0.0017704260455745475
2006-03-31,0.0002310290372619433
2006-04-03,-0.0007705880707974023
2006-04-04,0.0063776252141831
2006-04-05,0.0034407494423111668
2006-04-06,-0.0010691816620410815
2006-04-07,-0.010214692649861397
2006-04-10,0.0015428404294900529
2006-04-11,-0.008514802606915905
2006-04-12,0.0018641477173605343
2006-04-13,-0.0013200181587258916
2006-04-17,-0.0003884008860585996
2006-04-18,0.015731499598224296
2006-04-19,0.0019102384687711834
2006-04-20,0.0013736376398145328
2006-04-21,0.00015268767798853216
2006-04-24,-0.0018316846375469075
2006-04-25,-0.004133196574689954
2006-04-26,0.00022968042647630984
2006-04-27,0.004819735729266632
2006-04-28,0.0033526998074282907
2006-05-01,-0.00817243553669491
2006-05-02,0.007487503053874929
2006-05-03,-0.0037364485415747775
2006-05-04,0.0035841122354844024
2006-05-05,0.008791870727223188
2006-05-08,-0.0012079278632382224
2006-05-09,0.0019625482626822234
2006-05-10,-0.0005283327063676608
2006-05-11,-0.0121444497001267
2006-05-12,-0.013144322986371563
2006-05-15,0.00200996448973815
2006-05-16,-0.0014681041896818378
2006-05-17,-0.01920754096542479
2006-05-18,-0.005057750459965975
2006-05-19,0.007026517970354497
2006-05-22,-0.0076608017736833
2006-05-23,-0.007640395735799009
2006-05-24,0.00795732546466645
2006-05-25,0.012288696303054725
2006-05-26,0.005075787665754895
2006-05-30,-0.017919395768395928
2006-05-31,0.0111196211080743
2006-06-01,0.009522362672016593
2006-06-02,0.0020949333241589243
2006-06-05,-0.014680952004005194
2006-06-06,-0.002441527450596001
2006-06-07,-0.007519020301829369
2006-06-08,-0.0008750435700127447
2006-06-09,-0.0031856770242409595
2006-06-12,-0.010909218579748192
2006-06-13,-0.011681540206052759
2006-06-14,0.007721861793299708
2006-06-15,0.0209924528087916
2006-06-16,-0.007313598509611706
2006-06-19,-0.007892880621173954
2006-06-20,0.0033905093252999453
2006-06-21,0.007386392606600875
2006-06-22,-0.004409461957326849
2006-06-23,-0.00016027587618785177
2006-06-26,0.004409991338641282
2006-06-27,-0.008678529538654271
2006-06-28,0.00675614281157073
2006-06-29,0.019999143814415754
2006-06-30,7.831604448063359e-05
2006-07-03,0.004077678322073152
2006-07-05,-0.005728534313585829
2006-07-06,0.002908080884866832
2006-07-07,-0.006534413107444772
2006-07-10,0.0018932181343560546
2006-07-11,0.004405574890578631
2006-07-12,-0.010732005541841966
2006-07-13,-0.016396819476889115
2006-07-14,-0.003878549701862056
2006-07-17,-0.0014586773730311386
2006-07-18,0.00509515820835403
2006-07-19,0.013778958596015849
2006-07-20,-0.006866099173093967
2006-07-21,-0.007074300781649535
2006-07-24,0.018068856612066742
2006-07-25,0.0035591992859258874
2006-07-26,0.0013413619355993676
2006-07-27,-0.0009468303738127883
2006-07-28,0.009973113434308201
2006-07-31,-0.00101619328237255
2006-08-01,-0.00493954292430163
2006-08-02,0.006736767462518509
2006-08-03,0.0026513291771015457
2006-08-04,-0.0017147075799281133
2006-08-07,-0.0023427283288766725
2006-08-08,-0.0038382901742308514
2006-08-09,-0.003381028198763534
2006-08-10,0.0030665803801248784
2006-08-11,-0.0028302489319153514
2006-08-14,0.0007872530802373481
2006-08-15,0.011886941532326188
2006-08-16,0.008283876004186489
2006-08-17,0.002541011189927105
2006-08-18,0.005062986085677898
2006-08-21,-0.004294094483009433
2006-08-22,-7.702303279634466e-05
2006-08-23,-0.0027704357098071583
2006-08-24,-0.0008478786280076961
2006-08-25,0.001233325245756668
2006-08-28,0.004764556315245364
2006-08-29,0.0011496236442812035
2006-08-30,0.0006121664826260182
2006-08-31,-0.00015267000307618458
2006-09-01,0.005952898267512145
2006-09-05,0.0019001950398915624
2006-09-06,-0.008848753556954806
2006-09-07,-0.004608160538993165
2006-09-08,0.0028440912830898822
2006-09-11,0.0009975016073970296
2006-09-12,0.009767297771150893
2006-09-13,0.004016367838942181
2006-09-14,7.579974973080929e-05
2006-09-15,0.002344459474663363
2006-09-18,0.0013629558651337287
2006-09-19,-0.0025004637142494912
2006-09-20,0.0052968666718862314
2006-09-21,-0.004841907383807186
2006-09-22,-0.0030375893378169964
2006-09-25,0.007652563589784037
2006-09-26,0.008269206285284674
2006-09-27,0.0011974684651907827
2006-09-28,-0.0003742799512041636
2006-09-29,-0.0008231885139867406
2006-10-02,-0.003750330189852332
2006-10-03,0.0021017533593780096
2006-10-04,0.0116299212475182
2006-10-05,0.00192573719504768
2006-10-06,-0.0012590184568194197
2006-10-09,0.0005923289325175862
2006-10-10,0.0013318833384071628
2006-10-11,-0.001183511732702517
2006-10-12,0.008622379382928898
2006-10-13,0.0025650274300737397
2006-10-16,0.0015351926352667382
2006-10-17,-0.0031467778007721403
2006-10-18,0.0013185224793502471
2006-10-19,0.001609303409280058
2006-10-20,0.00021895191214167098
2006-10-23,0.004593636462560982
2006-10-24,0.0029782936556426195
2006-10-25,0.003402699534903216
2006-10-26,0.0031032734248784264
2006-10-27,-0.006288482047858548
2006-10-30,-0.0007252595970142783
2006-10-31,-0.00014522623179696176
2006-11-01,-0.006772460906093272
2006-11-02,-0.0005845860581568903
2006-11-03,-0.0017562922290317341
2006-11-06,0.011215671383578546
2006-11-07,0.0038311642859045502
2006-11-08,0.0021621403290057583
2006-11-09,-0.00526954171027625
2006-11-10,0.0004344655022543354
2006-11-13,0.0024562276415458395
2006-11-14,0.007476739594129593
2006-11-15,0.002860999643074423
2006-11-16,0.002567686037155377
2006-11-17,0.00028491787139022027
2006-11-20,0.000569592323784658
2006-11-21,0.00099585096308815
2006-11-22,0.001988886985748241
2006-11-24,-0.004053145752104495
2006-11-27,-0.013846834003054047
2006-11-28,0.004325376316257941
2006-11-29,0.010375994815583532
2006-11-30,0.00042753989913858764
2006-12-01,-0.002208429287002961
2006-12-04,0.007601589843291032
2006-12-05,0.004308180161558679
2006-12-06,-0.0008462303606020649
2006-12-07,-0.004382291218892529
2006-12-08,0.0018399139558451418
2006-12-11,0.0028951502809591054
2006-12-12,-0.0007757708608320476
2006-12-13,0.0010573906803362293
2006-12-14,0.008772683894341106
2006-12-15,9.104839480742404e-05
2006-12-18,-0.0027433429291477407
2006-12-19,0.0018998150699385547
2006-12-20,-0.0005622626416629036
2006-12-21,-0.0036652377150791803
2006-12-22,-0.006162448997349315
2006-12-26,0.005880281475571431
2006-12-27,0.006547447671983399
2006-12-28,-0.0021077871044740694
2006-12-29,-0.004157493045731452
2007-01-03,-0.0017667018978240465
2007-01-04,0.0021199906188481793
2007-01-05,-0.00800833702754688
2007-01-08,0.004614561302643954
2007-01-09,-0.0008504780278275215
2007-01-10,0.0033260122182132983
2007-01-11,0.004371111126095796
2007-01-12,0.007567914460306084
2007-01-16,-0.0019565224376421873
2007-01-17,0.00041982172461581106
2007-01-18,-0.0033620687983469547
2007-01-19,0.0019625103941886143
2007-01-22,-0.0030856656364024594
2007-01-23,0.002945396270990258
2007-01-24,0.008021263234296144
2007-01-25,-0.011809261786983603
2007-01-26,-0.000914660934291518
2007-01-29,-0.0005629249486223663
2007-01-30,0.005195556677834542
2007-01-31,0.0067008563847618515
2007-02-01,0.005964929238643776
2007-02-02,0.001382020883058102
2007-02-05,0.00027602488876943607
2007-02-06,0.0002763242107970343
2007-02-07,0.002206050818556534
2007-02-08,-0.0013097058318645913
2007-02-09,-0.007475055843708145
2007-02-12,-0.0034097961105356866
2007-02-13,0.008399445219965027
2007-02-14,0.006545775186050214
2007-02-15,0.0013041782968713628
2007-02-16,-0.0004805796788034583
2007-02-20,0.0021252529936866184
2007-02-21,-0.00041069119696071963
2007-02-22,-0.0007540808466061637
2007-02-23,-0.003914941584633493
2007-02-26,-0.0008952160037554144
2007-02-27,-0.039841000032996905
2007-02-28,0.010198395005899814
2007-03-01,-0.002983995350013073
2007-03-02,-0.013182072520608134
2007-03-05,-0.009564224697902747
2007-03-06,0.016964429065551095
2007-03-07,-0.001002611111898675
2007-03-08,0.008419584586691451
2007-03-09,0.0002843152173556015
2007-03-12,0.0014906741419504531
2007-03-13,-0.019625418805505484
2007-03-14,0.007422133161889403
2007-03-15,0.0013638007876555687
2007-03-16,-0.002803941602910858
2007-03-19,0.011983007767373408
2007-03-20,0.005476939239487411
2007-03-21,0.016323827049937144
2007-03-22,-0.0007684612283323203
2007-03-23,0.0014661173793029847
2007-03-26,-0.0013261674545048938
2007-03-27,-0.0023775681082721907
2007-03-28,-0.007306192269679248
2007-03-29,0.001057790521928116
2007-03-30,0.0002105232793623961
2007-04-02,0.001126439314524014
2007-04-03,0.010704473308811621
2007-04-04,0.0011132737470554558
2007-04-05,0.00270737179421113
2007-04-09,0.0013855711742511057
2007-04-10,0.0011763740745426212
2007-04-11,-0.004088271624550642
2007-04-12,0.00443386418021612
2007-04-13,0.004552498238107673
2007-04-16,0.009451181305710434
2007-04-17,0.0026545496332256607
2007-04-18,0.0012231211301215919
2007-04-19,-0.0002717408721689205
2007-04-20,0.009396751411443905
2007-04-23,-0.0037748875444810863
2007-04-24,0.0004052991343087824
2007-04-25,0.009140093908638122
2007-04-26,0.0011362979240256757
2007-04-27,-0.0008022527843753169
2007-04-30,-0.008326975107133277
2007-05-01,0.0025585482648974337
2007-05-02,0.005835251472108791
2007-05-03,0.005402127471207702
2007-05-04,0.003783855405099717
2007-05-07,0.00019875800725236337
2007-05-08,-0.001325416759426826
2007-05-09,0.0027156894741136705
2007-05-10,-0.01050725253241711
2007-05-11,0.008520730925124639
2007-05-14,-0.0021899645844182386
2007-05-15,0.0002656403892675131
2007-05-16,0.006817657990395543
2007-05-17,-0.0019811796266294137
2007-05-18,0.008686773962151121
2007-05-21,-0.0005248517116100296
2007-05-22,-0.0007868345017832734
2007-05-23,0.0001318219552298538
2007-05-24,-0.009094110349186325
2007-05-25,0.004161648061506359
2007-05-29,0.003619012961643164
2007-05-30,0.008112579146151424
2007-05-31,-0.0010431027583777826
2007-06-01,0.0049445133639150415
2007-06-04,0.00012990949504393954
2007-06-05,-0.003966215248912238
2007-06-06,-0.01080834190017656
2007-06-07,-0.018210218314333615
2007-06-08,0.01292769117731478
2007-06-11,0.0017197246614242513
2007-06-12,-0.010965218005067069
2007-06-13,0.014857302778832949
2007-06-14,0.006365891897251295
2007-06-15,0.005673356399537301
2007-06-18,-0.0011764245398292706
2007-06-19,0.0024823642349861893
2007-06-20,-0.01399457894132356
2007-06-21,0.0055423571026377095
2007-06-22,-0.00945338976736571
2007-06-25,-0.00479405493972697
2007-06-26,-0.010331481508303316
2007-06-27,0.014128755232036496
2007-06-28,-0.00013325195679264232
2007-06-29,0.00033219988664882634
2007-07-02,0.009000027113732545
2007-07-03,0.0036175051568239744
2007-07-05,-0.001051576939462507
2007-07-06,0.00524347532198589
2007-07-09,0.000784468979613809
2007-07-10,-0.014341736376525735
2007-07-11,0.007064809079299953
2007-07-12,0.015667223700476407
2007-07-13,0.0029753689625001533
2007-07-16,-0.00012935268131087981
2007-07-17,-0.0005168110274905623
2007-07-18,-0.0018109797925075343
2007-07-19,0.003876762452492575
2007-07-20,-0.010176041902836446
2007-07-23,0.003057217109284636
2007-07-24,-0.017493754433699427
2007-07-25,0.002047356086211311
2007-07-26,-0.02396380622103706
2007-07-27,-0.019855587235512128
2007-07-30,0.015522480779235822
2007-07-31,-0.011327667098512744
2007-08-01,0.004860549139803747
2007-08-02,0.007958417598624146
2007-08-03,-0.026082248557461073
2007-08-06,0.016620459004801646
2007-08-07,0.01061287514575319
2007-08-08,0.013844344982126448
2007-08-09,-0.030081456193871106
2007-08-10,-0.004688365853769488
2007-08-13,0.003587384770366223
2007-08-14,-0.01540473513801485
2007-08-15,-0.01387044690387167
2007-08-16,0.007487897252947775
2007-08-17,0.01819990001857254
2007-08-20,-0.00048349974189796307
2007-08-21,0.0020032628187780905
2007-08-22,0.011797620362334827
2007-08-23,-0.0008867432909454223
2007-08-24,0.012277287094457768
2007-08-27,-0.009347073604978533
2007-08-28,-0.02222509893997149
2007-08-29,0.019431573946534355
2007-08-30,-0.0026655527072135883
2007-08-31,0.009804764413233814
2007-09-04,0.01004527900579567
2007-09-05,-0.008691029001623283
2007-09-06,0.0022978932023104913
2007-09-07,-0.014004273362874454
2007-09-10,-0.0019185500869768415
2007-09-11,0.011593159542300582
2007-09-12,0.0025727678591655942
2007-09-13,0.0070085599088400416
2007-09-14,-6.710926412575927e-05
2007-09-17,-0.005387320497307599
2007-09-18,0.02901513818504208
2007-09-19,0.0058852541216956504
2007-09-20,-0.007066742027172783
2007-09-21,0.0026951536027100035
2007-09-24,-0.0018444152649889978
2007-09-25,-0.0019796324318749753
2007-09-26,0.00527014768172867
2007-09-27,0.005896115835049656
2007-09-28,-0.0033367432572633904
2007-10-01,0.011210112962753392
2007-10-02,-0.0013619027560383575
2007-10-03,-0.0020142795311585493
2007-10-04,0.0015595740326262647
2007-10-05,0.011811691920822235
2007-10-08,-0.0053401793440723535
2007-10-09,0.009373872075203104
2007-10-10,-0.0016627032121587434
2007-10-11,-0.004811860193720672
2007-10-12,0.0055161193340995136
2007-10-15,-0.00847972631212291
2007-10-16,-0.007966788300676726
2007-10-17,0.00305210449886941
2007-10-18,-0.0036370744763681577
2007-10-19,-0.026505167461540326
2007-10-22,0.005796411270382087
2007-10-23,0.008071595903711983
2007-10-24,-0.0018472533255923245
2007-10-25,0.0023738782680658133
2007-10-26,0.011654855894679007
2007-10-29,0.0033143990886730437
2007-10-30,-0.006966276645423891
2007-10-31,0.010334040004987916
2007-11-01,-0.023686119982983433
2007-11-02,0.0011252617374416473
2007-11-05,-0.00763502188112711
2007-11-06,0.013372592660983597
2007-11-07,-0.027737003717334213
2007-11-08,-0.005083547801844979
2007-11-09,-0.013821867904006654
2007-11-12,-0.009970648062528295
2007-11-13,0.03002475752420676
2007-11-14,-0.0027731078774892873
2007-11-15,-0.014528843152199102
2007-11-16,0.0017166105173425199
2007-11-19,-0.014022514777689551
2007-11-20,0.006103047643432895
2007-11-21,-0.020677060739843
2007-11-23,0.017145038615117614
2007-11-26,-0.022310668538775866
2007-11-27,0.01142791130031818
2007-11-28,0.031483330711396126
2007-11-29,0.00033968522148510407
2007-11-30,0.010005713316773412
2007-12-03,-0.006614683186159917
2007-12-04,-0.008977694892518432
2007-12-05,0.016600680610066698
2007-12-06,0.01421205237089113
2007-12-07,-0.00019862043902340787
2007-12-10,0.007722974610196438
2007-12-11,-0.02780254506914809
2007-12-12,0.009822119378936294
2007-12-13,-0.0020774924397886302
2007-12-14,-0.012760373689977546
2007-12-17,-0.014371828363417855
2007-12-18,0.005568028456929241
2007-12-19,0.0
2007-12-20,0.00628653389671392
2007-12-21,0.014312213027610179
2007-12-24,0.007398728533163886
2007-12-26,0.002141913436004559
2007-12-27,-0.012650654104681261
2007-12-28,-0.0025083816286207454
2007-12-31,-0.007427708095100571
2008-01-02,-0.00879290250949901
2008-01-03,-0.0004831846778544803
2008-01-04,-0.024811678658929633
2008-01-07,-0.0008496376125800214
2008-01-08,-0.016279806928160723
2008-01-09,0.010454916728508186
2008-01-10,0.006532984267546196
2008-01-11,-0.008101127529309022
2008-01-14,0.008030499486422774
2008-01-15,-0.022259115451238425
2008-01-16,-0.008649848310082506
2008-01-17,-0.026258231114803073
2008-01-18,-0.010320525670163604
2008-01-22,-0.010198706658771414
2008-01-23,0.023737290430979364
2008-01-24,0.008405789831965056
2008-01-25,-0.014550944459510152
2008-01-28,0.016401388478782905
2008-01-29,0.004941870831917194
2008-01-30,-0.007385367742232287
2008-01-31,0.018070380705726106
2008-02-01,0.015960211615729653
2008-02-04,-0.012689646235640615
2008-02-05,-0.027139070248278673
2008-02-06,-0.008084524163316096
2008-02-07,0.006592791427639855
2008-02-08,-0.0064420007760855385
2008-02-11,0.005096545558871435
2008-02-12,0.00922836500639586
2008-02-13,0.010171210254477323
2008-02-14,-0.008838580278207366
2008-02-15,-0.00022212664456151528
2008-02-19,0.0028080466895515914
2008-02-20,0.0029471047969082376
2008-02-21,-0.008348273294181065
2008-02-22,0.006138956299097825
2008-02-25,0.012529995046253664
2008-02-26,0.007472155953716362
2008-02-27,-0.0010122159762673904
2008-02-28,-0.00981540946595709
2008-02-29,-0.022535918171920643
2008-03-03,-0.002394068116205232
2008-03-04,-0.0038276406991978366
2008-03-05,0.0062964336627427606
2008-03-06,-0.020915215556241065
2008-03-07,-0.010353853154371914
2008-03-10,-0.013271078223654717
2008-03-11,0.03530740200595107
2008-03-12,-0.009395720918439598
2008-03-13,0.0022051701929315564
2008-03-14,-0.015617024977726006
2008-03-17,-0.01015872283776738
2008-03-18,0.04070372442043977
2008-03-19,-0.025081868449985178
2008-03-20,0.018353255616164205
2008-03-24,0.01979114076385218
2008-03-25,0.0009640905631996429
2008-03-26,-0.012311388516571573
2008-03-27,-0.0031581016707698784
2008-03-28,-0.00961081990121516
2008-03-31,0.003492218894748872
2008-04-01,0.034555059965776985
2008-04-02,0.0006590081361225314
2008-04-03,0.002484002075108223
2008-04-04,-0.0010954470886654767
2008-04-07,0.0005113528040402727
2008-04-08,-0.0010225787136717867
2008-04-09,-0.007261988874331788
2008-04-10,0.001397442588002287
2008-04-11,-0.01959949552678227
2008-04-14,-0.0033797384822376536
2008-04-15,0.0023292200824798328
2008-04-16,0.026733655740794445
2008-04-17,0.001460187112126839
2008-04-18,0.010380247687620863
2008-04-21,0.0005054062650933654
2008-04-22,-0.00441204944177355
2008-04-23,-0.0015964901287073945
2008-04-24,0.00434714555599549
2008-04-25,0.00921115717926296
2008-04-28,0.0002149613978194275
2008-04-29,-0.003946867430628098
2008-04-30,-0.005913139359704595
2008-05-01,0.020474327694334733
2008-05-02,0.0027602804165204834
2008-05-05,-0.0048172148279678004
2008-05-06,0.008625714322311987
2008-05-07,-0.017970909030909907
2008-05-08,-0.0025837128398616648
2008-05-09,-0.0018703027814973901
2008-05-12,0.011168492273773211
2008-05-13,0.00014273802896055124
2008-05-14,0.0020621286370312623
2008-05-15,0.012424946944277704
2008-05-16,0.000911957886496433
2008-05-19,0.0027297051627122385
2008-05-20,-0.008141963336550869
2008-05-21,-0.017059197021123927
2008-05-22,0.00014334950351968612
2008-05-23,-0.013494576141765661
2008-05-27,0.007383145740694399
2008-05-28,0.004604967633103243
2008-05-29,0.005012767345045907
2008-05-30,0.002496575503649297
2008-06-02,-0.010385038159823404
2008-06-03,-0.005848838515157618
2008-06-04,-0.000506628281872189
2008-06-05,0.019799511498211925
2008-06-06,-0.03241331402660524
2008-06-09,0.002418477709999554
2008-06-10,-0.004989754981615601
2008-06-11,-0.014821688874391845
2008-06-12,0.003800517005572517
2008-06-13,0.012564918874036166
2008-06-16,0.0005871779462244221
2008-06-17,-0.004856324872179774
2008-06-18,-0.009784454404559951
2008-06-19,0.001265991901323297
2008-06-20,-0.01636546615575018
2008-06-23,-0.0009886141278391822
2008-06-24,-0.0019797620031037676
2008-06-25,0.004715102868925327
2008-06-26,-0.027536411810309108
2008-06-27,-0.00547361728079049
2008-06-30,0.003522120663852329
2008-07-01,0.0031209152687209077
2008-07-02,-0.017285034146988915
2008-07-03,0.0010292126594452081
2008-07-07,-0.010264968301893582
2008-07-08,0.01760108017383481
2008-07-09,-0.019442846136772742
2008-07-10,0.004078620310721863
2008-07-11,-0.011720133549797281
2008-07-14,-0.009085467465730466
2008-07-15,-0.014197026713418043
2008-07-16,0.024250504495941013
2008-07-17,0.009953579538251617
2008-07-18,0.006210703609668328
2008-07-21,0.0005560487441410233
2008-07-22,0.011280604907993368
2008-07-23,0.005398179834010219
2008-07-24,-0.020971997972556757
2008-07-25,-0.00023939035146998115
2008-07-28,-0.014772229593858826
2008-07-29,0.021127366964737167
2008-07-30,0.017660751890947398
2008-07-31,-0.013314337567556235
2008-08-01,-0.005296967290399798
2008-08-04,-0.009317541851999364
2008-08-05,0.02660546079887798
2008-08-06,0.004430802509269014
2008-08-07,-0.015003622237196822
2008-08-08,0.018410296650978104
2008-08-11,0.01030471686157677
2008-08-12,-0.010459106019708479
2008-08-13,-0.00604799051576344
2008-08-14,0.007515849199053971
2008-08-15,0.004851409031700597
2008-08-18,-0.013768665259787196
2008-08-19,-0.010964517707917685
2008-08-20,0.004635467925157279
2008-08-21,0.0017231430939632342
2008-08-22,0.014371743016509245
2008-08-25,-0.020494226201170456
2008-08-26,0.002909162814618781
2008-08-27,0.009686867657122112
2008-08-28,0.01205484760688487
2008-08-29,-0.010811688887110427
2008-09-02,-0.00623155386146269
2008-09-03,-0.0008594254583039833
2008-09-04,-0.03056897568122665
2008-09-05,0.0031395507653997627
2008-09-08,0.02044508720961864
2008-09-09,-0.03013673103881481
2008-09-10,0.004049598764985105
2008-09-11,0.01436484676234625
2008-09-12,0.004610385147185928
2008-09-15,-0.048754790633095665
2008-09-16,0.01659891219372678
2008-09-17,-0.046005327190262076
2008-09-18,0.02923983007296663
2008-09-19,0.038945709049506096
2008-09-22,-0.022899550691602807
2008-09-23,-0.023014671187097786
2008-09-24,0.003200837180082134
2008-09-25,0.015517986142132234
2008-09-26,0.0004964469067654512
2008-09-29,-0.08160262641492454
2008-09-30,0.04055681661534055
2008-10-01,0.0006032601885430732
2008-10-02,-0.036948588481142165
2008-10-03,-0.013592306148610905
2008-10-06,-0.05227650690119964
2008-10-07,-0.045820210287376976
2008-10-08,-0.02551445449143629
2008-10-09,-0.07239828307319558
2008-10-10,-0.024554663861085423
2008-10-13,0.1355775165285348
2008-10-14,-0.01491051195416519
2008-10-15,-0.10363762348124453
2008-10-16,0.04081365721096603
2008-10-17,-0.005990172916895709
2008-10-20,0.05834376845788368
2008-10-21,-0.030310488132282324
2008-10-22,-0.0559930096291178
2008-10-23,0.011517523133569818
2008-10-24,-0.05204517336161479
2008-10-27,-0.03614646401691276
2008-10-28,0.11051678424660677
2008-10-29,-0.007278334454769814
2008-10-30,0.03400869721858655
2008-10-31,0.00548901038393627
2008-11-03,0.002886997153880132
2008-11-04,0.03341682470722153
2008-11-05,-0.04293631033260332
2008-11-06,-0.05700562629908073
2008-11-07,0.03248516813817615
2008-11-10,-0.013191458688106663
2008-11-11,-0.03136228335759854
2008-11-12,-0.044998977240873345
2008-11-13,0.0604738212355341
2008-11-14,-0.051194975822534745
2008-11-17,-0.013365156376609125
2008-11-18,0.018661649426988232
2008-11-19,-0.0662243995843841
2008-11-20,-0.0771329966634514
2008-11-21,0.05253853787239382
2008-11-24,0.06699577814496839
2008-11-25,0.007382111807883423
2008-11-26,0.03791340647508443
2008-11-28,0.012509786413285038
2008-12-01,-0.09274933774376232
2008-12-02,0.03776236380238341
2008-12-03,0.023757606469180348
2008-12-04,-0.023405402883976887
2008-12-05,0.030366474421496092
2008-12-08,0.03431836094397075
2008-12-09,-0.016621368074909652
2008-12-10,0.006792740355617086
2008-12-11,-0.024376109235876707
2008-12-12,0.011868873670077459
2008-12-15,-0.014031558295421218
2008-12-16,0.045991876348351245
2008-12-17,-0.009733911019457009
2008-12-18,-0.01886045919709157
2008-12-19,-0.004310939175113611
2008-12-22,-0.012895953623107763
2008-12-23,-0.01039148070292711
2008-12-24,0.005785815748949096
2008-12-26,0.0057533704357430725
2008-12-29,-0.0028722774738753573
2008-12-30,0.02342642959057913
2008-12-31,0.014173252362259529
2009-01-02,0.02969677796413057
2009-01-05,-0.0011840313040400252
2009-01-06,0.006654960968505635
2009-01-07,-0.030413900651942778
2009-01-08,0.004072727156702712
2009-01-09,-0.021652077475711153
2009-01-12,-0.024314309819145636
2009-01-13,0.0018388204774905563
2009-01-14,-0.031959844552614566
2009-01-15,0.0003558134835584966
2009-01-16,0.007788799560709587
2009-01-20,-0.054230299305684806
2009-01-21,0.04228581604079934
2009-01-22,-0.015588077197414845
2009-01-23,0.00434097112375018
2009-01-26,0.0068346730656877
2009-01-27,0.01010668311442087
2009-01-28,0.03327413767493441
2009-01-29,-0.03303732240115532
2009-01-30,-0.020552740564025798
2009-02-02,-0.003023096703851988
2009-02-03,0.013949205962073899
2009-02-04,-0.0049078218045925616
2009-02-05,0.014771027273351157
2009-02-06,0.02809887222512629
2009-02-09,0.0013781024876755089
2009-02-10,-0.04689172032964383
2009-02-11,0.005878403771191916
2009-02-12,0.000717677385869111
2009-02-13,-0.010816027610162425
2009-02-17,-0.043716508751088526
2009-02-18,-0.0024014031519194413
2009-02-19,-0.010813531186921709
2009-02-20,-0.009768201396370642
2009-02-23,-0.036434517142401326
2009-02-24,0.03720885423539006
2009-02-25,-0.007904024293517005
2009-02-26,-0.01639481364677447
2009-02-27,-0.022601874548871716
2009-03-02,-0.04608868360326797
2009-03-03,-0.007535210426509884
2009-03-04,0.02341417315801611
2009-03-05,-0.041705609079280205
2009-03-06,0.0017429257726110927
2009-03-09,-0.011822447805371346
2009-03-10,0.057900425601948705
2009-03-11,0.0064914825821607465
2009-03-12,0.0386167162685815
2009-03-13,0.007783586526628067
2009-03-16,-0.0030266889977043385
2009-03-17,0.030123906794732192
2009-03-18,0.02213795582945492
2009-03-19,-0.012463456925161435
2009-03-20,-0.021524128854936125
2009-03-23,0.06936663813153898
2009-03-24,-0.019899825134831666
2009-03-25,0.010490849161393066
2009-03-26,0.020175395697706378
2009-03-27,-0.018213264935713992
2009-03-30,-0.035165786045028576
2009-03-31,0.009222336667520597
2009-04-01,0.019181159530582043
2009-04-02,0.028818379389951673
2009-04-03,0.009899862116002113
2009-04-06,-0.007864427650092801
2009-04-07,-0.023601449560981532
2009-04-08,0.010719999232584211
2009-04-09,0.03897372430998162
2009-04-13,0.00023301338707274602
2009-04-14,-0.017393671588314893
2009-04-15,0.010613533873857568
2009-04-16,0.014555683385779134
2009-04-17,0.006682846439466509
2009-04-20,-0.042819113945354745
2009-04-21,0.01934884823656765
2009-04-22,-0.006131727504500578
2009-04-23,0.009770326296588226
2009-04-24,0.014997462197394265
2009-04-27,-0.009507972569642356
2009-04-28,-0.003149813704359861
2009-04-29,0.02104586096890211
2009-04-30,0.0003434485156086617
2009-05-01,0.005361696652844494
2009-05-04,0.033453920010071934
2009-05-05,-0.0034165880312608675
2009-05-06,0.017186301829898807
2009-05-07,-0.01399006274539684
2009-05-08,0.023064945767697638
2009-05-11,-0.01889136424999242
2009-05-12,-0.0029628889941528585
2009-05-13,-0.025495956987712884
2009-05-14,0.008533713518702241
2009-05-15,-0.00819549370787319
2009-05-18,0.028011289854291323
2009-05-19,-0.0012064448263449958
2009-05-20,-0.00671692341749311
2009-05-21,-0.014467430063230967
2009-05-22,-0.00213134339922293
2009-05-26,0.025289400671687084
2009-05-27,-0.018014782079596867
2009-05-28,0.013843609493425701
2009-05-29,0.017553373528145563
2009-06-01,0.02391963150788139
2009-06-02,0.0008437844059640239
2009-06-03,-0.01273213857303689
2009-06-04,0.009352720687378873
2009-06-05,0.00021168547736985367
2009-06-08,-0.0041332210252514705
2009-06-09,0.005084704270297277
2009-06-10,-0.002539559283658239
2009-06-11,0.004439486378592764
2009-06-12,0.00273817575052461
2009-06-15,-0.023194790625125875
2009-06-16,-0.01365573311605659
2009-06-17,-0.0009826471248381324
2009-06-18,0.00729155541248803
2009-06-19,0.0036792640828877407
2009-06-22,-0.030445733141070914
2009-06-23,0.0007832972646725035
2009-06-24,0.008581503093421679
2009-06-25,0.021515504514569978
2009-06-26,-0.002610043388883383
2009-06-29,0.009320644800204681
2009-06-30,-0.008123650581894772
2009-07-01,0.0041246290296237465
2009-07-02,-0.027673103392607333
2009-07-06,-0.00011125625412123975
2009-07-07,-0.019566361308410055
2009-07-08,-0.0006819335161477153
2009-07-09,0.0019300427963634575
2009-07-10,-0.002384650389044781
2009-07-13,0.024037961106451976
2009-07-14,0.005644106613280239
2009-07-15,0.028827374174529505
2009-07-16,-0.0016104123041085514
2009-07-17,0.010895715044371843
2009-07-20,0.010567267441790755
2009-07-21,0.004614600799520653
2009-07-22,-0.00020911195725554338
2009-07-23,0.021842196409029988
2009-07-24,0.004087528830438171
2009-07-27,0.002952977425246401
2009-07-28,-0.00468808875037679
2009-07-29,-0.002455046890279148
2009-07-30,0.010391768254882836
2009-07-31,0.0014179974524077235
2009-08-03,0.016361656253124784
2009-08-04,0.0025850822459066356
2009-08-05,-0.0028840676312359456
2009-08-06,-0.005191958442510715
2009-08-07,0.01302929906157817
2009-08-10,-0.0020777032763009003
2009-08-11,-0.012555219270788353
2009-08-12,0.010672473267088428
2009-08-13,0.007609704041649469
2009-08-14,-0.0077089318480805455
2009-08-17,-0.024913616341900875
2009-08-18,0.007903154964924771
2009-08-19,0.008741275499594747
2009-08-20,0.010251159687512293
2009-08-21,0.019416093047785195
2009-08-24,-9.663640300821854e-05
2009-08-25,0.0019404416131860148
2009-08-26,9.66487544394693e-05
2009-08-27,0.0022271211051636103
2009-08-28,-0.00019317567873682238
2009-08-31,-0.008938928609544254
2009-09-01,-0.022304858029478156
2009-09-02,-0.003799538206073464
2009-09-03,0.008281146159690124
2009-09-04,0.013911196575550108
2009-09-08,0.00858544474647078
2009-09-09,0.007645055444033414
2009-09-10,0.010166798935577035
2009-09-11,-0.000190318135621913
2009-09-14,0.004855824610549355
2009-09-15,0.004170926296946349
2009-09-16,0.015020537455648885
2009-09-17,-0.001492133822752669
2009-09-18,0.0006375629112662617
2009-09-21,-0.0025333369260351207
2009-09-22,0.005807276302956152
2009-09-23,-0.00834675768178976
2009-09-24,-0.011079979169081308
2009-09-25,-0.005347203527532348
2009-09-28,0.017744687956162273
2009-09-29,-0.0030142438833104216
2009-09-30,-0.003875525961548598
2009-10-01,-0.025126077024467706
2009-10-02,-0.004672432854316791
2009-10-05,0.014818182139265945
2009-10-06,0.014222460828004803
2009-10-07,0.0027448419520284505
2009-10-08,0.0076267537209102594
2009-10-09,0.006078186469558474
2009-10-12,0.003908510052131239
2009-10-13,-0.0020455457298763006
2009-10-14,0.017069621285593445
2009-10-15,0.003652592003422195
2009-10-16,-0.007502236151706053
2009-10-19,0.008231193655239062
2009-10-20,-0.0052974899453551855
2009-10-21,-0.00901344956612757
2009-10-22,0.010112439954793837
2009-10-23,-0.011499155050425026
2009-10-26,-0.01088413174856453
2009-10-27,-0.00459453562099254
2009-10-28,-0.019067594753853286
2009-10-29,0.021227123110583827
2009-10-30,-0.02940169053841404
2009-11-02,0.00731193046559818
2009-11-03,0.003157934025276421
2009-11-04,0.0025768556708379927
2009-11-05,0.018228195149955627
2009-11-06,0.0026170737484469096
2009-11-09,0.02252067549454458
2009-11-10,0.00018233499517005862
2009-11-11,0.005096675079710482
2009-11-12,-0.010219647433367864
2009-11-13,0.005396365765718604
2009-11-16,0.014400516769045558
2009-11-17,0.0011687367330092228
2009-11-18,-0.0006290649962488566
2009-11-19,-0.013117015206421723
2009-11-20,-0.0035575836309194564
2009-11-23,0.012622071418601019
2009-11-24,0.0015327645454709603
2009-11-25,0.00350776097395871
2009-11-27,-0.01638391501372643
2009-11-30,0.0033709512242926275
2009-12-01,0.01229460027195764
2009-12-02,-0.00044893991099645403
2009-12-03,-0.007851589150578334
2009-12-04,0.005691318783207314
2009-12-07,-0.0015325806637534838
2009-12-08,-0.011158936748753531
2009-12-09,0.0037336537511288544
2009-12-10,0.005619550766718603
2009-12-11,0.004238762095469938
2009-12-14,0.006816769922596983
2009-12-15,-0.004658810060582037
2009-12-16,0.0015253822288767026
2009-12-17,-0.01208837433681797
2009-12-18,0.0056413897690966615
2009-12-21,0.010110856124823599
2009-12-22,0.0035868893190863934
2009-12-23,0.0019665765024629153
2009-12-24,0.004723373544534189
2009-12-28,0.0021316990054902514
2009-12-29,-0.0014206880386913963
2009-12-30,-0.0003553516705126236
2009-12-31,-0.00964482771531838
2010-01-04,0.016817776375114436
2010-01-05,0.0026436914126998206
2010-01-06,0.0007037278714267402
2010-01-07,0.004212177534506656
2010-01-08,0.003322251381740706
2010-01-11,0.0013953368812624394
2010-01-12,-0.009369436752774008
2010-01-13,0.008410902273155356
2010-01-14,0.0027007484158642517
2010-01-15,-0.011287501430235054
2010-01-19,0.012417871873674187
2010-01-20,-0.010220703681038732
2010-01-21,-0.019416060007069136
2010-01-22,-0.022544835413678587
2010-01-25,0.005114916790046072
2010-01-26,-0.004199028216176041
2010-01-27,0.004745728653144079
2010-01-28,-0.011538406030751578
2010-01-29,-0.010928128258808767
2010-02-01,0.015431098861096147
2010-02-02,0.012030375963117759
2010-02-03,-0.0049949405346536085
2010-02-04,-0.0313524594273212
2010-02-05,0.002064596335229727
2010-02-08,-0.007245198403939762
2010-02-09,0.012482175812583469
2010-02-10,-0.0019602251662958993
2010-02-11,0.010411542282773571
2010-02-12,-0.0008329210797588431
2010-02-16,0.015612559161135865
2010-02-17,0.004727270760957958
2010-02-18,0.005877996023453178
2010-02-19,0.0020715677036122915
2010-02-22,0.00017980605580186537
2010-02-23,-0.01221906509228885
2010-02-24,0.009155840268418059
2010-02-25,-0.0013544900749039438
2010-02-26,0.0006323114093270972
2010-03-01,0.010331217268979523
2010-03-02,0.002766917087851628
2010-03-03,0.0008907650712553992
2010-03-04,0.00302291521666588
2010-03-05,0.01419250037278997
2010-03-08,0.00017428728880707208
2010-03-09,0.0016619218651076385
2010-03-10,0.0044456821577643834
2010-03-11,0.004166375648882398
2010-03-12,8.646246428266818e-05
2010-03-15,0.0002596074185302737
2010-03-16,0.007934701428559147
2010-03-17,0.005909806045184462
2010-03-18,-0.0005127505993577872
2010-03-19,-0.005074328810218277
2010-03-22,0.005331825708350427
2010-03-23,0.007008688552077983
2010-03-24,-0.004866701421232805
2010-03-25,-0.0016272792170873738
2010-03-26,-0.0006003295984468393
2010-03-29,0.0063276251188939285
2010-03-30,0.0006816614562902889
2010-03-31,-0.0034131370158848964
2010-04-01,0.006813888305971806
2010-04-05,0.008116618475786465
2010-04-06,0.002354830452719703
2010-04-07,-0.005728473421604953
2010-04-08,0.0034580350401336524
2010-04-09,0.00654587027239093
2010-04-12,0.001588091188589409
2010-04-13,0.0007515349277642695
2010-04-14,0.011285123970063385
2010-04-15,0.0008249339396249133
2010-04-16,-0.016039960950898297
2010-04-19,0.0037627745673328447
2010-04-20,0.008891371638257473
2010-04-21,-0.0018215978168488293
2010-04-22,0.002978971973939196
2010-04-23,0.006506344435202317
2010-04-26,-0.003783303406292316
2010-04-27,-0.02393484987173392
2010-04-28,0.007567536573938859
2010-04-29,0.012321305507280842
2010-04-30,-0.017107590049003488
2010-05-03,0.01287868252212418
2010-05-04,-0.023795552344087804
2010-05-05,-0.005974445555987672
2010-05-06,-0.03377732540227147
2010-05-07,-0.014986769632640132
2010-05-10,0.04309832687714358
2010-05-11,-0.002844704563589421
2010-05-12,0.013889207086297355
2010-05-13,-0.012508741464408814
2010-05-14,-0.018270906763670956
2010-05-17,0.000526372124076303
2010-05-18,-0.013695492964437372
2010-05-19,-0.00571029837007129
2010-05-20,-0.038490979802363656
2010-05-21,0.014494037183718557
2010-05-24,-0.012914269874339147
2010-05-25,0.0010205250794183146
2010-05-26,-0.006046346648503859
2010-05-27,0.03294894870291258
2010-05-28,-0.012629014282670294
2010-06-01,-0.016966613213306822
2010-06-02,0.025705744582805293
2010-06-03,0.0034382409439489147
2010-06-04,-0.035768742583858405
2010-06-07,-0.01252919685030013
2010-06-08,0.010655423966922904
2010-06-09,-0.0053608217299050435
2010-06-10,0.02881228407874721
2010-06-11,0.004843778656077436
2010-06-14,-0.001550907510040797
2010-06-15,0.022483422867995494
2010-06-16,-0.0003576591140539955
2010-06-17,0.0016067390598520843
2010-06-18,0.0010837176972602707
2010-06-21,-0.002868336411246642
2010-06-22,-0.016654069406871835
2010-06-23,-0.0031075983175715364
2010-06-24,-0.016709536617282382
2010-06-25,0.0041811933775453706
2010-06-28,-0.0031569297524754406
2010-06-29,-0.031362613361334765
2010-06-30,-0.009545236890850286
2010-07-01,-0.004466349777010616
2010-07-02,-0.005464642136276685
2010-07-06,0.006534641575327586
2010-07-07,0.031010348490040418
2010-07-08,0.00984666092952965
2010-07-09,0.007437086241411426
2010-07-12,0.0006488274751351294
2010-07-13,0.014975671108353416
2010-07-14,-9.106259361410689e-05
2010-07-15,0.0002731629074294338
2010-07-16,-0.027920819541557892
2010-07-19,0.005889379097809491
2010-07-20,0.01103008912164187
2010-07-21,-0.013082746792166115
2010-07-22,0.02207639852424274
2010-07-23,0.008641837504608094
2010-07-26,0.01036127712360889
2010-07-27,-8.942105039997893e-05
2010-07-28,-0.006475379090580268
2010-07-29,-0.0048839027517207706
2010-07-30,-0.00018164288801642535
2010-08-02,0.022329854292470572
2010-08-03,-0.0048001983244644756
2010-08-04,0.0066606326566424874
2010-08-05,-0.0010627710319891582
2010-08-06,-0.004084346343402462
2010-08-09,0.005324240478020777
2010-08-10,-0.005413450755787502
2010-08-11,-0.02778915032831155
2010-08-12,-0.006148936816059415
2010-08-13,-0.0029504055926599273
2010-08-16,-0.00046182031194912657
2010-08-17,0.012210463462777911
2010-08-18,0.0018234357669677916
2010-08-19,-0.01754989652690088
2010-08-20,-0.0032492138509648727
2010-08-23,-0.003820746654275008
2010-08-24,-0.01495446988911594
2010-08-25,0.0038776293727615786
2010-08-26,-0.006724651369246439
2010-08-27,0.015371392614355248
2010-08-30,-0.01461129788514992
2010-08-31,0.0
2010-09-01,0.029473451099988914
2010-09-02,0.009268892412467967
2010-09-03,0.012888257602959747
2010-09-07,-0.011336473674463741
2010-09-08,0.006998648252436003
2010-09-09,0.004608389784574358
2010-09-10,0.0050360257084817355
2010-09-13,0.011061369833779349
2010-09-14,-0.000620925922448276
2010-09-15,0.0038097027359433235
2010-09-16,-0.0002650379200750532
2010-09-17,0.000372999506232091
2010-09-20,0.015174500038298623
2010-09-21,-0.002015609402663518
2010-09-22,-0.004925238741192984
2010-09-23,-0.008144020459645998
2010-09-24,0.020412061483771612
2010-09-27,-0.004802018602828621
2010-09-28,0.003494686291452972
2010-09-29,-0.0017456848101603142
2010-09-30,-0.0029748080778783086
2010-10-01,0.004197063491986508
2010-10-04,-0.0075319859983445205
2010-10-05,0.019931792077553433
2010-10-06,-8.603060138919058e-05
2010-10-07,-0.001207374833216191
2010-10-08,0.0055927721412346405
2010-10-11,0.0009439470531722921
2010-10-12,0.0030811057025235352
2010-10-13,0.0077469545698843735
2010-10-14,-0.003908681903411278
2010-10-15,0.0020411960212008374
2010-10-18,0.004915884642679181
2010-10-19,-0.013190785334214522
2010-10-20,0.009718337755647058
2010-10-21,0.002203467295871224
2010-10-22,0.00186052417934029
2010-10-25,0.002953244205111211
2010-10-26,0.00016792995962869214
2010-10-27,-0.0028675683274907576
2010-10-28,0.00016923294930337967
2010-10-29,0.0007592851100844387
2010-11-01,0.0003377839639874676
2010-11-02,0.007899279282572813
2010-11-03,0.004009840297228062
2010-11-04,0.01907454237888221
2010-11-05,0.0037555939929521964
2010-11-08,-0.0018762801511141998
2010-11-09,-0.007209808299007704
2010-11-10,0.004021177663370574
2010-11-11,-0.00377470003162082
2010-11-12,-0.011909025854777185
2010-11-15,-0.001415102392495407
2010-11-16,-0.01570187086969962
2010-11-17,0.000507282241225961
2010-11-18,0.014611326720227913
2010-11-19,0.002747119517691982
2010-11-22,-0.0008315573550999374
2010-11-23,-0.014582905110030978
2010-11-24,0.014665707248180025
2010-11-26,-0.011715122514304208
2010-11-29,0.003025597948200074
2010-11-30,-0.005638878676369284
2010-12-01,0.02104502570821315
2010-12-02,0.012727280558004112
2010-12-03,0.002689165773333958
2010-12-06,-0.0010584531090121231
2010-12-07,0.0005697984860478976
2010-12-08,0.003657063931232533
2010-12-09,0.003886237170586775
2010-12-10,0.005800618516962508
2010-12-13,0.0006426383657630028
2010-12-14,0.0008827120596581483
2010-12-15,-0.004582887139930191
2010-12-16,0.005785580014316398
2010-12-17,0.0010699570285002192
2010-12-20,0.002410689968751298
2010-12-21,0.006320568003928474
2010-12-22,0.0031052554898157365
2010-12-23,-0.001432064114200455
2010-12-27,0.0003979438638031999
2010-12-28,0.001431494754064197
2010-12-29,0.0007149399590930324
2010-12-30,-0.001589308762027983
2010-12-31,0.00023860511563257125
2011-01-03,0.010284774346637526
2011-01-04,-0.0005510559702953016
2011-01-05,0.005184539471276448
2011-01-06,-0.001961091106492257
2011-01-07,-0.0019644726060591942
2011-01-10,-0.0012589757587249894
2011-01-11,0.003537641593063099
2011-01-12,0.008983998126686286
2011-01-13,-0.00163453718748534
2011-01-14,0.007218346367009728
2011-01-18,0.0017002359480799004
2011-01-19,-0.009853693118018094
2011-01-20,-0.001326382097486614
2011-01-21,0.0022614929004150844
2011-01-24,0.005670847836014071
2011-01-25,0.000541854350003273
2011-01-26,0.0038634486516900793
2011-01-27,0.0024649229458943746
2011-01-28,-0.017617519197514038
2011-01-31,0.00748827718128712
2011-02-01,0.015882069697846328
2011-02-02,-0.00191370444550783
2011-02-03,0.0022194658243086165
2011-02-04,0.002825127676460353
2011-02-07,0.006233205276959764
2011-02-08,0.004536185874085683
2011-02-09,-0.0022653696054971925
2011-02-10,0.00037772921996377814
2011-02-11,0.0059522978328127975
2011-02-14,0.0024013735726081836
2011-02-15,-0.0031525640418469253
2011-02-16,0.006295220649297586
2011-02-17,0.0029843628938298994
2011-02-18,0.0020833361797168706
2011-02-22,-0.02027394286720953
2011-02-23,-0.0061632865055273635
2011-02-24,-0.000687100927367953
2011-02-25,0.010635952853111514
2011-02-28,0.0061772668752042206
2011-03-01,-0.01681321972831561
2011-03-02,0.0021361834879207683
2011-03-03,0.017077763815164515
2011-03-04,-0.007521009786381649
2011-03-07,-0.007881552185252645
2011-03-08,0.008712065247957562
2011-03-09,-0.0014343998631215632
2011-03-10,-0.018679177792510448
2011-03-11,0.0069021715574575275
2011-03-14,-0.006056033369057885
2011-03-15,-0.01152343013131237
2011-03-16,-0.018686191838082886
2011-03-17,0.013148217595488211
2011-03-18,0.00363052190317581
2011-03-21,0.01537914561991572
2011-03-22,-0.003474584832423996
2011-03-23,0.0028575833715294503
2011-03-24,0.009517923968084464
2011-03-25,0.003051533507004515
2011-03-28,-0.0024405270143307628
2011-03-29,0.006696395502050891
2011-03-30,0.006877462267639884
2011-03-31,-0.0013566041099966188
2011-04-01,0.004214699453033779
2011-04-04,0.000825838813727143
2011-04-05,-0.00015027163438216336
2011-04-06,0.003147470622865269
2011-04-07,-0.002547117011807625
2011-04-08,-0.0034562911791047057
2011-04-11,-0.00301497307104884
2011-04-12,-0.007502498996758199
2011-04-13,-7.57394270204961e-05
2011-04-14,0.0007599365931889214
2011-04-15,0.0036422724106517372
2011-04-18,-0.011272022561603725
2011-04-19,0.005728028547932805
2011-04-20,0.013539522009279756
2011-04-21,0.005095928753169056
2011-04-25,-0.0010469424546340588
2011-04-26,0.00856842001479702
2011-04-27,0.006507433952927745
2011-04-28,0.003238161591923687
2011-04-29,0.0023482124703653813
2011-05-02,-0.001540618469269768
2011-05-03,-0.0036035201579993036
2011-05-04,-0.006652899377946329
2011-05-05,-0.009089480556043509
2011-05-06,0.004406093407585288
2011-05-09,0.0038674641043375656
2011-05-10,0.008499285624812112
2011-05-11,-0.010579708115041692
2011-05-12,0.004748759947780652
2011-05-13,-0.007728988807021669
2011-05-16,-0.00636170612148709
2011-05-17,-0.0001501263628674512
2011-05-18,0.00889663676039579
2011-05-19,0.002378539061471684
2011-05-20,-0.007976249499965152
2011-05-23,-0.01166903895441428
2011-05-24,-0.0008333463931688226
2011-05-25,0.0033292268600794883
2011-05-26,0.004596947830863233
2011-05-27,0.0038275656675501807
2011-05-31,0.010357298138044802
2011-06-01,-0.022717249928898946
2011-06-02,-0.0010621897153701302
2011-06-03,-0.009994465598648536
2011-06-06,-0.010637671486544967
2011-06-07,-0.0006198091664809251
2011-06-08,-0.004196465316209359
2011-06-09,0.007602595212830794
2011-06-10,-0.014008411937487145
2011-06-13,0.0007835403121652442
2011-06-14,0.012606402596966692
2011-06-15,-0.017945526056900887
2011-06-16,0.0022018193728231493
2011-06-17,0.0029797093151882176
2011-06-20,0.005103146646388989
2011-06-21,0.01361097204844653
2011-06-22,-0.0060438294636653
2011-06-23,-0.0028794298423768495
2011-06-24,-0.011681904972880311
2011-06-27,0.008871527896165068
2011-06-28,0.012968747106720318
2011-06-29,0.008527606419106257
2011-06-30,0.009517358063523797
2011-07-01,0.01466765387887824
2011-07-05,-0.0008217100660868425
2011-07-06,0.0011951125690266584
2011-07-07,0.010321693782637902
2011-07-08,-0.007117118513975176
2011-07-11,-0.01824563165048069
2011-07-12,-0.00432855573974559
2011-07-13,0.003342453999578047
2011-07-14,-0.0069259878880389035
2011-07-15,0.0057877730268129255
2011-07-18,-0.008234723611220332
2011-07-19,0.016100958016178925
2011-07-20,-0.0006026616680782242
2011-07-21,0.013775897137160344
2011-07-22,0.0006687055560928932
2011-07-25,-0.005588503337111838
2011-07-26,-0.0037430458761684936
2011-07-27,-0.020688046360529077
2011-07-28,-0.0029138139493299
2011-07-29,-0.00685799376245722
2011-08-01,-0.004261916169428586
2011-08-02,-0.025879360100837752
2011-08-03,0.005404077621424993
2011-08-04,-0.04797398360205587
2011-08-05,-0.0014979436997509723
2011-08-08,-0.06734073905595171
2011-08-09,0.04545067477694663
2011-08-10,-0.04518319728094441
2011-08-11,0.04390559698013714
2011-08-12,0.006710424068621469
2011-08-15,0.020944110437871494
2011-08-16,-0.008575734174243916
2011-08-17,0.0006684541776609502
2011-08-18,-0.044075353803314565
2011-08-19,-0.016465690908007407
2011-08-22,0.000798985339091262
2011-08-23,0.03238016933329513
2011-08-24,0.0139864606106286
2011-08-25,-0.015361195017874781
2011-08-26,0.01442912026068085
2011-08-29,0.02833106028434869
2011-08-30,0.00263353641731057
2011-08-31,0.004427676162887919
2011-09-01,-0.01052789878082516
2011-09-02,-0.02588214413943073
2011-09-06,-0.007324010604644936
2011-09-07,0.027816830791372572
2011-09-08,-0.010445745517350344
2011-09-09,-0.02655925256586774
2011-09-12,0.0064490799003369325
2011-09-13,0.009129371517554864
2011-09-14,0.013748931962364146
2011-09-15,0.017110252878197802
2011-09-16,0.005901221056345641
2011-09-19,-0.01000704570669075
2011-09-20,-0.0011643254751712477
2011-09-21,-0.029900968914398966
2011-09-22,-0.032858625907050465
2011-09-23,0.0060071087245423625
2011-09-26,0.023501745100789544
2011-09-27,0.011121817207480972
2011-09-28,-0.02062987115729891
2011-09-29,0.007872312029544954
2011-09-30,-0.02530692300879852
2011-10-03,-0.02887044434147618
2011-10-04,0.021686091182974307
2011-10-05,0.018346227215302144
2011-10-06,0.0179293929966807
2011-10-07,-0.006718299368033644
2011-10-10,0.03289848231824144
2011-10-11,0.0010029983684259561
2011-10-12,0.008733872589716382
2011-10-13,-0.001989860965149214
2011-10-14,0.016949621549296207
2011-10-17,-0.019275594965196718
2011-10-18,0.0193572170066994
2011-10-19,-0.011899767192831553
2011-10-20,0.004366157882393634
2011-10-21,0.01880941096516568
2011-10-24,0.012186342775181415
2011-10-25,-0.01963492602622399
2011-10-26,0.010106754065289613
2011-10-27,0.03424221063791354
2011-10-28,-0.0002329835244438378
2011-10-31,-0.024401567904934262
2011-11-01,-0.02828465654185032
2011-11-02,0.01618014112292499
2011-11-03,0.018062880059431182
2011-11-04,-0.006117266900358723
2011-11-07,0.006196744093490939
2011-11-08,0.012749068931800802
2011-11-09,-0.03760798774212969
2011-11-10,0.009374542035277423
2011-11-11,0.018647245255986447
2011-11-14,-0.009519247187477094
2011-11-15,0.004929825437819598
2011-11-16,-0.01599040872169683
2011-11-17,-0.01600427237405545
2011-11-18,-0.0010648869215757449
2011-11-21,-0.019202993213570673
2011-11-22,-0.003935529239198295
2011-11-23,-0.022312923804626458
2011-11-25,-0.0018888649926332237
2011-11-28,0.028555282784848916
2011-11-29,0.0028361409713092505
2011-11-30,0.04032522453082212
2011-12-01,-0.0001596295462220952
2011-12-02,-0.0008806287121415196
2011-12-05,0.010833189138272087
2011-12-06,0.00031685336919066764
2011-12-07,0.0037154095302283857
2011-12-08,-0.022180422017106013
2011-12-09,0.016800528428307926
2011-12-12,-0.01470520726619672
2011-12-13,-0.00938256378269652
2011-12-14,-0.010703480568812738
2011-12-15,0.0036079476941808554
2011-12-16,0.0014814000615086082
2011-12-19,-0.010749408851083634
2011-12-20,0.029811161514127608
2011-12-21,0.0019348878766291126
2011-12-22,0.008819818074538273
2011-12-23,0.008901047402737254
2011-12-27,0.0007910864526505988
2011-12-28,-0.013210606352792073
2011-12-29,0.010280796949661214
2011-12-30,-0.004927718768972137
2012-01-03,0.015810756916676688
2012-01-04,0.001567252194880253
2012-01-05,0.0026585591480603626
2012-01-06,-0.002580632954250624
2012-01-09,0.002424870178806222
2012-01-10,0.008633001358650078
2012-01-11,0.0005418200044260899
2012-01-12,0.0023964846487168285
2012-01-13,-0.005186674075147408
2012-01-17,0.0038733281703196916
2012-01-18,0.010995073147077114
2012-01-19,0.0052629266640016
2012-01-20,0.0037201202622633538
2012-01-23,-0.0025798267862708257
2012-01-24,-0.0011402934759925918
2012-01-25,0.008332531670798369
2012-01-26,-0.005142862064931655
2012-01-27,-0.00045508712182413326
2012-01-30,-0.0034193981330692693
2012-01-31,-0.00038054814081828675
2012-02-01,0.008718838222002012
2012-02-02,0.0015841685199891183
2012-02-03,0.013920916672372764
2012-02-06,-0.0006687690329624077
2012-02-07,0.0025255466500299383
2012-02-08,0.002963416399770282
2012-02-09,0.0012564050097323713
2012-02-10,-0.007415022043843516
2012-02-13,0.007415022043843486
2012-02-14,-0.0012564050097324615
2012-02-15,-0.0046714695472789575
2012-02-16,0.011012573349250645
2012-02-17,0.0026423741840376973
2012-02-21,0.0004397774851399602
2012-02-22,-0.0032291751601531663
2012-02-23,0.004400970465645382
2012-02-24,0.0021934221052127075
2012-02-27,0.0016780858054681394
2012-02-28,0.0029123573632872718
2012-02-29,-0.003933425090353268
2012-03-01,0.005168126024760054
2012-03-02,-0.0030538409143277823
2012-03-05,-0.004086850661517257
2012-03-06,-0.014732941687090776
2012-03-07,0.006951528695742801
2012-03-08,0.009899868364996487
2012-03-09,0.0038598760842041852
2012-03-12,7.2976328184643e-05
2012-03-13,0.017865238889903292
2012-03-14,-0.0010717412306081055
2012-03-15,0.0057731223860143874
2012-03-16,0.0013836291472079248
2012-03-19,0.003912295183218112
2012-03-20,-0.002915269191882038
2012-03-21,-0.0016386605432437413
2012-03-22,-0.0072299462089297955
2012-03-23,0.0032279038874780982
2012-03-26,0.013937494795495255
2012-03-27,-0.003111793083846778
2012-03-28,-0.004971425140091593
2012-03-29,-0.0017097986611084432
2012-03-30,0.004127372083635513
2012-04-02,0.007288324520235385
2012-04-03,-0.004097683508438062
2012-04-04,-0.009959917322875317
2012-04-05,-0.0005007698569223652
2012-04-09,-0.011294550594710958
2012-04-10,-0.016927062987463715
2012-04-11,0.008061238435978573
2012-04-12,0.012980650317239089
2012-04-13,-0.011959051552034543
2012-04-16,-0.0006567086486282874
2012-04-17,0.01470347872713652
2012-04-18,-0.0033850237893167236
2012-04-19,-0.006441786563405185
2012-04-20,0.0016688292959763918
2012-04-23,-0.008443996902465889
2012-04-24,0.003793827129078677
2012-04-25,0.013598777238748394
2012-04-26,0.0069448840048773955
2012-04-27,0.0016395920572496935
2012-04-30,-0.003710858028913071
2012-05-01,0.006200694580746163
2012-05-02,-0.002988437443343837
2012-05-03,-0.007655078724307809
2012-05-04,-0.01628979169863715
2012-05-07,0.0007300739250139816
2012-05-08,-0.0040201617902225996
2012-05-09,-0.005949488519854221
2012-05-10,0.0020608047098753003
2012-05-11,-0.003018944568797948
2012-05-14,-0.011122914353533462
2012-05-15,-0.005757716279914694
2012-05-16,-0.0038323335081346774
2012-05-17,-0.014941797883804118
2012-05-18,-0.008595828086843607
2012-05-21,0.01704221290154704
2012-05-22,0.001741182057883387
2012-05-23,0.0005295129077075226
2012-05-24,0.0019633124426806725
2012-05-25,-0.003249527055718364
2012-05-29,0.012039048182090804
2012-05-30,-0.014616081045916452
2012-05-31,-0.00220345944267548
2012-06-01,-0.025499146433140215
2012-06-04,-0.00046800675456765015
2012-06-05,0.007543706564236509
2012-06-06,0.022219458577419433
2012-06-07,0.0006060623707246169
2012-06-08,0.007919864242987268
2012-06-11,-0.01277838236062236
2012-06-12,0.011425067052640455
2012-06-13,-0.00641509071737472
2012-06-14,0.010544303863683647
2012-06-15,0.010175892514898631
2012-06-18,0.0019360327835809671
2012-06-19,0.009626123910227227
2012-06-20,-0.0016226025019647125
2012-06-21,-0.02269434349528626
2012-06-22,0.007672190017523533
2012-06-25,-0.016164735246637918
2012-06-26,0.005013425789902948
2012-06-27,0.008976026854287483
2012-06-28,-0.0028575869219070365
2012-06-29,0.024621161214692946
2012-07-02,0.0030081731147188306
2012-07-03,0.0065709359034538655
2012-07-05,-0.004522083368743399
2012-07-06,-0.009549120966644783
2012-07-09,-0.001255245384914197
2012-07-10,-0.008758351702289535
2012-07-11,0.00014890855086229895
2012-07-12,-0.004856763996990225
2012-07-13,0.01663835681864493
2012-07-16,-0.0023603126294355907
2012-07-17,0.006843895682756033
2012-07-18,0.007379640645627254
2012-07-19,0.0026174169170033023
2012-07-20,-0.009190698591496776
2012-07-23,-0.010163797653441059
2012-07-24,-0.008623807577637577
2012-07-25,0.00022424795543757534
2012-07-26,0.01636279265329946
2012-07-27,0.018265304777157616
2012-07-30,0.0
2012-07-31,-0.007019371872845123
2012-08-01,-0.000871791061346902
2012-08-02,-0.006928618430028247
2012-08-03,0.019638989769609688
2012-08-06,0.0019354997996671544
2012-08-07,0.005001202793316192
2012-08-08,0.0012111665383283787
2012-08-09,0.0008535960510416596
2012-08-10,0.001634197496786077
2012-08-13,-0.0004972705859712183
2012-08-14,0.0001423092745425778
2012-08-15,0.0011356119310960602
2012-08-16,0.007351609518710189
2012-08-17,0.001337370087258565
2012-08-20,7.000799499618674e-05
2012-08-21,-0.003028876526158964
2012-08-22,0.00042320257826583145
2012-08-23,-0.008213091037423284
2012-08-24,0.006025013953915778
2012-08-27,0.00021196318363871032
2012-08-28,-0.0009893174284044389
2012-08-29,0.0007773542447656046
2012-08-30,-0.00723368073705929
2012-08-31,0.004757543139706635
2012-09-04,-0.0009214666789175434
2012-09-05,-0.0008511217795088004
2012-09-06,0.0200927016685231
2012-09-07,0.0038882171954636086
2012-09-10,-0.005697485276727082
2012-09-11,0.0027832293989145025
2012-09-12,0.003329924109449565
2012-09-13,0.015121061478708024
2012-09-14,0.004424559378468152
2012-09-17,-0.0034012240710060864
2012-09-18,-0.0008183197717545878
2012-09-19,0.0005457531807003795
2012-09-20,6.765264278893538e-05
2012-09-21,-0.00041815734768128134
2012-09-24,-0.001509055394957652
2012-09-25,-0.010698956053643098
2012-09-26,-0.005637088641547488
2012-09-27,0.00937757102025314
2012-09-28,-0.004642970452682189
2012-10-01,0.002635766447365208
2012-10-02,0.001038700451721032
2012-10-03,0.00407507507919753
2012-10-04,0.007141839878349548
2012-10-05,6.848043405392687e-05
2012-10-08,-0.0034271952390990314
2012-10-09,-0.009936480306890785
2012-10-10,-0.006400562494773001
2012-10-11,0.000558199818107418
2012-10-12,-0.0032839117843918514
2012-10-15,0.008293470188231965
2012-10-16,0.010082645976675787
2012-10-17,0.0045247500100652595
2012-10-18,-0.0026030973000191466
2012-10-19,-0.016804730240836806
2012-10-22,0.00013984221944187615
2012-10-23,-0.013973630047158176
2012-10-24,-0.0028324355516817132
2012-10-25,0.002903128398932499
2012-10-26,-0.0005658875745194177
2012-10-31,0.0
2012-11-01,0.010415777096300717
2012-11-02,-0.008930996132605258
2012-11-05,0.00204651887359157
2012-11-06,0.00779484070139867
2012-11-07,-0.02292465089187975
2012-11-08,-0.012097241415786985
2012-11-09,0.0008692979687978659
2012-11-12,0.0007959605285901177
2012-11-13,-0.0034776994640107776
2012-11-14,-0.013590907090793117
2012-11-15,-0.001693523704876046
2012-11-16,0.004925446149125581
2012-11-19,0.02003698428564513
2012-11-20,0.00043113009558798946
2012-11-21,0.0018663392691961925
2012-11-23,0.013532723731718354
2012-11-26,-0.0021244389939795226
2012-11-27,-0.0051176524765180215
2012-11-28,0.008020164045752728
2012-11-29,0.004654474669465993
2012-11-30,0.00021115498596369328
2012-12-03,-0.004936580400906072
2012-12-04,-0.001414948997344739
2012-12-05,0.0017686293933965361
2012-12-06,0.0033864674763750633
2012-12-07,0.0030240124345337306
2012-12-10,0.00042099915087301604
2012-12-11,0.006785530100320767
2012-12-12,0.00048798119452802906
2012-12-13,-0.006150945819283148
2012-12-14,-0.0037228679093525402
2012-12-17,0.011683619648718994
2012-12-18,0.01106771444570332
2012-12-19,-0.007457297324346666
2012-12-20,0.005735792465108985
2012-12-21,-0.009118217507414218
2012-12-24,-0.0030864948085155327
2012-12-26,-0.004223530763316117
2012-12-27,-0.0013414156697825054
2012-12-28,-0.010867286773559142
2012-12-31,0.01685360683639096
2013-01-02,0.025307529818863632
2013-01-03,-0.0022622122209260184
2013-01-04,0.004382436891746033
2013-01-07,-0.002736385891839543
2013-01-08,-0.0028813493403726915
2013-01-09,0.0025384867164587417
2013-01-10,0.00791808097615206
2013-01-11,-6.79544679265148e-05
2013-01-14,-0.0006803203751310788
2013-01-15,0.0006803203751309592
2013-01-16,-0.00013611828276235345
2013-01-17,0.006439707478724918
2013-01-18,0.0022272298845232926
2013-01-22,0.005378712482322542
2013-01-23,0.001608296354802793
2013-01-24,0.0002679263647646632
2013-01-25,0.005606044502562899
2013-01-28,-0.0011986888607752031
2013-01-29,0.003923888714010037
2013-01-30,-0.0039238887140099835
2013-01-31,-0.0024683935569985755
2013-02-01,0.010234626650960374
2013-02-04,-0.011304172525793868
2013-02-05,0.01004685379866916
2013-02-06,0.0007278170930237432
2013-02-07,-0.0013234268462680157
2013-02-08,0.00554864335915979
2013-02-11,-0.00019728483729889533
2013-02-12,0.0016456467642081472
2013-02-13,0.0008544959466705332
2013-02-14,0.0009196477306664675
2013-02-15,-0.001182433649650251
2013-02-19,0.0074666585779831676
2013-02-20,-0.012541769687299123
2013-02-21,-0.006097471048427818
2013-02-22,0.009725708483052214
2013-02-25,-0.01921033931588101
2013-02-26,0.006821635215481922
2013-02-27,0.012519854384145157
2013-02-28,-0.0019768998607725056
2013-03-01,0.003292623251718104
2013-03-04,0.005310884200970965
2013-03-05,0.008919164748834536
2013-03-06,0.0013599454890524177
2013-03-07,0.0018107599578478148
2013-03-08,0.004255203196857461
2013-03-11,0.003788708962774101
2013-03-12,-0.002246142814644517
2013-03-13,0.0014120443614749824
2013-03-14,0.0053101433901347386
2013-03-15,-0.0013211143109221532
2013-03-18,-0.005534157013735952
2013-03-19,-0.002325725485966861
2013-03-20,0.006961195916150611
2013-03-21,-0.008579251597869021
2013-03-22,0.008000707973785215
2013-03-25,-0.004186210880329043
2013-03-26,0.007970796050946194
2013-03-27,0.0
2013-03-28,0.003068844181269417
2013-04-01,-0.003965091834625357
2013-04-02,0.00492209761671233
2013-04-03,-0.01019144541964271
2013-04-04,0.00405100408502821
2013-04-05,-0.004501153406290057
2013-04-08,0.006743758231839377
2013-04-09,0.003451217945650554
2013-04-10,0.01217425523926045
2013-04-11,0.0032721998791462635
2013-04-12,-0.0024527400463029004
2013-04-15,-0.02344695930301273
2013-04-16,0.01465511966377479
2013-04-17,-0.014719697100723753
2013-04-18,-0.006273580242661793
2013-04-19,0.008656184124795685
2013-04-22,0.004428261976157736
2013-04-23,0.010256540683964878
2013-04-24,0.0006332754760099653
2013-04-25,0.004045732789541623
2013-04-26,-0.0017678210834360323
2013-04-29,0.0066762339991316075
2013-04-30,0.002382561540905351
2013-05-01,-0.008806101303960708
2013-05-02,0.009244526599640828
2013-05-03,0.010089324893904414
2013-05-06,0.002538157546962063
2013-05-07,0.0050554269464554045
2013-05-08,0.004540914480833188
2013-05-09,-0.0028203965599222966
2013-05-10,0.003248999994330057
2013-05-13,0.0007954074308681347
2013-05-14,0.010280360832234816
2013-05-15,0.005372086944672851
2013-05-16,-0.0047064821120453475
2013-05-17,0.009630729734434544
2013-05-20,-6.0462142231003835e-05
2013-05-21,0.0014369580222752766
2013-05-22,-0.00744501811480097
2013-05-23,-0.0028972760442139193
2013-05-24,-0.0008466994142204557
2013-05-28,0.005971558193287685
2013-05-29,-0.006515790093375482
2013-05-30,0.0036851466143993966
2013-05-31,-0.014456052928054004
2013-06-03,0.005491498030153329
2013-06-04,-0.004818647084306947
2013-06-05,-0.014100173023332227
2013-06-06,0.009012588467417015
2013-06-07,0.012640423754713219
2013-06-10,0.0
2013-06-11,-0.010369202967743777
2013-06-12,-0.008311667083763054
2013-06-13,0.01509430945621182
2013-06-14,-0.006292254600164252
2013-06-17,0.007691851042687144
2013-06-18,0.0078744568457458
2013-06-19,-0.013913182837617838
2013-06-20,-0.025090646158336737
2013-06-21,0.003205517621453411
2013-06-24,-0.01271650533046625
2013-06-25,0.009568261585614461
2013-06-26,0.009851985480546761
2013-06-27,0.005853141460113139
2013-06-28,-0.004106057055637051
2013-07-01,0.0058424837595133445
2013-07-02,-0.0009298788297351957
2013-07-03,0.00043409813206144924
2013-07-05,0.010730537418175558
2013-07-08,0.0056885655886001465
2013-07-09,0.007171937574143141
2013-07-10,0.00036324772359782546
2013-07-11,0.01352848339639664
2013-07-12,0.00041817661329462334
2013-07-15,0.0038136461001069175
2013-07-16,-0.0037535971522654646
2013-07-17,0.0025635567800586963
2013-07-18,0.005462362743611007
2013-07-19,0.0017752100223899843
2013-07-22,0.0019485494016159598
2013-07-23,-0.002126164303243854
2013-07-24,-0.0036722326093804824
2013-07-25,0.0024299541624393504
2013-07-26,0.001064856455339787
2013-07-29,-0.0030795386475220023
2013-07-30,0.0
2013-07-31,0.0007115741951446862
2013-08-01,0.011491700055400584
2013-08-02,0.001698099463823309
2013-08-05,-0.00146358082060128
2013-08-06,-0.005698250475373016
2013-08-07,-0.0032457315252493956
2013-08-08,0.0036578199653036865
2013-08-09,-0.0028900972927978115
2013-08-12,-0.001181994918128731
2013-08-13,0.002952036130176687
2013-08-14,-0.0051418205694255485
2013-08-15,-0.01408517942102697
2013-08-16,-0.003311307084131406
2013-08-19,-0.006411924840181079
2013-08-20,0.004903350876646785
2013-08-21,-0.006178827733904817
2013-08-22,0.009073588931815325
2013-08-23,0.0033667593299900596
2013-08-26,-0.003728332342269818
2013-08-27,-0.016214799569849857
2013-08-28,0.0035447573134352304
2013-08-29,0.0015850909464197632
2013-08-30,-0.003172698395561244
2013-09-03,0.004511703115659111
2013-09-04,0.008238804199371313
2013-09-05,0.0012662116672342658
2013-09-06,0.00048191771939106685
2013-09-09,0.009530688409095451
2013-09-10,0.007369808187954803
2013-09-11,0.0031338231680611848
2013-09-12,-0.0026599833153771544
2013-09-13,0.002246697469667088
2013-09-16,0.005770627581765118
2013-09-17,0.0044528194028105655
2013-09-18,0.011507581209631905
2013-09-19,-0.0016771456041644276
2013-09-20,-0.007016606354240212
2013-09-23,-0.0046377701488405695
2013-09-24,-0.002356666314839576
2013-09-25,-0.0028942766484750535
2013-09-26,0.0038374761779138627
2013-09-27,-0.0046069430046801136
2013-09-30,-0.005342314867148964
2013-10-01,0.007884643074750446
2013-10-02,-0.0009452614469829957
2013-10-03,-0.009263965003238525
2013-10-04,0.007548362931874737
2013-10-07,-0.00868256406184134
2013-10-08,-0.011714720878272075
2013-10-09,0.0007250770219931036
2013-10-10,0.021328527021982437
2013-10-11,0.006422830936115151
2013-10-14,0.003985838640658711
2013-10-15,-0.007280409062276766
2013-10-16,0.013869345333982805
2013-10-17,0.0066607377409547
2013-10-18,0.006732017557455565
2013-10-21,5.729189033779311e-05
2013-10-22,0.005774807184994049
2013-10-23,-0.004800589558884606
2013-10-24,0.0033170127207302804
2013-10-25,0.004557077229005324
2013-10-28,0.001590126344360699
2013-10-29,0.005319262113648167
2013-10-30,-0.004978719372243626
2013-10-31,-0.0028406180864879427
2013-11-01,0.002386356677548421
2013-11-04,0.0035123365259736913
2013-11-05,-0.0031715407624317298
2013-11-06,0.005092185017641215
2013-11-07,-0.012723214049106821
2013-11-08,0.013400998321621877
2013-11-11,0.0001691612810905745
2013-11-12,-0.002032360113588158
2013-11-13,0.007992015591070515
2013-11-14,0.004977214985715619
2013-11-15,0.004341495262130106
2013-11-18,-0.00350551992579258
2013-11-19,-0.0021756452854908223
2013-11-20,-0.003132823155861788
2013-11-21,0.008036161880612375
2013-11-22,0.00498972890178997
2013-11-25,-0.0009955795463738356
2013-11-26,0.00027632409259272574
2013-11-27,0.0024323904717657905
2013-11-29,-0.0006625080819564246
2013-12-02,-0.002600443920961734
2013-12-03,-0.004329612948948514
2013-12-04,-0.000110861092898082
2013-12-05,-0.0044054971473261005
2013-12-06,0.011114631056030626
2013-12-09,0.002539376641567772
2013-12-10,-0.0035898299275630772
2013-12-11,-0.011294502722421884
2013-12-12,-0.003306629386439783
2013-12-13,-0.00011261166938124332
2013-12-16,0.006213037299752714
2013-12-17,-0.0031857395106167467
2013-12-18,0.01692854413472733
2013-12-19,-0.0011565716183558122
2013-12-20,0.005800050845116812
2013-12-23,0.0053284808340849565
2013-12-24,0.0021888022930422178
2013-12-26,0.005071281794540664
2013-12-27,-5.445927737361644e-05
2013-12-30,-0.0001631912403136321
2013-12-31,0.004722173889216294
2014-01-02,-0.009630130541707284
2014-01-03,-0.00016443183369551327
2014-01-06,-0.0029017722291105304
2014-01-07,0.0061228304824395485
2014-01-08,0.0002177467053428628
2014-01-09,0.0006539787254599294
2014-01-10,0.0027190759089908445
2014-01-13,-0.013394239586372435
2014-01-14,0.01083851484588218
2014-01-15,0.005375673446769692
2014-01-16,-0.0013006442602258618
2014-01-17,-0.004238380355044228
2014-01-21,0.0029362462053749163
2014-01-22,0.00065102419821834
2014-01-23,-0.008226951026388834
2014-01-24,-0.021566320973732934
2014-01-27,-0.004931897316884133
2014-01-28,0.005937290091174733
2014-01-29,-0.009651340998246298
2014-01-30,0.010544525040419585
2014-01-31,-0.0058757782331388935
2014-02-03,-0.022762356210239146
2014-02-04,0.006980006928924908
2014-02-05,-0.0012550030284011239
2014-02-06,0.01310089831250344
2014-02-07,0.012319638490881126
2014-02-10,0.0018347213610838357
2014-02-11,0.010884724422148974
2014-02-12,0.0004943386968782707
2014-02-13,0.005149475824679898
2014-02-14,0.005503631779924257
2014-02-18,0.0011950906606034276
2014-02-19,-0.006643602634227563
2014-02-20,0.005883700925876754
2014-02-21,-0.00114154931372496
2014-02-24,0.005532022573157086
2014-02-25,-0.00037941641050079524
2014-02-26,5.396435518457496e-05
2014-02-27,0.005233790638934409
2014-02-28,0.002526292986052488
2014-03-03,-0.007057288578854065
2014-03-04,0.013957970167598244
2014-03-05,0.0009058109000225753
2014-03-06,0.0022881472166114774
2014-03-07,0.0004245724721848383
2014-03-10,-0.000531193029887264
2014-03-11,-0.004954900736029986
2014-03-12,0.0002675528933267095
2014-03-13,-0.01127669364049724
2014-03-14,-0.0028121203957410077
2014-03-17,0.009002706121303447
2014-03-18,0.0071127493396086075
2014-03-19,-0.005343148116793203
2014-03-20,0.005822327875913983
2014-03-21,-0.00388598584018677
2014-03-24,-0.004143991904071939
2014-03-25,0.00473513633298629
2014-03-26,-0.007218616345902148
2014-03-27,-0.0021108329338317125
2014-03-28,0.004918027620807492
2014-03-31,0.00816081121526329
2014-04-01,0.006608867700333953
2014-04-02,0.003341252240905787
2014-04-03,-0.0013244729918638267
2014-04-04,-0.011892499217384351
2014-04-07,-0.01111305391665442
2014-04-08,0.00411428651909973
2014-04-09,0.010693670296459469
2014-04-10,-0.021229847499568237
2014-04-11,-0.009049247911687885
2014-04-14,0.00784748421326507
2014-04-15,0.006863949805493907
2014-04-16,0.01042324174833109
2014-04-17,0.0013956342587370133
2014-04-21,0.0034811377223315457
2014-04-22,0.004534224453152226
2014-04-23,-0.0023443592219639232
2014-04-24,0.002025078787941443
2014-04-25,-0.008232757229934209
2014-04-28,0.0031623001264066463
2014-04-29,0.0046443919915853255
2014-04-30,0.0029782533685966256
2014-05-01,0.00010646477565362061
2014-05-02,-0.001435049271484484
2014-05-05,0.0019127101462167978
2014-05-06,-0.008742138995236327
2014-05-07,0.005871849421831851
2014-05-08,-0.0010650204760428916
2014-05-09,0.0014909898863358197
2014-05-12,0.009689112548573225
2014-05-13,0.0008951754015587016
2014-05-14,-0.004748898051926892
2014-05-15,-0.008819296636410418
2014-05-16,0.0034625077084923946
2014-05-19,0.0036626419323528615
2014-05-20,-0.006324860528373058
2014-05-21,0.008389117919373353
2014-05-22,0.0024292172511564277
2014-05-23,0.00400068228887278
2014-05-27,0.006127627528146219
2014-05-28,-0.0007313109645876312
2014-05-29,0.005159219090313027
2014-05-30,0.0016106648512570752
2014-06-02,0.001141146039804584
2014-06-03,-0.0005185589569680372
2014-06-04,0.0020207352147333037
2014-06-05,0.006500761569807346
2014-06-06,0.004771697222955842
2014-06-09,0.0010228774380961854
2014-06-10,0.00010269874918318787
2014-06-11,-0.003483007295073041
2014-06-12,-0.007104856410283954
2014-06-13,0.003043730872406568
2014-06-16,0.0008237687295640804
2014-06-17,0.0027756281411804554
2014-06-18,0.007312834641122317
2014-06-19,0.0011205323876927937
2014-06-20,0.002028239226389454
2014-06-23,-0.00030631613850965036
2014-06-24,-0.00604228105296795
2014-06-25,0.004509481677068088
2014-06-26,-0.0007160413701994542
2014-06-27,0.001942335694373545
2014-06-30,-0.0005108604058381752
2014-07-01,0.0066711751131581214
2014-07-02,0.001014388626119977
2014-07-03,0.0049060335773718055
2014-07-07,-0.003487352099976705
2014-07-08,-0.006450483644320809
2014-07-09,0.004473888285858842
2014-07-10,-0.003964760652098902
2014-07-11,0.0013742695850221954
2014-07-14,0.005022640535366133
2014-07-15,-0.001874235587222554
2014-07-16,0.0036942855356229777
2014-07-17,-0.011430635814805018
2014-07-18,0.010167238989600452
2014-07-21,-0.0018733802464323873
2014-07-22,0.00434852511338587
2014-07-23,0.0022175598687405526
2014-07-24,5.022485462319495e-05
2014-07-25,-0.004692939204747791
2014-07-28,0.0004048206370928466
2014-07-29,-0.004306396727325191
2014-07-30,0.00015233773721535335
2014-07-31,-0.019945757958646757
2014-08-01,-0.00306003773244333
2014-08-04,0.007194411491179624
2014-08-05,-0.009743036058471634
2014-08-06,0.00031210133427571986
2014-08-07,-0.005429017533761054
2014-08-08,0.011502154973234271
2014-08-11,0.00289381237588087
2014-08-12,-0.001394305794291693
2014-08-13,0.006745934504495133
2014-08-14,0.00471117763235249
2014-08-15,-0.00020464171605295858
2014-08-18,0.008344275384676672
2014-08-19,0.005205437561776389
2014-08-20,0.0026677818853865433
2014-08-21,0.002911882903232431
2014-08-22,-0.0015554251869822125
2014-08-25,0.005057607825709363
2014-08-26,0.0006495004103673356
2014-08-27,-0.00039924222572547516
2014-08-28,-0.0005496834670205594
2014-08-29,0.0028439872241759014
2014-09-02,-0.000498410925488901
2014-09-03,-0.0005486040735128038
2014-09-04,-0.0014473415422644091
2014-09-05,0.004484871934856763
2014-09-08,-0.002588768233039077
2014-09-09,-0.006350937581600948
2014-09-10,0.0037553571939141425
2014-09-11,0.001148795752903392
2014-09-12,-0.005858449915261271
2014-09-15,-0.0007532237841625674
2014-09-16,0.007509799469249584
2014-09-17,0.0013460952749795017
2014-09-18,0.005315794019068494
2014-09-19,-0.0009016678882109476
2014-09-22,-0.007752532473441353
2014-09-23,-0.005740993139280837
2014-09-24,0.00779727267017604
2014-09-25,-0.016266722874184084
2014-09-26,0.007914167637446982
2014-09-29,-0.0018213144872903685
2014-09-30,-0.0026353725583066426
2014-10-01,-0.013644907207867981
2014-10-02,0.0001544198686915611
2014-10-03,0.010949314095912018
2014-10-06,-0.0011712117228404291
2014-10-07,-0.01555666068703791
2014-10-08,0.017338215040635558
2014-10-09,-0.020032125577906623
2014-10-10,-0.011480240886905744
2014-10-13,-0.01656339453717571
2014-10-14,0.0015458389578961007
2014-10-15,-0.006788671254564101
2014-10-16,-0.0008582986182046698
2014-10-17,0.01174117891156286
2014-10-20,0.009662685987717627
2014-10-21,0.019617597390263627
2014-10-22,-0.0071363619865346655
2014-10-23,0.011557807502414908
2014-10-24,0.0076655455993689245
2014-10-27,-0.001375264756505502
2014-10-28,0.011404560689689728
2014-10-29,-0.0015132077264215552
2014-10-30,0.006390266289334845
2014-10-31,0.011370529428252793
2014-11-03,0.0005454831235951968
2014-11-04,-0.0034754572324480096
2014-11-05,0.00629667137770931
2014-11-06,0.003995000192815852
2014-11-07,0.0009345336735770619
2014-11-10,0.003142396286021589
2014-11-11,0.00098045925481026
2014-11-12,-0.0010784672358629447
2014-11-13,0.0011274649735382172
2014-11-14,0.0002446805468175399
2014-11-17,0.0006363245197603635
2014-11-18,0.005757085879732213
2014-11-19,-0.001606486475745685
2014-11-20,0.0017524028082647157
2014-11-21,0.005336571626164966
2014-11-24,0.002802288116300009
2014-11-25,-0.0007237874841776636
2014-11-26,0.0025555052477695805
2014-11-28,-0.0021212056625966786
2014-12-01,-0.006973870478812017
2014-12-02,0.0064428652677697975
2014-12-03,0.003855601861259306
2014-12-04,-0.0011068522751203431
2014-12-05,0.0016359036959682966
2014-12-08,-0.006705170153611528
2014-12-09,-0.0006775189253348881
2014-12-10,-0.016161205323630707
2014-12-11,0.005056867209222779
2014-12-12,-0.01629362160007288
2014-12-15,-0.006893161959469504
2014-12-16,-0.008051863286610058
2014-12-17,0.019415117225151116
2014-12-18,0.02442805395966026
2014-12-19,0.00424588541316524
2014-12-22,0.004589099652654781
2014-12-23,0.0013485541963880895
2014-12-24,9.675616323693065e-05
2014-12-26,0.0032192707899344106
2014-12-29,0.0013423708921704498
2014-12-30,-0.005380240555793291
2014-12-31,-0.009972176136713435
2015-01-02,-0.0005356742683439199
2015-01-05,-0.018224926804171506
2015-01-06,-0.009463564026486494
2015-01-07,0.012384405908326615
2015-01-08,0.01758941522536229
2015-01-09,-0.008046102159791044
2015-01-12,-0.00786430169604641
2015-01-13,-0.002816636404051859
2015-01-14,-0.006055591238675002
2015-01-15,-0.009202880913437834
2015-01-16,0.0130291365601076
2015-01-20,0.0021304932148785397
2015-01-21,0.00503516929252048
2015-01-22,0.01476153258586319
2015-01-23,-0.005497721716315164
2015-01-26,0.002338434435557548
2015-01-27,-0.013277607597850053
2015-01-28,-0.012907619628979098
2015-01-29,0.009201422475331773
2015-01-30,-0.012655021189790113
2015-02-02,0.012308328506751691
2015-02-03,0.014357487498293438
2015-02-04,-0.0038153006803569207
2015-02-05,0.010044681639491144
2015-02-06,-0.002769600846311249
2015-02-09,-0.004485555714883689
2015-02-10,0.010597094149025139
2015-02-11,0.0005797391015847647
2015-02-12,0.00957106648195382
2015-02-13,0.004107886898897579
2015-02-17,0.0015718314252347939
2015-02-18,9.531866540924368e-05
2015-02-19,-0.0007140146997397749
2015-02-20,0.005982548273566017
2015-02-23,-0.00014183746357684173
2015-02-24,0.0028363265268666273
2015-02-25,-0.000850079698293566
2015-02-26,-0.0011819825716511145
2015-02-27,-0.0034115131093949425
2015-03-02,0.006293541468824041
2015-03-03,-0.0041127112226908395
2015-03-04,-0.0042246968515251004
2015-03-05,0.0010937220783517367
2015-03-06,-0.014164339072852762
2015-03-09,0.00413611724295877
2015-03-10,-0.01635521542049865
2015-03-11,-0.002344342432117106
2015-03-12,0.012633888934923303
2015-03-13,-0.006151203116916248
2015-03-16,0.013272173457311413
2015-03-17,-0.0029772354724655263
2015-03-18,0.011950155879656667
2015-03-19,-0.004572036231466529
2015-03-20,0.008788027259630503
2015-03-23,-0.0019504535634963464
2015-03-24,-0.00563480077489877
2015-03-25,-0.014762120204837293
2015-03-26,-0.0023842996583879894
2015-03-27,0.002287032460906783
2015-03-30,0.01212609558964696
2015-03-31,-0.00877783183343388
2015-04-01,-0.0035427373626515163
2015-04-02,0.00359116515009878
2015-04-06,0.006710422399752998
2015-04-07,-0.002649599081711729
2015-04-08,0.003371409180832359
2015-04-09,0.0044135631316589135
2015-04-10,0.00544210559063789
2015-04-13,-0.004533248126837378
2015-04-14,0.0019114764356740113
2015-04-15,0.00447727784269752
2015-04-16,-0.00028543970855410684
2015-04-17,-0.011570126079096608
2015-04-20,0.009095402196581268
2015-04-21,-0.001192314749973778
2015-04-22,0.0049022819366004635
2015-04-23,0.002513176924641068
2015-04-24,0.0023177830819381324
2015-04-27,-0.004166259615493216
2015-04-28,0.003173408236698215
2015-04-29,-0.004123015974506905
2015-04-30,-0.010070847310239642
2015-05-01,0.010782832959879028
2015-05-04,0.002843318186006861
2015-05-05,-0.011517811826652735
2015-05-06,-0.004125461044700369
2015-05-07,0.0039818816955900695
2015-05-08,0.01308015435412574
2015-05-11,-0.004784177828585595
2015-05-12,-0.0029959120641537495
2015-05-13,0.0001905973993853635
2015-05-14,0.010373280571096082
2015-05-15,0.0010833730866577817
2015-05-18,0.0031020210151484423
2015-05-19,-0.0003284459769690719
2015-05-20,-0.0007042624447270106
2015-05-21,0.0029079055045530284
2015-05-22,-0.0023915471683139834
2015-05-26,-0.010809716926980987
2015-05-27,0.009447346958181722
2015-05-28,-0.001128842234363863
2015-05-29,-0.006232469164167947
2015-06-01,0.002034788588336376
2015-06-02,-0.000993400371525656
2015-06-03,0.002645867963403202
2015-06-04,-0.008482336618815558
2015-06-05,-0.0017148245625020343
2015-06-08,-0.006168425920403809
2015-06-09,-0.00014386862944715573
2015-06-10,0.011921909672964505
2015-06-11,0.0032183792728199987
2015-06-12,-0.007684509577766353
2015-06-15,-0.004294476025291342
2015-06-16,0.005436742025251781
2015-06-17,0.0016156242267303764
2015-06-18,0.010345867838853403
2015-06-19,-0.004449022747783182
2015-06-22,0.005110110510681753
2015-06-23,0.0007074854622215361
2015-06-24,-0.007289200906298255
2015-06-25,-0.0030451407255481238
2015-06-26,-0.00019068934953376705
2015-06-29,-0.021193347197189114
2015-06-30,0.00209120809944118
2015-07-01,0.00798369688728349
2015-07-02,-0.0009163204555268184
2015-07-06,-0.0028499943587883586
2015-07-07,0.006269216739018179
2015-07-08,-0.01691975075821849
2015-07-09,0.0018071437279295953
2015-07-10,0.012513544538303396
2015-07-13,0.010976451011820551
2015-07-14,0.004328421104305107
2015-07-15,-0.00033199776251953357
2015-07-16,0.007992284338873473
2015-07-17,0.0008471119885580678
2015-07-20,0.0005178321749439702
2015-07-21,-0.003959214739230593
2015-07-22,-0.0017960446728244597
2015-07-23,-0.005645952122946048
2015-07-24,-0.010425924530909998
2015-07-27,-0.005834612002813516
2015-07-28,0.012208568502429
2015-07-29,0.006855631019441207
2015-07-30,0.00023676214798271675
2015-07-31,-0.0015188836042810845
2015-08-03,-0.0033788709538682357
2015-08-04,-0.0019560735560050528
2015-08-05,0.0032899791418115236
2015-08-06,-0.0082211500974044
2015-08-07,-0.001921849720146837
2015-08-10,0.012520396489240287
2015-08-11,-0.009064176797560521
2015-08-12,0.0011972489362770734
2015-08-13,-0.001245014747338277
2015-08-14,0.0036354824699911434
2015-08-17,0.0055717298006075925
2015-08-18,-0.0029012525260098247
2015-08-19,-0.007936876902063364
2015-08-20,-0.02110224718478975
2015-08-21,-0.03056501220409675
2015-08-24,-0.043019010536902505
2015-08-25,-0.01183764918134638
2015-08-26,0.03767518538634652
2015-08-27,0.024434463306424667
2015-08-28,5.010816540163016e-05
2015-08-31,-0.00811230326484963
2015-09-01,-0.030301968097341217
2015-09-02,0.01880299201661894
2015-09-03,0.0007164409107318584
2015-09-04,-0.015252877978152685
2015-09-08,0.024820374857192056
2015-09-09,-0.013461620020324715
2015-09-10,0.005426788559021559
2015-09-11,0.004534034566689028
2015-09-14,-0.0037175911296860042
2015-09-15,0.012422152072070326
2015-09-16,0.008629444942784628
2015-09-17,-0.0022506700546462183
2015-09-18,-0.01647637090938068
2015-09-21,0.005154447082996322
2015-09-22,-0.013065042967337587
2015-09-23,-0.0015998432531363863
2015-09-24,-0.003622283621192644
2015-09-25,-0.00025921040963899347
2015-09-28,-0.02541782645414158
2015-09-29,0.0005853695821907886
2015-09-30,0.018486357119480445
2015-10-01,0.002605641405559982
2015-10-02,0.01482739286186145
2015-10-05,0.017638439763339543
2015-10-06,-0.0034321491054813236
2015-10-07,0.008157258237388791
2015-10-08,0.00898626584558258
2015-10-09,0.0005959583016415051
2015-10-12,0.0009434230889008953
2015-10-13,-0.006322235018619222
2015-10-14,-0.004805474798728562
2015-10-15,0.015237662828788719
2015-10-16,0.004536447356103914
2015-10-19,0.0004918776646620572
2015-10-20,-0.0012793676355017057
2015-10-21,-0.006222834171864317
2015-10-22,0.01675274401138536
2015-10-23,0.01090189697361209
2015-10-26,-0.0024607123821804183
2015-10-27,-0.0019342267281697286
2015-10-28,0.011310570422021955
2015-10-29,-0.0005746533524935986
2015-10-30,-0.004318886392887765
2015-11-02,0.011761328120455751
2015-11-03,0.0028951977471333855
2015-11-04,-0.003037890166872998
2015-11-05,-0.0009985532993331938
2015-11-06,-0.0005236434465718806
2015-11-09,-0.009375458893626475
2015-11-10,0.002304119460005784
2015-11-11,-0.003939163548077505
2015-11-12,-0.014058257474208585
2015-11-13,-0.01129177472693811
2015-11-16,0.015092488422186828
2015-11-17,-0.0007298738674226298
2015-11-18,0.015741440895596502
2015-11-19,-0.0008627518417752926
2015-11-20,0.003637619616279321
2015-11-23,-0.0011471376599811278
2015-11-24,0.001338083736773337
2015-11-25,-0.00014322782891742854
2015-11-27,0.0011459419168315603
2015-11-30,-0.0041603022823051795
2015-12-01,0.009490420204053428
2015-12-02,-0.010257363039640094
2015-12-03,-0.014101515090450547
2015-12-04,0.0193149539860102
2015-12-07,-0.006076757139522669
2015-12-08,-0.0067421918994892815
2015-12-09,-0.007810243391915564
2015-12-10,0.0025777070996786215
2015-12-11,-0.019571490158554944
2015-12-14,0.005039733727146035
2015-12-15,0.010443238250528284
2015-12-16,0.014526091896913543
2015-12-17,-0.015355485510667987
2015-12-18,-0.01797557862155757
2015-12-21,0.008215026929106162
2015-12-22,0.00903329173520786
2015-12-23,0.012307655872876034
2015-12-24,-0.001652160398112619
2015-12-28,-0.0022874801509582725
2015-12-29,0.01061547995944263
2015-12-30,-0.007113191454969815
2015-12-31,-0.01005363170381047
2016-01-04,-0.014077947252401525
2016-01-05,0.0016900687807357814
2016-01-06,-0.012694798380075863
2016-01-07,-0.024284074063785927
2016-01-08,-0.011037138456994928
2016-01-11,0.0009894432002469696
2016-01-12,0.008036092923592203
2016-01-13,-0.025257076354033667
2016-01-14,0.016283556444027004
2016-01-15,-0.021699608051351314
2016-01-19,0.001330127148931848
2016-01-20,-0.01289815878463364
2016-01-21,0.005586335029178757
2016-01-22,0.02030758014266436
2016-01-25,-0.015231481703171271
2016-01-26,0.013550717311446461
2016-01-27,-0.010943080494233044
2016-01-28,0.0051962035628432286
2016-01-29,0.024084698221991614
2016-02-01,-0.00036136399501260954
2016-02-02,-0.0181867160137827
2016-02-03,0.005976957069821251
2016-02-04,0.0015669044242550597
2016-02-05,-0.019233663494740583
2016-02-08,-0.013552516106334282
2016-02-09,5.393697572801216e-05
2016-02-10,-0.0008631460287929536
2016-02-11,-0.013093670022967588
2016-02-12,0.02040754632400789
2016-02-16,0.016737366718007213
2016-02-17,0.01620260494904721
2016-02-18,-0.0041039898642160795
2016-02-19,-0.0004688873852832919
2016-02-22,0.014375666530898841
2016-02-23,-0.012710364526907329
2016-02-24,0.004565752912568404
2016-02-25,0.012038793493078561
2016-02-26,-0.0023041701013999482
2016-02-29,-0.007873328579849301
2016-03-01,0.023234874421623468
2016-03-02,0.004482413289517071
2016-03-03,0.00391197759253397
2016-03-04,0.0032482565419339458
2016-03-07,0.0007979759583807077
2016-03-08,-0.01097785789062899
2016-03-09,0.004927343709716141
2016-03-10,0.0008020862273519365
2016-03-11,0.016008166443148023
2016-03-14,-0.0012827546037036336
2016-03-15,-0.00163125412384889
2016-03-16,0.005770455723962855
2016-03-17,0.0063243719281658554
2016-03-18,0.003921609390762854
2016-03-21,0.001418023303757733
2016-03-22,-0.0005376251484915355
2016-03-23,-0.006621382746009877
2016-03-24,-0.00044315922415770703
2016-03-28,0.0005906585952992287
2016-03-29,0.009207895147833666
2016-03-30,0.0043777434316821
2016-03-31,-0.0024297812670673966
2016-04-01,0.006788703956522263
2016-04-04,-0.0032429832961471707
2016-04-05,-0.0100381702758769
2016-04-06,0.010861953277589443
2016-04-07,-0.0120378543698562
2016-04-08,0.0026929968323304155
2016-04-11,-0.0023498791536448477
2016-04-12,0.00926984410953176
2016-04-13,0.01004967037041108
2016-04-14,4.843955765175681e-05
2016-04-15,-0.0011064057627135288
2016-04-18,0.007002358759896447
2016-04-19,0.003149142206783369
2016-04-20,0.0009527453597217191
2016-04-21,-0.00539299775088694
2016-04-22,0.0
2016-04-25,-0.0017246226679697536
2016-04-26,0.0014853196780417824
2016-04-27,0.002056188152076425
2016-04-28,-0.009117444411688724
2016-04-29,-0.005413419019159358
2016-05-02,0.007916917618095971
2016-05-03,-0.008741321301237519
2016-05-04,-0.005593676935696008
2016-05-05,-0.00019529375409879535
2016-05-06,0.0036523924413845413
2016-05-09,0.0008259917770087414
2016-05-10,0.01235737927665666
2016-05-11,-0.009398751494881931
2016-05-12,0.000290278010626673
2016-05-13,-0.00875222164134157
2016-05-16,0.00981669363878387
2016-05-17,-0.00937717081387953
2016-05-18,0.00029305401279303817
2016-05-19,-0.0034713144649697407
2016-05-20,0.0062976825657058135
2016-05-23,-0.0013636976786560483
2016-05-24,0.012878924454678205
2016-05-25,0.006760273991457873
2016-05-26,0.00028642265848801167
2016-05-27,0.004290197736703774
2016-05-31,-0.0019044445518419276
2016-06-01,0.0020471830390742917
2016-06-02,0.003039137159316049
2016-06-03,-0.002991733012520435
2016-06-06,0.005075619592291658
2016-06-07,0.0015604306496397142
2016-06-08,0.003254310246645811
2016-06-09,-0.001366489407220516
2016-06-10,-0.00952282273527301
2016-06-13,-0.00774156195561976
2016-06-14,-0.001969071365663725
2016-06-15,-0.001394604998384037
2016-06-16,0.0029797569384602584
2016-06-17,-0.0037315577000632456
2016-06-20,0.006419771855568263
2016-06-21,0.0028347130361039943
2016-06-22,-0.0016324789044680885
2016-06-23,0.012938268511819595
2016-06-24,-0.03656965541105882
2016-06-27,-0.018072056652772568
2016-06-28,0.017875465659523776
2016-06-29,0.016884200190118645
2016-06-30,0.013553041389803538
2016-07-01,0.002098234150340814
2016-07-05,-0.007219037248570368
2016-07-06,0.005979765791027549
2016-07-07,-0.0006200842179939457
2016-07-08,0.014780362729480526
2016-07-11,0.003521204822279704
2016-07-12,0.0072367046444403805
2016-07-13,-0.00013924062177675967
2016-07-14,0.005567537228538221
2016-07-15,-0.0013426001689755226
2016-07-18,0.0026838129901507546
2016-07-19,-0.001017270010325316
2016-07-20,0.004154411432950868
2016-07-21,-0.0037843903421544384
2016-07-22,0.0044753366937765795
2016-07-25,-0.0027196450836402914
2016-07-26,0.00046123457827668433
2016-07-27,-0.001061388804986498
2016-07-28,0.0011538739577646665
2016-07-29,0.001613074801646732
2016-08-01,-0.0008291904474737725
2016-08-02,-0.006427927484380209
2016-08-03,0.00291849307098839
2016-08-04,0.0010633876375568372
2016-08-05,0.008145505921386197
2016-08-08,-0.000596026415486768
2016-08-09,0.0005960264154868223
2016-08-10,-0.0024779366273426627
2016-08-11,0.004629798297863283
2016-08-12,-0.0008690220844397412
2016-08-15,0.0028795094891545976
2016-08-16,-0.00517111647285163
2016-08-17,0.001879559097036319
2016-08-18,0.0022411843797294764
2016-08-19,-0.0014632049521999997
2016-08-22,-4.570345985385243e-05
2016-08-23,0.002011508344770827
2016-08-24,-0.005128108969475844
2016-08-25,-0.0006886827725578151
2016-08-26,-0.0018852671087013194
2016-08-29,0.004912208208083294
2016-08-30,-0.0016499675518655227
2016-08-31,-0.002848227267379004
2016-09-01,4.6191817530465876e-05
2016-09-02,0.0044980693319190915
2016-09-06,0.0030173412655400706
2016-09-07,-9.079662048650722e-05
2016-09-08,-0.0022860089386862524
2016-09-09,-0.024225848899498467
2016-09-12,0.014245402184523958
2016-09-13,-0.014479828738702842
2016-09-14,-0.0003752974221610064
2016-09-15,0.009943250529765376
2016-09-16,-0.0038728404864075516
2016-09-19,0.00018744698429360817
2016-09-20,4.6897905558909965e-05
2016-09-21,0.011182480001832308
2016-09-22,0.006281669078597474
2016-09-23,-0.005494175657983164
2016-09-26,-0.008135212664141162
2016-09-27,0.006188736101194731
2016-09-28,0.004951345511362699
2016-09-29,-0.009088617069869496
2016-09-30,0.007517905074776276
2016-10-03,-0.0024069216384947573
2016-10-04,-0.00511098343628152
2016-10-05,0.004415724822931922
2016-10-06,0.0006952586133496765
2016-10-07,-0.0034353364884728713
2016-10-10,0.0051948926941274955
2016-10-11,-0.01271003582499571
2016-10-12,0.001311272875296144
2016-10-13,-0.003281286591649512
2016-10-14,0.0005164742032067497
2016-10-17,-0.0034778699701510955
2016-10-18,0.006242682358593664
2016-10-19,0.002663610556056858
2016-10-20,-0.001868594741713345
2016-10-21,0.00046735150910458403
2016-10-24,0.004244099114134179
2016-10-25,-0.0033566993347260202
2016-10-26,-0.0020095270025916054
2016-10-27,-0.0026706828959628783
2016-10-28,-0.002959504335677534
2016-10-31,4.700623402223152e-05
2016-11-01,-0.007271772755432591
2016-11-02,-0.006036881147702653
2016-11-03,-0.004587268641155215
2016-11-04,-0.001102354044941801
2016-11-07,0.02181720025235342
2016-11-08,0.004493764621804675
2016-11-09,0.010546080816321201
2016-11-10,0.002492704238855642
2016-11-11,-0.00230770021128643
2016-11-14,0.0007851467914219585
2016-11-15,0.007772466535436262
2016-11-16,-0.0018800962925248775
2016-11-17,0.005127749324807089
2016-11-18,-0.002240135312342306
2016-11-21,0.007523271020286977
2016-11-22,0.001951153861414325
2016-11-23,0.0005437824565910483
2016-11-25,0.0037084218368904757
2016-11-28,-0.004705810785179867
2016-11-29,0.0019485588405280566
2016-11-30,-0.002402048514997916
2016-12-01,-0.003682541437629616
2016-12-02,0.0005008857071905368
2016-12-05,0.005991060199993591
2016-12-06,0.003162200123355585
2016-12-07,0.012995942604905377
2016-12-08,0.0024457231997971497
2016-12-09,0.006022380600364882
2016-12-12,-0.0011485703463844925
2016-12-13,0.006652020274429744
2016-12-14,-0.00828865070426102
2016-12-15,0.0041088250075292775
2016-12-16,-0.001957899791403119
2016-12-19,0.0021752251875068107
2016-12-20,0.003850018843655156
2016-12-21,-0.0027864093402335446
2016-12-22,-0.0017291364112748536
2016-12-23,0.0014635749754976347
2016-12-27,0.002477501413289834
2016-12-28,-0.00829878068433235
2016-12-29,-0.00022243748409060186
2016-12-30,-0.003661883219961738
2017-01-03,0.007620937466220599
2017-01-04,0.005931615978060198
2017-01-05,-0.0007949826931751158
2017-01-06,0.0035714444735161794
2017-01-09,-0.003306458055934234
2017-01-10,0.0
2017-01-11,0.002822057517403047
2017-01-12,-0.0025129824153506375
2017-01-13,0.002292800599074071
2017-01-17,-0.003529518357365858
2017-01-18,0.002207642232025757
2017-01-19,-0.003711530634572529
2017-01-20,0.0036673366607450535
2017-01-23,-0.0026054371120701157
2017-01-24,0.006391233144687467
2017-01-25,0.008617862964858013
2017-01-26,-0.0010456868070529706
2017-01-27,-0.0015708920570716182
2017-01-30,-0.006221059764251388
2017-01-31,-8.80014661783348e-05
2017-02-01,0.00039567387251079157
2017-02-02,0.0006585138688871838
2017-02-03,0.006869383355153896
2017-02-06,-0.001789506073504738
2017-02-07,4.4080006840603596e-05
2017-02-08,0.0013094707202080948
2017-02-09,0.005914793669553942
2017-02-10,0.003938607803889036
2017-02-13,0.005427926669403959
2017-02-14,0.003987192241499049
2017-02-15,0.0052068143603943755
2017-02-16,-0.0008517537085616851
2017-02-17,0.0015750653793453915
2017-02-21,0.005937615364122468
2017-02-22,-0.0008883567540467774
2017-02-23,0.0006768436227024635
2017-02-24,0.001267960324225744
2017-02-27,0.0015619347396488106
2017-02-28,-0.002702981816607275
2017-03-01,0.013900330020028065
2017-03-02,-0.00631716029917224
2017-03-03,0.0006290153648064176
2017-03-06,-0.0029821153218368237
2017-03-07,-0.002991407794094828
2017-03-08,-0.0018582429699725985
2017-03-09,0.0012675414625153971
2017-03-10,0.003497869269456807
2017-03-13,0.0005048135614295424
2017-03-14,-0.003833917993616955
2017-03-15,0.008616054929326487
2017-03-16,-0.001968669913193544
2017-03-17,-0.001757683938876673
2017-03-20,-0.00109732710163177
2017-03-21,-0.012922813161838242
2017-03-22,0.0023502452089808547
2017-03-23,-0.0010674308532487287
2017-03-24,-0.0007267511603431449
2017-03-27,-0.0010269415118674325
2017-03-28,0.007250595823474781
2017-03-29,0.0009342879395442139
2017-03-30,0.0031790765973514308
2017-03-31,-0.002330155008285579
2017-04-03,-0.0017408860978815237
2017-04-04,0.0006373267833988086
2017-04-05,-0.0029772982123749854
2017-04-06,0.0028072794796378878
2017-04-07,-0.0010198220839096855
2017-04-10,0.000594985216033503
2017-04-11,-0.0011903995109189191
2017-04-12,-0.004391298253859441
2017-04-13,-0.006516183842261783
2017-04-17,0.008820735792653966
2017-04-18,-0.002988640216254532
2017-04-19,-0.0018400697840515816
2017-04-20,0.008105855814692331
2017-04-21,-0.0031918550536680235
2017-04-24,0.010937876092963374
2017-04-25,0.005801559062128723
2017-04-26,-0.0006289008819935154
2017-04-27,0.0008385203975266014
2017-04-28,-0.0021816172348769047
2017-05-01,0.0025169023455744186
2017-05-02,0.0003771811843765187
2017-05-03,-0.0012153465806632006
2017-05-04,0.0011732644279669976
2017-05-05,0.003929208774623878
2017-05-08,-0.00016643789142743642
2017-05-09,-0.0009188068000177906
2017-05-10,0.0017943692561763413
2017-05-11,-0.0020446384070692846
2017-05-12,-0.001672567095595871
2017-05-15,0.0055082875357886935
2017-05-16,-0.0009158457437621435
2017-05-17,-0.01790361030373763
2017-05-18,0.004020757957014161
2017-05-19,0.0064829067852763414
2017-05-22,0.0050643756157764015
2017-05-23,0.0022105202481486255
2017-05-24,0.0023300531580080393
2017-05-25,0.004768280907474698
2017-05-26,-0.00020702488499942833
2017-05-30,-0.0008691859085649757
2017-05-31,-0.00024842559768397494
2017-06-01,0.00792061326262902
2017-06-02,0.0033232205358374733
2017-06-05,-0.0007374514901506913
2017-06-06,-0.0032019465263162577
2017-06-07,0.001848333426796377
2017-06-08,0.0004925530868481083
2017-06-09,-0.001519159907225213
2017-06-12,-0.00020554912578977198
2017-06-13,0.004878310913930496
2017-06-14,-0.0012684464896543567
2017-06-15,-0.001926156123866357
2017-06-16,0.00021819407355833887
2017-06-19,0.008290720921557734
2017-06-20,-0.006766783740633396
2017-06-21,-0.00024690879468836834
2017-06-22,-0.0004527524107101246
2017-06-23,0.0011932239534844132
2017-06-26,0.0006580888316110982
2017-06-27,-0.008088972671672478
2017-06-28,0.008910615567592728
2017-06-29,-0.008827825908677717
2017-06-30,0.0018629491369961265
2017-07-03,0.0016940803367544901
2017-07-05,0.0023092843915905087
2017-07-06,-0.00918653399233599
2017-07-07,0.006464124480547202
2017-07-10,0.0010735682178132295
2017-07-11,-0.0007428664780802065
2017-07-12,0.007486552540139594
2017-07-13,0.0016788216585664172
2017-07-14,0.00465342938861042
2017-07-17,-0.00012259267913131486
2017-07-18,0.0005295582120300181
2017-07-19,0.005399332795709982
2017-07-20,0.000445217788208406
2017-07-21,-0.0008904210917114157
2017-07-24,-0.00024325067293203036
2017-07-25,0.00242800796463485
2017-07-26,4.041217731985631e-05
2017-07-27,-0.0009299643532496942
2017-07-28,-0.001173992035832597
2017-07-31,-0.0005671823756137274
2017-08-01,0.0022264441613979126
2017-08-02,0.0004849636073273586
2017-08-03,-0.001941621704556406
2017-08-04,0.0018204559339930714
2017-08-07,0.0018574883390897077
2017-08-08,-0.0024641040798712033
2017-08-09,-4.0439971312231306e-05
2017-08-10,-0.01421581950516738
2017-08-11,0.0014759819696870862
2017-08-14,0.009864198351688792
2017-08-15,-0.00012146603984291268
2017-08-16,0.0017426542693570984
2017-08-17,-0.015713766459747047
2017-08-18,-0.00156441551110504
2017-08-21,0.0007825136800078658
2017-08-22,0.010402701903484224
2017-08-23,-0.003591618480724853
2017-08-24,-0.002333486117817198
2017-08-25,0.002333486117817178
2017-08-28,4.10995666416313e-05
2017-08-29,0.0011440235256233622
2017-08-30,0.004726212213429091
2017-08-31,0.00599802101338675
2017-09-01,0.001413056029262426
2017-09-05,-0.007207874563776663
2017-09-06,0.003407854983535127
2017-09-07,-0.00012128893983862989
2017-09-08,-0.001175562366311209
2017-09-11,0.010609553638066814
2017-09-12,0.003364852109622698
2017-09-13,0.0004799502204175294
2017-09-14,-0.0003198711973391334
2017-09-15,0.0013453033239866335
2017-09-18,0.002124752607213963
2017-09-19,0.001000529640201127
2017-09-20,0.00035997641201606886
2017-09-21,-0.0026831786465764847
2017-09-22,0.00020071641084714372
2017-09-25,-0.0020467081458315846
2017-09-26,0.0006023009589541206
2017-09-27,0.003886731328044611
2017-09-28,0.00119919685811129
2017-09-29,0.003509019319750552
2017-10-02,0.004329045094610019
2017-10-03,0.0021379099948656585
2017-10-04,0.0011856028108822704
2017-10-05,0.0059078415488206144
2017-10-06,-0.001139568026147401
2017-10-09,-0.0016524022616196143
2017-10-10,0.00263485623715046
2017-10-11,0.0015696208281724864
2017-10-12,-0.0014909922877989511
2017-10-13,0.0012165513603741346
2017-10-16,0.001332615598881447
2017-10-17,0.0007048282182671938
2017-10-18,0.0009781576716690332
2017-10-19,0.0002736828044300009
2017-10-20,0.0051474340275620345
2017-10-23,-0.0038972947703489547
2017-10-24,0.0017556421416567946
2017-10-25,-0.0049624500932361785
2017-10-26,0.001291987596534889
2017-10-27,0.00814272174143044
2017-10-30,-0.0037320980687195735
2017-10-31,0.0015568129736247902
2017-11-01,0.001321425305321694
2017-11-02,0.0003882945646311126
2017-11-03,0.003333029593715882
2017-11-06,0.001546647748891193
2017-11-07,-0.000695621377847951
2017-11-08,0.0016992778407548428
2017-11-09,-0.0036342072264430505
2017-11-10,-0.0003100471606362556
2017-11-13,0.0009294485310582508
2017-11-14,-0.0023252092980055434
2017-11-15,-0.005018004921229919
2017-11-16,0.008465323359928768
2017-11-17,-0.002943217249279864
2017-11-20,0.0017051513564802932
2017-11-21,0.006521283303291965
2017-11-22,-0.000884872174205169
2017-11-24,0.002306991883571463
2017-11-27,-0.0004993264819576989
2017-11-28,0.010093592116269834
2017-11-29,-0.0006087668647786064
2017-11-30,0.008717051253612086
2017-12-01,-0.0020778749221919816
2017-12-04,-0.0012107096926443186
2017-12-05,-0.0036029456765770676
2017-12-06,0.00018986211817235068
2017-12-07,0.0031479215815796695
2017-12-08,0.00543858471109999
2017-12-11,0.003008384081051969
2017-12-12,0.001763309911481328
2017-12-13,-0.00011234904823106209
2017-12-14,-0.0040945134226442505
2017-12-15,0.00829261339996456
2017-12-18,0.006321366871595669
2017-12-19,-0.0038477445562545465
2017-12-20,-0.0005239822601995329
2017-12-21,0.002057484183065186
2017-12-22,-0.0002617173696098239
2017-12-26,-0.0011971006579985725
2017-12-27,0.0004865091752988763
2017-12-28,0.0020553196735612358
2017-12-29,-0.0037778477533484656
2018-01-02,0.007132165171618013
2018-01-03,0.006305169641084029
2018-01-04,0.004206084530602535
2018-01-05,0.0066417072392510185
2018-01-08,0.0018270645451944744
2018-01-09,0.00226105503702586
2018-01-10,-0.0015311502329306012
2018-01-11,0.007269518331463042
2018-01-12,0.006498149198151346
2018-01-16,-0.003424203153083186
2018-01-17,0.009486456391415626
2018-01-18,-0.0016825257263299606
2018-01-19,0.0045393803313298975
2018-01-22,0.00809818347277102
2018-01-23,0.0021205518070841183
2018-01-24,-0.0003884262493748022
2018-01-25,0.0004236746154239741
2018-01-26,0.01151121252997542
2018-01-29,-0.00665193426015016
2018-01-30,-0.010310154067703008
2018-01-31,0.0004964730432570966
2018-02-01,-0.001135896738066217
2018-02-02,-0.02201035195541956
2018-02-05,-0.04272214717687897
2018-02-06,0.01951053713784938
2018-02-07,-0.00543942815364436
2018-02-08,-0.03823057468295411
2018-02-09,0.01490980572394095
2018-02-12,0.014577674961961606
2018-02-13,0.0024843202824111916
2018-02-14,0.01340634174837086
2018-02-15,0.012679073673281116
2018-02-16,0.0002931172789434041
2018-02-20,-0.006281077703992829
2018-02-21,-0.00498659229659446
2018-02-22,0.0012951599608303404
2018-02-23,0.015813477046345146
2018-02-26,0.011545510365471927
2018-02-27,-0.012565153563571142
2018-02-28,-0.010181716537044066
2018-03-01,-0.01464738986390135
2018-03-02,0.0051414011609328455
2018-03-05,0.011492213171768536
2018-03-06,0.002531534112466027
2018-03-07,-0.0003666395191161149
2018-03-08,0.004827523065122296
2018-03-09,0.017252548258721093
2018-03-12,-0.001255860241508579
2018-03-13,-0.00648379492492024
2018-03-14,-0.00514442507094658
2018-03-15,-0.0010905183518548137
2018-03-16,0.0010839062422293984
2018-03-19,-0.013622742814869832
2018-03-20,0.00169966743440498
2018-03-21,-0.0019214597212840736
2018-03-22,-0.02531504604159792
2018-03-23,-0.02154500736759491
2018-03-26,0.026991485454020674
2018-03-27,-0.0171578929117775
2018-03-28,-0.0029593956029925136
2018-03-29,0.012696901405569451
2018-04-02,-0.02182106222389888
2018-04-03,0.01273573027108473
2018-04-04,0.010642129058179873
2018-04-05,0.007860817193854699
2018-04-06,-0.02253779340527235
2018-04-09,0.004916387350103369
2018-04-10,0.015774882673056767
2018-04-11,-0.005255656979665396
2018-04-12,0.008193422059305327
2018-04-13,-0.0029377650796399463
2018-04-16,0.008187982066453868
2018-04-17,0.010641965058425192
2018-04-18,0.0007401558843175511
2018-04-19,-0.0055632202670811036
2018-04-20,-0.008515138163437474
2018-04-23,-0.00015020226327153903
2018-04-24,-0.013558906794912097
2018-04-25,0.0024687638264827435
2018-04-26,0.010114153272478332
2018-04-27,0.0009384841879325125
2018-04-30,-0.007720508004487982
2018-05-01,0.0017752040458692956
2018-05-02,-0.006739880652776471
2018-05-03,-0.002206218827729228
2018-05-04,0.012863300260879732
2018-05-07,0.003377610125616836
2018-05-08,0.0
2018-05-09,0.0096194657700577
2018-05-10,0.009307062708594067
2018-05-11,0.003046963936293675
2018-05-14,0.00047597405938435685
2018-05-15,-0.006910807618157815
2018-05-16,0.004196307803813663
2018-05-17,-0.0008448113706411119
2018-05-18,-0.0025031501052332978
2018-05-21,0.0074900362911078395
2018-05-22,-0.002784030524655176
2018-05-23,0.0027477737933900297
2018-05-24,-0.00205102336121878
2018-05-25,-0.002385489468601626
2018-05-29,-0.011567629701676792
2018-05-30,0.013256368738107148
2018-05-31,-0.006144448682966159
2018-06-01,0.009769531628951467
2018-06-04,0.0047404209323166505
2018-06-05,0.0007274789371730752
2018-06-06,0.008325699777378142
2018-06-07,-0.00010831432603871982
2018-06-08,0.0029520326733409306
2018-06-11,0.0013292031518547707
2018-06-12,0.0012915332845817686
2018-06-13,-0.0031962240280988203
2018-06-14,0.0025147669593759345
2018-06-15,-0.0012769070622903375
2018-06-18,-0.002058792945693909
2018-06-19,-0.0038400402307480637
2018-06-20,0.0017045603193165972
2018-06-21,-0.006288819001711586
2018-06-22,0.0018218856202218286
2018-06-25,-0.013706415541077575
2018-06-26,0.0022115637814082156
2018-06-27,-0.008318704966898906
2018-06-28,0.005701160981838256
2018-06-29,0.001438681561785468
2018-07-02,0.002135559207160899
2018-07-03,-0.0035373093603401537
2018-07-05,0.008125102347050356
2018-07-06,0.008422304879314044
2018-07-09,0.008963971685322161
2018-07-10,0.0035924748269631056
2018-07-11,-0.007341565356854901
2018-07-12,0.009024993517806234
2018-07-13,0.0007870411467945219
2018-07-16,-0.0008942954679681785
2018-07-17,0.004036770622280742
2018-07-18,0.0021014982526037125
2018-07-19,-0.003778441581926179
2018-07-20,-0.0011435992085394996
2018-07-23,0.0018577695106007123
2018-07-24,0.005019084645772053
2018-07-25,0.008486576392616123
2018-07-26,-0.0023620209532806435
2018-07-27,-0.006798987307974858
2018-07-30,-0.005237307218847001
2018-07-31,0.0049169988892557295
2018-08-01,-0.0016719964250606568
2018-08-02,0.005432914067111034
2018-08-03,0.00427581667966553
2018-08-06,0.0036601530586329823
2018-08-07,0.0032970847002105723
2018-08-08,-0.00042041621944758744
2018-08-09,-0.0013667455411470856
2018-08-10,-0.006722737681315594
2018-08-13,-0.00375042706591851
2018-08-14,0.006360352211034709
2018-08-15,-0.007495067247021129
2018-08-16,0.008058318959665155
2018-08-17,0.003514525508587475
2018-08-20,0.002136957026757395
2018-08-21,0.0023431390720537147
2018-08-22,-0.0005940252596971607
2018-08-23,-0.0013288861968216333
2018-08-24,0.006000449656061434
2018-08-27,0.007864424735449923
2018-08-28,0.0004835831792351161
2018-08-29,0.0053659629348750855
2018-08-30,-0.004056943097727919
2018-08-31,3.469900772447438e-05
2018-09-04,-0.0017233777435286656
2018-09-05,-0.0026953179227614376
2018-09-06,-0.003014544455766993
2018-09-07,-0.0019453013459683035
2018-09-10,0.0017369676141461776
2018-09-11,0.0032916283652901297
2018-09-12,0.00024249100098431417
2018-09-13,0.005897260645409386
2018-09-14,0.0001719848707199392
2018-09-17,-0.005308379228262778
2018-09-18,0.005411201413693555
2018-09-19,0.001065182834832171
2018-09-20,0.008070724729458486
2018-09-21,-0.0009137237088568692
2018-09-24,-0.0033273353077835667
2018-09-25,-0.0009283206570650738
2018-09-26,-0.002996383466395226
2018-09-27,0.002790129885363266
2018-09-28,0.00010277893408212492
2018-10-01,0.0034681522650292676
2018-10-02,-0.0005828839188092838
2018-10-03,0.0005492133419921629
2018-10-04,-0.007846988093205293
2018-10-05,-0.005612269248246659
2018-10-08,0.0
2018-10-09,-0.0014604580350984625
2018-10-10,-0.03217527725678805
2018-10-11,-0.022272756371766973
2018-10-12,0.013792646881150391
2018-10-15,-0.005632962501378387
2018-10-16,0.021630275055187116
2018-10-17,0.0001787982177178313
2018-10-18,-0.014546624258629983
2018-10-19,-0.0005428671992587639
2018-10-22,-0.004498739736596581
2018-10-23,-0.0051040534251176545
2018-10-24,-0.03076687411937824
2018-10-25,0.017781695917012078
2018-10-26,-0.01774390114276078
2018-10-29,-0.005555652125113003
2018-10-30,0.014709579453995746
2018-10-31,0.010624252276075241
2018-11-01,0.010585705556397183
2018-11-02,-0.0059408066841730766
2018-11-05,0.005501746573634024
2018-11-06,0.006308022431100587
2018-11-07,0.02118309032744296
2018-11-08,-0.001816234638533952
2018-11-09,-0.009816702845351934
2018-11-12,-0.018861915656214562
2018-11-13,-0.0018729665719398082
2018-11-14,-0.006860347169301093
2018-11-15,0.010382801884828659
2018-11-16,0.002597401293657507
2018-11-19,-0.017059466076432297
2018-11-20,-0.018679314019117686
2018-11-21,0.003401473494248962
2018-11-23,-0.006701052062474723
2018-11-26,0.016015665802233143
2018-11-27,0.0033587572713208833
2018-11-28,0.02276397314295645
2018-11-29,-0.0021871609023621065
2018-11-30,0.00607678733774782
2018-12-03,0.013154040418840685
2018-12-04,-0.03293855034461553
2018-12-06,-0.0015185727677959186
2018-12-07,-0.023510092424928512
2018-12-10,0.0018952658063477001
2018-12-11,0.00022710777249062991
2018-12-12,0.005022947372170029
2018-12-13,-0.0003391994802364872
2018-12-14,-0.018637444913580117
2018-12-17,-0.019813386121094137
2018-12-18,-0.0010970694223244924
2018-12-19,-0.01508894887319866
2018-12-20,-0.016411819341598934
2018-12-21,-0.02070242283944023
2018-12-24,-0.026778260740101346
2018-12-26,0.049290056787074606
2018-12-27,0.007647862396007118
2018-12-28,-0.0012906518553192606
2018-12-31,0.008720506501630011
2019-01-02,0.0010399053346953472
2019-01-03,-0.024152289224682724
2019-01-04,0.03294728455149365
2019-01-07,0.00785332231180053
2019-01-08,0.009351602630961282
2019-01-09,0.004662764134052791
2019-01-10,0.0035212570827101433
2019-01-11,0.00038608509345506155
2019-01-14,-0.006119373422776415
2019-01-15,0.01139553537312504
2019-01-16,0.0024170087330779993
2019-01-17,0.007557902014803434
2019-01-18,0.013222226182332528
2019-01-22,-0.013602596072365657
2019-01-23,0.002090246231537003
2019-01-24,0.0005314819900512712
2019-01-25,0.008425639950157916
2019-01-28,-0.007628913976022898
2019-01-29,-0.0013282079641862485
2019-01-30,0.015706824048312217
2019-01-31,0.00874415480872557
2019-02-01,0.0004814798139459276
2019-02-04,0.007011052175546994
2019-02-05,0.004182833694794378
2019-02-06,-0.0013188710564349738
2019-02-07,-0.009579033353702167
2019-02-08,0.001221107003491741
2019-02-11,0.0005542646193827035
2019-02-12,0.012777556230598092
2019-02-13,0.003241939454735128
2019-02-14,-0.002221053768907792
2019-02-15,0.010838479563446775
2019-02-19,0.0017292562782050096
2019-02-20,0.0020129092426133216
2019-02-21,-0.0035620956598496644
2019-02-22,0.006181239623975662
2019-02-25,0.0013600496318790629
2019-02-26,-0.0007158510900755028
2019-02-27,-0.0004297445687367554
2019-02-28,-0.0018637937191088106
2019-03-01,0.006224180550040357
2019-03-04,-0.003644167260203729
2019-03-05,-0.0013609999745779543
2019-03-06,-0.006075319946163508
2019-03-07,-0.008400520287502647
2019-03-08,-0.0020019903971368143
2019-03-11,0.01439674089916778
2019-03-12,0.003764154273140021
2019-03-13,0.006597286008165274
2019-03-14,-0.000639874316597643
2019-03-15,0.004928208544693975
2019-03-18,0.0036192846187044344
2019-03-19,0.0002484100882386169
2019-03-20,-0.0030146607558606585
2019-03-21,0.011231487195508632
2019-03-22,-0.019434078207145582
2019-03-25,-0.0007522489469136603
2019-03-26,0.007426470624067908
2019-03-27,-0.005242708032328276
2019-03-28,0.003782903140894205
2019-03-29,0.006285842895383641
2019-04-01,0.011789634260845725
2019-04-02,0.0004893738435046419
2019-04-03,0.0015725500569120177
2019-04-04,0.002649801380299613
2019-04-05,0.004828753028410562
2019-04-08,0.0007619623791679806
2019-04-09,-0.005138070778242268
2019-04-10,0.0034051237541825215
2019-04-11,-0.0002773623563024299
2019-04-12,0.006743090818710499
2019-04-15,-0.0006554313912038943
2019-04-16,0.0006554313912038093
2019-04-17,-0.0024501375613081027
2019-04-18,0.001967014594666051
2019-04-22,0.0008619140114148206
2019-04-23,0.008951510549496503
2019-04-24,-0.0022219140869625957
2019-04-25,-0.0006161035605995996
2019-04-26,0.004645900688165325
2019-04-29,0.0015668285559138012
2019-04-30,0.0005096330786792577
2019-05-01,-0.007544656830580549
2019-05-02,-0.002160960365531088
2019-05-03,0.009740182625708142
2019-05-06,-0.004123664336805917
2019-05-07,-0.016840953955351186
2019-05-08,-0.0013901427861869457
2019-05-09,-0.0030304594637255503
2019-05-10,0.005011183953576277
2019-05-13,-0.025451691937617017
2019-05-14,0.009002868601522817
2019-05-15,0.005840916954648163
2019-05-16,0.009218584916177655
2019-05-17,-0.006486112554133197
2019-05-20,-0.00663433566492102
2019-05-21,0.008975509826891302
2019-05-22,-0.003076370194889021
2019-05-23,-0.012294014375773094
2019-05-24,0.0022658237693782327
2019-05-28,-0.00934394056055108
2019-05-29,-0.006733079492856829
2019-05-30,0.002727363913988126
2019-05-31,-0.013566834086238044
2019-06-03,-0.002546197622978663
2019-06-04,0.021474238275554287
2019-06-05,0.00862504299651843
2019-06-06,0.0064815574592212676
2019-06-07,0.009957297066272007
2019-06-10,0.0045785895524652525
2019-06-11,-0.00024223391848208158
2019-06-12,-0.0017668218219364226
2019-06-13,0.004117504824661357
2019-06-14,-0.0011055499199637954
2019-06-17,0.0003802035873811329
2019-06-18,0.010416439366385831
2019-06-19,0.0022546099883602438
2019-06-20,0.009509123821610052
2019-06-21,-0.00145433503797063
2019-06-24,-0.0012254273547120625
2019-06-25,-0.009856234117463992
2019-06-26,-0.000998229892562649
2019-06-27,0.0035395908865886666
2019-06-28,0.005132697565138901
2019-07-01,0.009037850390198521
2019-07-02,0.002600861666555653
2019-07-03,0.007963096911626479
2019-07-05,-0.0011384060836583097
2019-07-08,-0.00550981182837948
2019-07-09,0.0012456582639038196
2019-07-10,0.0047666841269327406
2019-07-11,0.0023412836597821495
2019-07-12,0.004467168724681943
2019-07-15,0.00033242141048402194
2019-07-16,-0.003230340747154567
2019-07-17,-0.006828392189575287
2019-07-18,0.0036542594282911733
2019-07-19,-0.005570583068174515
2019-07-22,0.0024537940441234926
2019-07-23,0.007124571701345437
2019-07-24,0.004688454186915067
2019-07-25,-0.004788576856934426
2019-07-26,0.006677668751496283
2019-07-29,-0.0018226611947862602
2019-07-30,-0.0024578528224420853
2019-07-31,-0.011000877467255095
2019-08-01,-0.008745850014722006
2019-08-02,-0.00755812116304285
2019-08-05,-0.03053452145795438
2019-08-06,0.01392564590254806
2019-08-07,0.000590564856774454
2019-08-08,0.01942998653303379
2019-08-09,-0.006834684240439121
2019-08-12,-0.012248363183950735
2019-08-13,0.01543193458612517
2019-08-14,-0.030013489341225455
2019-08-15,0.002638458872720616
2019-08-16,0.014647175379280291
2019-08-19,0.011975640820375439
2019-08-20,-0.007692063766504506
2019-08-21,0.008102998510454802
2019-08-22,-0.0003079545987887453
2019-08-23,-0.02602359447928722
2019-08-26,0.010997908808958689
2019-08-27,-0.003931305015981738
2019-08-28,0.007017017108361612
2019-08-29,0.012692110416774252
2019-08-30,-0.0004441822400367911
2019-09-03,-0.005864633251155064
2019-09-04,0.011286757026297037
2019-09-05,0.012773025340898582
2019-09-06,0.0007719478486873649
2019-09-09,0.0005031086486618671
2019-09-10,-0.00023461683927231898
2019-09-11,0.00708574827206281
2019-09-12,0.003457950660253366
2019-09-13,-0.0006642089464442603
2019-09-16,-0.0030930211824786516
2019-09-17,0.0025284213940708015
2019-09-18,0.0005978543055528431
2019-09-19,-6.628619290141002e-05
2019-09-20,-0.004736261705268027
2019-09-23,-0.0002344883809599781
2019-09-24,-0.007877890963992556
2019-09-25,0.005897174807728678
2019-09-26,-0.0020852033009112615
2019-09-27,-0.00540159069058828
2019-09-30,0.004627195844934348
2019-10-01,-0.0119665141016494
2019-10-02,-0.01782220589118691
2019-10-03,0.008159255029363053
2019-10-04,0.013441099902951531
2019-10-07,-0.004323484592822389
2019-10-08,-0.015646779466840944
2019-10-09,0.009451426801624233
2019-10-10,0.0067406882169115025
2019-10-11,0.010313876780465551
2019-10-14,-0.001114125177737788
2019-10-15,0.009851138076367845
2019-10-16,-0.0016069977345308866
2019-10-17,0.002944472951625351
2019-10-18,-0.004386573991496097
2019-10-21,0.00675630770504673
2019-10-22,-0.003272108780027326
2019-10-23,0.0029050159768928005
2019-10-24,0.0016328144355837193
2019-10-25,0.004086821906737866
2019-10-28,0.005620613770025396
2019-10-29,-0.0002966781639688586
2019-10-30,0.003062357657391519
2019-10-31,-0.00266699071537409
2019-11-01,0.009221469115818684
2019-11-04,0.004009621361356996
2019-11-05,-0.0011066948954142522
2019-11-06,0.00022775304237273745
2019-11-07,0.0035107060997253228
2019-11-08,0.0024634552353898958
2019-11-11,-0.0019116385891073029
2019-11-12,0.002105620754652261
2019-11-13,0.0003235819024336618
2019-11-14,0.001454715820264936
2019-11-15,0.007210361634471107
2019-11-18,0.0007371033743259878
2019-11-19,-0.0002882781809733191
2019-11-20,-0.0037261505112802028
2019-11-21,-0.0016097106996877388
2019-11-22,0.0022213587160896924
2019-11-25,0.007720330202945363
2019-11-26,0.002263197042147402
2019-11-27,0.004447371174330333
2019-11-29,-0.0037153198557528903
2019-12-02,-0.008531124417941755
2019-12-03,-0.006729138478674144
2019-12-04,0.006151364844946659
2019-12-05,0.0017961001638503108
2019-12-06,0.009092946062812341
2019-12-09,-0.0031492017569098663
2019-12-10,-0.0011160523823481587
2019-12-11,0.0028347079259804344
2019-12-12,0.00858236988335647
2019-12-13,0.000598961852655304
2019-12-16,0.006846433770481946
2019-12-17,0.0002190748915119531
2019-12-18,6.258401196853011e-05
2019-12-19,0.004090536840901867
2019-12-20,0.004374611439674551
2019-12-23,0.001526770349766845
2019-12-24,3.077153383867947e-05
2019-12-26,0.005309170870222583
2019-12-27,-0.0002477910567346841
2019-12-30,-0.005528564516378339
2019-12-31,0.002426503259408741
2020-01-02,0.009308404542659363
2020-01-03,-0.007601054261444436
2020-01-06,0.0038079554808890565
2020-01-07,-0.0028156738180126766
2020-01-08,0.005315436165157327
2020-01-09,0.00675788552223001
2020-01-10,-0.0028819608503838356
2020-01-13,0.006853724226502255
2020-01-14,-0.0015257036383706987
2020-01-15,0.002257260154368804
2020-01-16,0.008283992376272985
2020-01-17,0.0031077021686184065
2020-01-21,-0.0019603833354574192
2020-01-22,0.00012115004669815368
2020-01-23,0.0011458652505251213
2020-01-24,-0.008932663827015325
2020-01-27,-0.01615926357674248
2020-01-28,0.010424747799240748
2020-01-29,-0.0008264792258148752
2020-01-30,0.0032401727347234188
2020-01-31,-0.01832479379854543
2020-02-03,0.007400717963632784
2020-02-04,0.015126663213653803
2020-02-05,0.011481841315618963
2020-02-06,0.0033592206955634822
2020-02-07,-0.005343993911705071
2020-02-10,0.007437541458243797
2020-02-11,0.0017316525714140382
2020-02-12,0.006422041968852022
2020-02-13,-0.001067447318172575
2020-02-14,0.0016008429051791386
2020-02-18,-0.0025806688303053717
2020-02-19,0.0047700396310892835
2020-02-20,-0.004116814792397102
2020-02-21,-0.010351530272873851
2020-02-24,-0.03372800419247632
2020-02-25,-0.030770622941374618
2020-02-26,-0.003685288586283707
2020-02-27,-0.04595116184765511
2020-02-28,-0.004210275842131584
2020-03-02,0.04239491030666432
2020-03-03,-0.029050487642768377
2020-03-04,0.04117380069091807
2020-03-05,-0.033806835896877364
2020-03-06,-0.0166691557980132
2020-03-09,-0.08131257177115271
2020-03-10,0.05045060364998086
2020-03-11,-0.04997659199753646
2020-03-12,-0.1005691188466819
2020-03-13,0.08202807388781233
2020-03-16,-0.11588643606135948
2020-03-17,0.052584970343301486
2020-03-18,-0.051959892162081564
2020-03-19,0.0021227783742808243
2020-03-20,-0.04405034128835114
2020-03-23,-0.02590073456608057
2020-03-24,0.08673108989013446
2020-03-25,0.014859167769466837
2020-03-26,0.056748658466138455
2020-03-27,-0.030238290581292817
2020-03-30,0.031959401840775684
2020-03-31,-0.015017401519728654
2020-04-01,-0.046049116885093826
2020-04-02,0.022813182515042153
2020-04-03,-0.01455947522131983
2020-04-06,0.06500669503890422
2020-04-07,0.0010189047599895237
2020-04-08,0.0330172971656733
2020-04-09,0.015102749118297717
2020-04-13,-0.00917210151325132
2020-04-14,0.029066369426050447
2020-04-15,-0.021477229420965364
2020-04-16,0.004812818392328605
2020-04-17,0.026656624450298896
2020-04-20,-0.01777477609989486
2020-04-21,-0.030833680011822844
2020-04-22,0.021951831661418723
2020-04-23,-7.160983065666408e-05
2020-04-24,0.013842119575766114
2020-04-27,0.014315470414549667
2020-04-28,-0.0046086847732525315
2020-04-29,0.025841609983259437
2020-04-30,-0.00935466263095147
2020-05-01,-0.02682993890424652
2020-05-04,0.0027545591414482934
2020-05-05,0.009196818934292644
2020-05-06,-0.006802014886247803
2020-05-07,0.011994916824499276
2020-05-08,0.01641073046862867
2020-05-11,0.00020511494539730005
2020-05-12,-0.02013310895991253
2020-05-13,-0.017843985542842174
2020-05-14,0.011896271867600974
2020-05-15,0.004586855565012983
2020-05-18,0.030004402806543515
2020-05-19,-0.010323874317375203
2020-05-20,0.016845288586456165
2020-05-21,-0.0069276458375768365
2020-05-22,0.0018972586667368614
2020-05-26,0.012244766501701126
2020-05-27,0.014769405534492134
2020-05-28,-0.0018465355837999644
2020-05-29,0.0044460652919528585
2020-06-01,0.004033467701587873
2020-06-02,0.008246176981949259
2020-06-03,0.013220563618806965
2020-06-04,-0.0026302736475263774
2020-06-05,0.02530665231648188
2020-06-08,0.012014983541012153
2020-06-09,-0.007484591269804753
2020-06-10,-0.0055957199836068625
2020-06-11,-0.05937756868064396
2020-06-12,0.011904933873224308
2020-06-15,0.009292169691421322
2020-06-16,0.019064545637870196
2020-06-17,-0.004162301960419221
2020-06-18,0.0003852159554729177
2020-06-19,-0.005731548587901213
2020-06-22,0.0063945988572760935
2020-06-23,0.004593387414290149
2020-06-24,-0.025839621824780307
2020-06-25,0.010663248891651041
2020-06-26,-0.024038247561809223
2020-06-29,0.014590669973602793
2020-06-30,0.012728045700353545
2020-07-01,0.006980786960282558
2020-07-02,0.005491701009027286
2020-07-06,0.015319235558347707
2020-07-07,-0.01036702772558686
2020-07-08,0.0076193347308881705
2020-07-09,-0.005709261828408298
2020-07-10,0.010158988747388822
2020-07-13,-0.008696856338505404
2020-07-14,0.012875883812013326
2020-07-15,0.009145415052776017
2020-07-16,-0.00329925360208591
2020-07-17,0.0028950572475493074
2020-07-20,0.00804917527185527
2020-07-21,0.0021252236110533515
2020-07-22,0.005675853950855214
2020-07-23,-0.012003509363653679
2020-07-24,-0.006460961598200594
2020-07-27,0.007265782381813312
2020-07-28,-0.006362501665393012
2020-07-29,0.01222353002200047
2020-07-30,-0.003574096202591123
2020-07-31,0.007871160814031056
2020-08-03,0.00692833097294656
2020-08-04,0.0038546140518700258
2020-08-05,0.006191861450555379
2020-08-06,0.006662443852630751
2020-08-07,0.0007174951308621912
2020-08-10,0.0029844281363430097
2020-08-11,-0.00828904000121435
2020-08-12,0.013846231662152628
2020-08-13,-0.0018094534145874084
2020-08-14,2.9634889334011952e-05
2020-08-17,0.0031716407118373637
2020-08-18,0.0021581444882085845
2020-08-19,-0.00417255269216589
2020-08-20,0.003108865758779133
2020-08-21,0.003541167017393622
2020-08-24,0.010082085813601347
2020-08-25,0.0034931434155278506
2020-08-26,0.009975442744566979
2020-08-27,0.0021844857255369477
2020-08-28,0.006438518035920312
2020-08-31,-0.0036290604254040565
2020-09-01,0.009374630421105635
2020-09-02,0.014360216912083053
2020-09-03,-0.03502044453044762
2020-09-04,-0.008198004192827884
2020-09-08,-0.027703205857808017
2020-09-09,0.01955485675777618
2020-09-10,-0.0175158737944516
2020-09-11,0.000508503137291495
2020-09-14,0.013085426057931074
2020-09-15,0.0050397918381290705
2020-09-16,-0.00397627999987485
2020-09-17,-0.008834459862679719
2020-09-18,-0.011579402111850934
2020-09-21,-0.011192056051516523
2020-09-22,0.010132613352717808
2020-09-23,-0.023463852765692923
2020-09-24,0.00266198225043457
2020-09-25,0.016037514448753235
2020-09-28,0.01647299953183499
2020-09-29,-0.005460871160370566
2020-09-30,0.007553124816278162
2020-10-01,0.006399593504466678
2020-10-02,-0.009539864389253609
2020-10-05,0.017577928010641137
2020-10-06,-0.014318321758828507
2020-10-07,0.017257024160866136
2020-10-08,0.008823539979338121
2020-10-09,0.008890647421641643
2020-10-12,0.01595946661716479
2020-10-13,-0.0065474755020768684
2020-10-14,-0.006303128321420297
2020-10-15,-0.0012367012654631868
2020-10-16,-0.0006044208765116541
2020-10-19,-0.015320099417179392
2020-10-20,0.003997512981301951
2020-10-21,-0.001894741853670263
2020-10-22,0.005470408075345911
2020-10-23,0.003389470375745353
2020-10-26,-0.018652789060805846
2020-10-27,-0.003453397095834515
2020-10-28,-0.03477667441379961
2020-10-29,0.010112150534597788
2020-10-30,-0.010479568035736912
2020-11-02,0.011146094799350184
2020-11-03,0.017501774380578775
2020-11-04,0.02210311429480096
2020-11-05,0.019315087323895024
2020-11-06,-0.0002281561099682224
2020-11-09,0.012487146708297418
2020-11-10,-0.0014678514013123957
2020-11-11,0.00740125018874948
2020-11-12,-0.009748132924556218
2020-11-13,0.013749538449582453
2020-11-16,0.01240538275261052
2020-11-17,-0.005392880596992635
2020-11-18,-0.012108102251479591
2020-11-19,0.004201422235621974
2020-11-20,-0.006871185563602904
2020-11-23,0.005976299531880638
2020-11-24,0.01598514649056353
2020-11-25,-0.001542755384643082
2020-11-27,0.0027811868041486207
2020-11-30,-0.004436888371930947
2020-12-01,0.010878082310001907
2020-12-02,0.002101497522658871
2020-12-03,-0.00027262455158757337
2020-12-04,0.008580609828978692
2020-12-07,-0.002057333288714056
2020-12-08,0.0029221644260695955
2020-12-09,-0.009009654263695882
2020-12-10,-0.0003267997790761899
2020-12-11,-0.0011734457010220394
2020-12-14,-0.004487294301051366
2020-12-15,0.013429091929524474
2020-12-16,0.0015681021153211743
2020-12-17,0.005576270516014844
2020-12-18,-0.004000589507463685
2020-12-21,-0.003582219778604087
2020-12-22,-0.0016866671922831594
2020-12-23,0.0008984055980463621
2020-12-24,0.00388269528844906
2020-12-28,0.008553975271246433
2020-12-29,-0.001909513743404078
2020-12-30,0.0014257354813209308
2020-12-31,0.005067992607937285
2021-01-04,-0.01370736685945926
2021-01-05,0.0068634861474806096
2021-01-06,0.005960819580882054
2021-01-07,0.014748168725782974
2021-01-08,0.005681408944288648
2021-01-11,-0.006763331143908225
2021-01-12,0.00021102561295639204
2021-01-13,0.0026895719002775617
2021-01-14,-0.0035082156183730527
2021-01-15,-0.007319488944722696
2021-01-19,0.007821231241047685
2021-01-20,0.013743897171418069
2021-01-21,0.0009113300923623712
2021-01-22,-0.003545939497772289
2021-01-25,0.003936267622303435
2021-01-26,-0.001562227467805905
2021-01-27,-0.024744036279869368
2021-01-28,0.008563200850275302
2021-01-29,-0.02022256374625703
2021-02-01,0.016508583625300142
2021-02-02,0.014041006575922424
2021-02-03,0.0007862622406137791
2021-02-04,0.011301696668982033
2021-02-05,0.00392796059330801
2021-02-08,0.007195892425689263
2021-02-09,-0.000666163996282809
2021-02-10,-0.0004355599471678092
2021-02-11,0.0016136623582026386
2021-02-12,0.00492770321225808
2021-02-16,-0.0008663378042929774
2021-02-17,0.00022935353527436185
2021-02-18,-0.004264877198752498
2021-02-19,-0.0017675027043768264
2021-02-22,-0.007721488372842681
2021-02-23,0.0012135312578081627
2021-02-24,0.010959026928899974
2021-02-25,-0.024390847765850727
2021-02-26,-0.005165977217727388
2021-03-01,0.02395117867758918
2021-03-02,-0.007833818723952779
2021-03-03,-0.013334241776892379
2021-03-04,-0.012452026908997983
2021-03-05,0.018229297235245683
2021-03-08,-0.00499125565872536
2021-03-09,0.014176740151984423
2021-03-10,0.006205305681338438
2021-03-11,0.010088140346660742
2021-03-12,0.0013457476669202436
2021-03-15,0.005945898611475878
2021-03-16,-0.001262247165844986
2021-03-17,0.0034043515379101824
2021-03-18,-0.01465663144789969
2021-03-19,-0.0018521522540468818
2021-03-22,0.007953395708179845
2021-03-23,-0.007901970592804767
2021-03-24,-0.0050962856765323075
2021-03-25,0.005609636821952573
2021-03-26,0.01598642153590602
2021-03-29,-0.0005051251323788579
2021-03-30,-0.002656515031972525
2021-03-31,0.004045160538915744
2021-04-01,0.010741078178378587
2021-04-05,0.014251377133827525
2021-04-06,-0.0005909332577862687
2021-04-07,0.0011566053991932496
2021-04-08,0.004735631955245135
2021-04-09,0.00724367696725381
2021-04-12,0.00036456466802024595
2021-04-13,0.0029593081553813227
2021-04-14,-0.0034209907516817213
2021-04-15,0.010685440111302928
2021-04-16,0.003336612274495194
2021-04-19,-0.004925132239867048
2021-04-20,-0.007348415563324566
2021-04-21,0.009417507599364761
2021-04-22,-0.009175035652573238
2021-04-23,0.010784188749527138
2021-04-26,0.00208513259530111
2021-04-27,-0.00021534534410256573
2021-04-28,-0.0002874080316046499
2021-04-29,0.006352513015219135
2021-04-30,-0.006592082824149313
2021-05-03,0.002154299303121866
2021-05-04,-0.0061883063162771835
2021-05-05,0.00031237384249659594
2021-05-06,0.007954105304447635
2021-05-07,0.007251547455172576
2021-05-10,-0.009951685460991453
2021-05-11,-0.008964653919354817
2021-05-12,-0.021474202721233276
2021-05-13,0.011941019614843526
2021-05-14,0.015238354876696133
2021-05-17,-0.0025476122064146136
2021-05-18,-0.008652959647790266
2021-05-19,-0.002625411579437663
2021-05-20,0.010700625905279038
2021-05-21,-0.0008191690249718343
2021-05-24,0.010142626857185814
2021-05-25,-0.002221102517702814
2021-05-26,0.0019826223687196606
2021-05-27,0.0005249085759269094
2021-05-28,0.0017870183420017238
2021-06-01,-0.000881197648362892
2021-06-02,0.00157165141603368
2021-06-03,-0.003718396635142567
2021-06-04,0.00910424509538905
2021-06-07,-0.0009705819762832604
2021-06-08,0.00021311830700372088
2021-06-09,-0.0014930928079242823
2021-06-10,0.00463760991768765
2021-06-11,0.0016511512790990017
2021-06-14,0.0022363097709165894
2021-06-15,-0.0018358787536661382
2021-06-16,-0.00559892656941622
2021-06-17,-0.00033151572901340195
2021-06-18,-0.013582305566752427
2021-06-21,0.014214351149260188
2021-06-22,0.005331880604882587
2021-06-23,-0.0012058186362254159
2021-06-24,0.00589823747148532
2021-06-25,0.0035457069251495854
2021-06-28,0.0020140010645299774
2021-06-29,0.0005377431036830848
2021-06-30,0.0008413760182658637
2021-07-01,0.005521218279262893
2021-07-02,0.007614603052653729
2021-07-06,-0.001823273911065392
2021-07-07,0.0035280941142891
2021-07-08,-0.008181325711288177
2021-07-09,0.010617852351906926
2021-07-12,0.0035758530334176353
2021-07-13,-0.003414939739463969
2021-07-14,0.0014911785548274413
2021-07-15,-0.0034213770291313356
2021-07-16,-0.007874613387546678
2021-07-19,-0.0148779052565373
2021-07-20,0.014228582221128851
2021-07-21,0.00806364439427106
2021-07-22,0.002092122394844283
2021-07-23,0.01023541981224623
2021-07-26,0.0024517779011955705
2021-07-27,-0.004568048277697171
2021-07-28,-0.0004100323378997461
2021-07-29,0.004138749889872723
2021-07-30,-0.004868185924154986
2021-08-02,-0.0021002554620196357
2021-08-03,0.008102600707534916
2021-08-04,-0.004931203921927666
2021-08-05,0.006313000024938171
2021-08-06,0.0016509283958548097
2021-08-09,-0.0008138531756147452
2021-08-10,0.0012430810778970537
2021-08-11,0.002481976314321605
2021-08-12,0.002992462533079848
2021-08-13,0.0018181976040698433
2021-08-16,0.002351905342359637
2021-08-17,-0.006576734193678635
2021-08-18,-0.011005390112280808
2021-08-19,0.001546970894836442
2021-08-20,0.007925581661098326
2021-08-23,0.00875821702743912
2021-08-24,0.001586223640106703
2021-08-25,0.0020960408885392864
2021-08-26,-0.005920685234860097
2021-08-27,0.008901280337149367
2021-08-30,0.004387939979466248
2021-08-31,-0.001482770259551229
2021-09-01,0.0005314814935248494
2021-09-02,0.0030717311461809717
2021-09-03,-0.0002427146884236247
2021-09-07,-0.003581941794894259
2021-09-08,-0.001218962915184924
2021-09-09,-0.004289606817780781
2021-09-10,-0.007915766659076028
2021-09-13,0.002556175930532206
2021-09-14,-0.005411200831829351
2021-09-15,0.008318032179774561
2021-09-16,-0.0015864698725681604
2021-09-17,-0.009788909717260817
2021-09-20,-0.01681487953538076
2021-09-21,-0.0009450350504340796
2021-09-22,0.009707608314707305
2021-09-23,0.012076689916016835
2021-09-24,0.0016459504254124524
2021-09-27,-0.0028650313900443155
2021-09-28,-0.020357710459618487
2021-09-29,0.0016818204955181145
2021-09-30,-0.012297637753932781
2021-10-01,0.011814052619288253
2021-10-04,-0.012980032690383704
2021-10-05,0.010351431815171784
2021-10-06,0.00414740780096213
2021-10-07,0.008608563927429442
2021-10-08,-0.0018255047058198606
2021-10-11,-0.007266069193183255
2021-10-12,-0.002464672959198432
2021-10-13,0.003591383264162694
2021-10-14,0.016680446969782315
2021-10-15,0.00758689764359654
2021-10-18,0.002956545918640793
2021-10-19,0.007685074059352272
2021-10-20,0.003919999909115455
2021-10-21,0.0026049416145556737
2021-10-22,-0.001036820760608069
2021-10-25,0.005348568289393509
2021-10-26,0.0008995113698617417
2021-10-27,-0.004440015837019756
2021-10-28,0.009602654462033934
2021-10-29,0.002027021792453333
2021-11-01,0.0017188899755047938
2021-11-02,0.0040349015183405185
2021-11-03,0.006086574938538783
2021-11-04,0.004701577254458807
2021-11-05,0.0034635263885338446
2021-11-08,0.000853349069212219
2021-11-09,-0.0033108004580741507
2021-11-10,-0.008077504746778099
2021-11-11,0.00032359441846060966
2021-11-12,0.007518483460425782
2021-11-15,0.0003421808344465109
2021-11-16,0.003950207864462137
2021-11-17,-0.0024322985787128028
2021-11-18,0.00339072294473558
2021-11-19,-0.0017897424883610816
2021-11-22,-0.0028192477304890234
2021-11-23,0.001324986630704197
2021-11-24,0.0026663638358176297
2021-11-26,-0.022555576479844724
2021-11-29,0.01219209141104323
2021-11-30,-0.019649431656666508
2021-12-01,-0.01116953813299925
2021-12-02,0.01520031863645803
2021-12-03,-0.008739438324539122
2021-12-06,0.011773709263824185
2021-12-07,0.020473692380453917
2021-12-08,0.0026446253834872565
2021-12-09,-0.0067745896873945164
2021-12-10,0.009369689597297226
2021-12-13,-0.008897893071411854
2021-12-14,-0.006903812794076431
2021-12-15,0.015504357919335044
2021-12-16,-0.008857608005827097
2021-12-17,-0.010700075691506739
2021-12-20,-0.010690444265831283
2021-12-21,0.017603197916428136
2021-12-22,0.009949041511768586
2021-12-23,0.006202836396704126
2021-12-27,0.014052845989052709
2021-12-28,-0.0008174667213801443
2021-12-29,0.001278493046775523
2021-12-30,-0.0027685362470763653
2021-12-31,-0.0025233587552832837
2022-01-03,0.005773295931005551
2022-01-04,-0.00033499855334643576
2022-01-05,-0.019388925105251142
2022-01-06,-0.0009398466083629807
2022-01-07,-0.0039613194336906915
2022-01-10,-0.0012449855975496611
2022-01-11,0.009066808972091443
2022-01-12,0.0027001540205661796
2022-01-13,-0.013874522450749844
2022-01-14,0.0004088498786955356
2022-01-18,-0.017868254416530296
2022-01-19,-0.010437768010399574
2022-01-20,-0.011129895372895429
2022-01-21,-0.01982579244638391
2022-01-24,0.004237679249376688
2022-01-25,-0.012284158998558012
2022-01-26,-0.0025118444537922677
2022-01-27,-0.004950120997216454
2022-01-28,0.02453205906327099
2022-01-31,0.01785085842199845
2022-02-01,0.006734118562973451
2022-02-02,0.009667184427397746
2022-02-03,-0.023785745325594722
2022-02-04,0.004691167812545743
2022-02-07,-0.0032142503113073116
2022-02-08,0.00819405289536194
2022-02-09,0.01453004202588638
2022-02-10,-0.018128964682387037
2022-02-11,-0.019915795485344903
2022-02-14,-0.003274627645026388
2022-02-15,0.015998158779112415
2022-02-16,0.0011202166111590472
2022-02-17,-0.021592898988283298
2022-02-18,-0.00649610452526567
2022-02-22,-0.010789606691098715
2022-02-23,-0.01789777889456902
2022-02-24,0.014936846655825283
2022-02-25,0.0218242835582299
2022-02-28,-0.0025619761916064816
2022-03-01,-0.015347440289157088
2022-03-02,0.018229137841926733
2022-03-03,-0.004991001225384395
2022-03-04,-0.008157811457138673
2022-03-07,-0.029922300224416346
2022-03-08,-0.007610646714636804
2022-03-09,0.0264577767141704
2022-03-10,-0.004525938290196929
2022-03-11,-0.012796346440747432
2022-03-14,-0.007335202868444987
2022-03-15,0.02175201631716462
2022-03-16,0.021932023104072565
2022-03-17,0.012433325666569559
2022-03-18,0.010893048527192405
2022-03-21,-0.0002922772152624677
2022-03-22,0.011633572746820708
2022-03-23,-0.01296223195599034
2022-03-24,0.014961786246569663
2022-03-25,0.004871793062816318
2022-03-28,0.007087917818516394
2022-03-29,0.012294878267493559
2022-03-30,-0.006193822557098975
2022-03-31,-0.015511073443878058
2022-04-01,0.0028301356761412243
2022-04-04,0.008530141775440996
2022-04-05,-0.012711854044496512
2022-04-06,-0.010049604928193068
2022-04-07,0.005026251991017516
2022-04-08,-0.002677557140937297
2022-04-11,-0.01724010465276794
2022-04-12,-0.0037120842840348035
2022-04-13,0.011388388785936818
2022-04-14,-0.012529855694694423
2022-04-18,0.00041097216706038837
2022-04-19,0.016013897253556706
2022-04-20,-0.0007418920689466962
2022-04-21,-0.015066435179200425
2022-04-22,-0.027822564680455922
2022-04-25,0.005780872293496066
2022-04-26,-0.029388607805819398
2022-04-27,0.002807973357250858
2022-04-28,0.024945599342937174
2022-04-29,-0.037655703703983044
2022-05-02,0.006001248662646197
2022-05-03,0.004573563545698028
2022-05-04,0.0299984611588778
2022-05-05,-0.03618973624600717
2022-05-06,-0.00598684567250939
2022-05-09,-0.03254109430205443
2022-05-10,0.002307913916583776
2022-05-11,-0.01601371671224183
2022-05-12,-0.0010444603089480265
2022-05-13,0.023626653161612055
2022-05-16,-0.004065869163981289
2022-05-17,0.0203614447855697
2022-05-18,-0.04114635721759997
2022-05-19,-0.006143386543357536
2022-05-20,0.00043621827682943133
2022-05-23,0.01853728922923346
2022-05-24,-0.0076631715003789075
2022-05-25,0.008796228681087224
2022-05-26,0.019784407666236133
2022-05-27,0.024252499041081944
2022-05-31,-0.005626628886122151
2022-06-01,-0.008121581865435115
2022-06-02,0.018864420094282793
2022-06-03,-0.016547486789381862
2022-06-06,0.0030401933371782762
2022-06-07,0.00954642771710692
2022-06-08,-0.010931644088948702
2022-06-09,-0.02407032097762874
2022-06-10,-0.02942435537861418
2022-06-13,-0.03870776600098635
2022-06-14,-0.003017841979512583
2022-06-15,0.0141557153910249
2022-06-16,-0.033656132805412194
2022-06-17,0.0021534732372776684
2022-06-21,0.02486187030118873
2022-06-22,-0.0018145392162078231
2022-06-23,0.009754615256710912
2022-06-24,0.03129909352316205
2022-06-27,-0.003826981442409182
2022-06-28,-0.020644481192194912
2022-06-29,-0.0008147411369081037
2022-06-30,-0.00815757228302977
2022-07-01,0.010521055754881761
2022-07-05,0.0018866385261532398
2022-07-06,0.003371840093728347
2022-07-07,0.014865963203139605
2022-07-08,-0.0008227950777542128
2022-07-11,-0.011489322006065388
2022-07-12,-0.00888825793389694
2022-07-13,-0.005265619996580132
2022-07-14,-0.002431472946125103
2022-07-15,0.018925017293608376
2022-07-18,-0.008291246670130809
2022-07-19,0.02666036413419936
2022-07-20,0.006353134713450227
2022-07-21,0.010131597706270775
2022-07-22,-0.009321348732575473
2022-07-25,0.0012143467897143903
2022-07-26,-0.011901821153115735
2022-07-27,0.025635094293004316
2022-07-28,0.012464428714109337
2022-07-29,0.014473413760626327
2022-08-01,-0.0029656646757988004
2022-08-02,-0.006619043711598871
2022-08-03,0.01553797561529816
2022-08-04,-0.0006758532322699453
2022-08-05,-0.001691556524400772
2022-08-08,-0.0011614338181025596
2022-08-09,-0.003979026514101678
2022-08-10,0.020786310705277946
2022-08-11,0.0
2022-08-12,0.016787380512895644
2022-08-15,0.004112202659879246
2022-08-16,0.001956929415490208
2022-08-17,-0.00712340669956346
2022-08-18,0.002902269675689059
2022-08-19,-0.013529195156588113
2022-08-22,-0.021042223954782478
2022-08-23,-0.002422076133845987
2022-08-24,0.0031959962914311513
2022-08-25,0.014018806631438797
2022-08-26,-0.03443535526385651
2022-08-29,-0.006634016655095224
2022-08-30,-0.011038588208248426
2022-08-31,-0.007638263659386778
2022-09-01,0.003133110060744031
2022-09-02,-0.010600502545946282
2022-09-06,-0.0037800629416241977
2022-09-07,0.017805369544974532
2022-09-08,0.006514947315122096
2022-09-09,0.015415823947423416
2022-09-12,0.010690232133607043
2022-09-13,-0.04445606361206034
2022-09-14,0.003808466472179648
2022-09-15,-0.011418238404453452
2022-09-16,-0.0076580885307467594
2022-09-19,0.00772500594155852
2022-09-20,-0.011544848371305112
2022-09-21,-0.0175977005714478
2022-09-22,-0.008435369878933618
2022-09-23,-0.016896894052645925
2022-09-26,-0.00994186367985096
2022-09-27,-0.00255607812109835
2022-09-28,0.019485471986071107
2022-09-29,-0.021110354747030158
2022-09-30,-0.015584464718630113
2022-10-03,0.026058925149818873
2022-10-04,0.030516215565690574
2022-10-05,-0.0023307685112704504
2022-10-06,-0.010369772219791903
2022-10-07,-0.028290135265816994
2022-10-10,-0.007664734082646122
2022-10-11,-0.006353017908336644
2022-10-12,-0.003303950505540169
2022-10-13,0.02604903483021522
2022-10-14,-0.02305247173706853
2022-10-17,0.025372289412577454
2022-10-18,0.011681057488246611
2022-10-19,-0.0071117436510672715
2022-10-20,-0.008420671958752724
2022-10-21,0.024010977315256553
2022-10-24,0.012162097128427515
2022-10-25,0.015842578468869196
2022-10-26,-0.007562710743422855
2022-10-27,-0.005354385562173221
2022-10-28,0.023512216296990605
2022-10-31,-0.007249417601968275
2022-11-01,-0.004385690223758502
2022-11-02,-0.025416221083699203
2022-11-03,-0.010350303409109286
2022-11-04,0.014290509205201057
2022-11-07,0.009519874811075774
2022-11-08,0.005381262772836169
2022-11-09,-0.020817540007274652
2022-11-10,0.05349739217630944
2022-11-11,0.00963194795268502
2022-11-14,-0.008543064304617438
2022-11-15,0.008493067685197139
2022-11-16,-0.007658056318397161
2022-11-17,-0.003064582323536427
2022-11-18,0.004530091665984085
2022-11-21,-0.0036428050186230964
2022-11-22,0.013367479164365785
2022-11-23,0.006281738957329823
2022-11-25,-0.00022373211244814623
2022-11-28,-0.016085869642675013
2022-11-29,-0.0017189444279809487
2022-11-30,0.031014632723045533
2022-12-01,-0.0007361571541765107
2022-12-02,-0.0011543328227895324
2022-12-05,-0.01815294961331448
2022-12-06,-0.0145198763803058
2022-12-07,-0.0017025707447058565
2022-12-08,0.007803302223177144
2022-12-09,-0.007497993227609675
2022-12-12,0.014314244055258218
2022-12-13,0.007541324341387413
2022-12-14,-0.006414016344335555
2022-12-15,-0.02476603798603316
2022-12-16,-0.011876146500045866
2022-12-19,-0.008515809518914058
2022-12-20,0.0013673519814845964
2022-12-21,0.014841691349790765
2022-12-22,-0.014368902520478373
2022-12-23,0.005735830651716381
2022-12-27,-0.0039512347404095476
2022-12-28,-0.012505650549171849
2022-12-29,0.017840076700589017
2022-12-30,-0.00263743469103861
2023-01-03,-0.004218902719670098
2023-01-04,0.007690610660292709
2023-01-05,-0.011479121006498373
2023-01-06,0.022673106153111158
2023-01-09,-0.0005670665454086937
2023-01-10,0.006988508716670582
2023-01-11,0.012568380150097355
2023-01-12,0.003634273532492544
2023-01-13,0.0038718226470884675
2023-01-17,-0.0018335132256876799
2023-01-18,-0.015913950121561143
2023-01-19,-0.007306268787614253
2023-01-20,0.01845752374627749
2023-01-23,0.011927289973397754
2023-01-24,-0.001073999573033734
2023-01-25,0.00037490592996471827
2023-01-26,0.010930269312767225
2023-01-27,0.002295075247341636
2023-01-30,-0.012626295865832877
2023-01-31,0.01459624493138966
2023-02-01,0.010571910024741497
2023-02-02,0.01445191414436027
2023-02-03,-0.010685972341271615
2023-02-06,-0.006130091634571851
2023-02-07,0.012993774922845088
2023-02-08,-0.010994914877451648
2023-02-09,-0.00870697025801973
2023-02-10,0.002330893780520852
2023-02-13,0.011670673980675056
2023-02-14,-0.00046030825576702874
2023-02-15,0.003242170771624588
2023-02-16,-0.013864618207881343
2023-02-17,-0.0025011606214530645
2023-02-21,-0.02026477805227119
2023-02-22,-0.0013793151876478414
2023-02-23,0.005305360747558621
2023-02-24,-0.010739885109734093
2023-02-27,0.0034001572363972364
2023-02-28,-0.0037028983388823216
2023-03-01,-0.0038432661808350875
2023-03-02,0.007747122805703225
2023-03-03,0.01591074698618085
2023-03-06,0.0006923755512320023
2023-03-07,-0.01544737632692189
2023-03-08,0.0016307745942190151
2023-03-09,-0.018622106795744824
2023-03-10,-0.014534562183824162
2023-03-13,-0.0014264567505552818
2023-03-14,0.016395069050572253
2023-03-15,-0.006274050918692637
2023-03-16,0.017393034217653952
2023-03-17,-0.011761509463320332
2023-03-20,0.009569682577064613
2023-03-21,0.01304505120820807
2023-03-22,-0.01719346941262077
2023-03-23,0.002699771570585572
2023-03-24,0.006540631627113907
2023-03-27,0.0018679369881394812
2023-03-28,-0.0022470418851527497
2023-03-29,0.014430118512087212
2023-03-30,0.005838306877790604
2023-03-31,0.013996150863705975
2023-04-03,0.003803364858877539
2023-04-04,-0.005563422072954144
2023-04-05,-0.0026216715862509006
2023-04-06,0.0038931992586912515
2023-04-10,0.0010256752385902933
2023-04-11,0.0002687742963911598
2023-04-12,-0.004084450421615124
2023-04-13,0.013195321127763653
2023-04-14,-0.002445869583224088
2023-04-17,0.003581911473720227
2023-04-18,0.0006519893852460119
2023-04-19,-0.0001690643745728345
2023-04-20,-0.005472019457731257
2023-04-21,0.0007767384029077683
2023-04-24,0.0010426297604143769
2023-04-25,-0.016001191717914233
2023-04-26,-0.004244576107932185
2023-04-27,0.019712477674043414
2023-04-28,0.008499006515288962
2023-05-01,-0.001010387470921709
2023-05-02,-0.011302885717494148
2023-05-03,-0.006887604160933424
2023-05-04,-0.007108196442641487
2023-05-05,0.018343357428504653
2023-05-08,0.0002665000468008727
2023-05-09,-0.004394936880353414
2023-05-10,0.004661442738548644
2023-05-11,-0.001745447552027435
2023-05-12,-0.001311145686868487
2023-05-15,0.0034440485543825333
2023-05-16,-0.006705026035181275
2023-05-17,0.012065734456773062
2023-05-18,0.009587235925634173
2023-05-19,-0.001456105534102705
2023-05-22,0.0004058938815549001
2023-05-23,-0.011286156280222828
2023-05-24,-0.00727113204486241
2023-05-25,0.0086224749660422
2023-05-26,0.012867587414573882
2023-05-30,0.00038084248781236656
2023-05-31,-0.0055605591777213486
2023-06-01,0.009456136842057736
2023-06-02,0.014357553920195634
2023-06-05,-0.0019181637566258853
2023-06-06,0.0021751427228151473
2023-06-07,-0.003463722602534097
2023-06-08,0.006030256187603458
2023-06-09,0.0017928466386412227
2023-06-12,0.009030895510601144
2023-06-13,0.006571340100388619
2023-06-14,0.0011900711622040098
2023-06-15,0.012321418523166911
2023-06-16,-0.0034120568042967513
2023-06-20,-0.005201695741710419
2023-06-21,-0.005136705968942053
2023-06-22,0.0036031604054688475
2023-06-23,-0.007588837295251141
2023-06-26,-0.004094114981000864
2023-06-27,0.01090359789310189
2023-06-28,0.0005043361865270429
2023-06-29,0.003933684727781618
2023-06-30,0.011731506918448913
2023-07-03,0.001149960870416442
2023-07-05,-0.0014882980710740645
2023-07-06,-0.007861522192020626
2023-07-07,-0.002527980785710738
2023-07-10,0.0025279807857108384
2023-07-11,0.006348369407133566
2023-07-12,0.008013665182727111
2023-07-13,0.007905539837652078
2023-07-14,-0.0006228851721390206
2023-07-17,0.003466070489950133
2023-07-18,0.007403214389359211
2023-07-19,0.002221237185595913
2023-07-20,-0.00665669747476223
2023-07-21,0.0
2023-07-24,0.004457442500271633
2023-07-25,0.0027263572441163925
2023-07-26,0.00015372052251970915
2023-07-27,-0.006652082057490303
2023-07-28,0.009742700454377282
2023-07-31,0.0019024169354598076
2023-08-01,-0.002865851135848002
2023-08-02,-0.014008363961188272
2023-08-03,-0.0028701312392492265
2023-08-04,-0.00453299727420301
2023-08-07,0.008690676483776558
2023-08-08,-0.004358181183267802
2023-08-09,-0.006707688982516971
2023-08-10,0.00035888150966870575
2023-08-11,-0.0005832478750083127
2023-08-14,0.005504852278700986
2023-08-15,-0.011717316164078565
2023-08-16,-0.007365048938087526
2023-08-17,-0.007649236908213849
2023-08-18,0.00048132443339366453
2023-08-21,0.0064851587373028225
2023-08-22,-0.002712177460964263
2023-08-23,0.011076107363861547
2023-08-24,-0.01395597988681532
2023-08-25,0.0070250291097934394
2023-08-28,0.006321431992621138
2023-08-29,0.014351108323678639
2023-08-30,0.004110379280200903
2023-08-31,-0.001464314943696319
2023-09-01,0.0018634099321286268
2023-09-05,-0.0043313797152885495
2023-09-06,-0.006745168339560467
2023-09-07,-0.0030748535493756906
2023-09-08,0.001504958359734586
2023-09-11,0.006555094070413274
2023-09-12,-0.005500808476584041
2023-09-13,0.0011655503970670516
2023-09-14,0.008585296808516113
2023-09-15,-0.012121536778741608
2023-09-18,0.0005861734581719673
2023-09-19,-0.0020757628657530145
2023-09-20,-0.009236056613543972
2023-09-21,-0.016666282232892186
2023-09-22,-0.002251240398355267
2023-09-25,0.0041964857872929615
2023-09-26,-0.014800218495059041
2023-09-27,0.0003989848483036173
2023-09-28,0.005780761159216433
2023-09-29,-0.0024298282699379537
2023-10-02,-0.0003978708913945505
2023-10-03,-0.01347651004769522
2023-10-04,0.007255634080060157
2023-10-05,-0.0003768535164128942
2023-10-06,0.01180297042342986
2023-10-09,0.006381685300221954
2023-10-10,0.005191367728654039
2023-10-11,0.0040878701581288845
2023-10-12,-0.006115110098297545
2023-10-13,-0.004993373277021758
2023-10-16,0.010466636914395174
2023-10-17,-4.592383705724463e-05
2023-10-18,-0.013414727071155982
2023-10-19,-0.008825094987993887
2023-10-20,-0.012364347862061397
2023-10-23,-0.0017344653937595355
2023-10-24,0.007510983881781263
2023-10-25,-0.014456239225937188
2023-10-26,-0.012046806235743003
2023-10-27,-0.004543148007225397
2023-10-30,0.011884835730961859
2023-10-31,0.006260754890971976
2023-11-01,0.010608300539511133
2023-11-02,0.018982936952764866
2023-11-03,0.009082104868248753
2023-11-06,0.0022978033906764328
2023-11-07,0.0028419889080233724
2023-11-08,0.0007321351155159147
2023-11-09,-0.007829376251478714
2023-11-10,0.015484319530637641
2023-11-13,-0.0009537588566869725
2023-11-14,0.019215048665744867
2023-11-15,0.0021148808133026977
2023-11-16,0.0012224223562811033
2023-11-17,0.00124300050821574
2023-11-20,0.0076681354847308505
2023-11-21,-0.002181816347617833
2023-11-22,0.00385334249938516
2023-11-24,0.0006151509169234858
2023-11-27,-0.001802528657874383
2023-11-28,0.0009895331940109734
2023-11-29,-0.0007036721117525644
2023-11-30,0.0039297588590957964
2023-12-01,0.005898477564019378
2023-12-04,-0.005263262689046162
2023-12-05,-0.0001969830979772495
2023-12-06,-0.0040380394094449
2023-12-07,0.007601448214928293
2023-12-08,0.004290047106470722
2023-12-11,0.0038819800473854416
2023-12-12,0.004556867901530177
2023-12-13,0.01369595676976764
2023-12-14,0.003204076547452278
2023-12-15,-0.0016479239808416628
2023-12-18,0.005609437003128356
2023-12-19,0.006062453400020813
2023-12-20,-0.013954157397648992
2023-12-21,0.00943721860601882
2023-12-22,0.0020076569389475612
2023-12-26,0.004213586249705408
2023-12-27,0.0018065030376105341
2023-12-28,0.0003776574480017819
2023-12-29,-0.00289917915885732
2024-01-02,-0.005612037323891652
2024-01-03,-0.008200256677243124
2024-01-04,-0.0032262246375823313
2024-01-05,0.0013687015220042785
2024-01-08,0.014174949938735193
2024-01-09,-0.0015182798498905065
2024-01-10,0.005639624448004276
2024-01-11,-0.00044082219514477247
2024-01-12,0.0006924736136668201
2024-01-16,-0.003677969929473345
2024-01-17,-0.005574113572440174
2024-01-18,0.008853491005808225
2024-01-19,0.012389037195349856
2024-01-22,0.0021121815427393403
2024-01-23,0.002912263455999765
2024-01-24,0.0010923788985352301
2024-01-25,0.005424341003744032
2024-01-26,-0.00127141168139698
2024-01-29,0.00788828819206892
2024-01-30,-0.0007736548077272741
2024-01-31,-0.01645195743580899
2024-02-01,0.013003211698955009
2024-02-02,0.010472459664550949
2024-02-05,-0.003647936176880345
2024-02-06,0.002899099651106291
2024-02-07,0.008305930286688848
2024-02-08,0.00044158803223511315
2024-02-09,0.005762824110554188
2024-02-12,-0.0004391125916238956
2024-02-13,-0.013868815444122386
2024-02-14,0.009046500390879971
2024-02-15,0.006876043403288824
2024-02-16,-0.004992298446971949
2024-02-20,-0.005520695836548124
2024-02-21,0.0009054805152781886
2024-02-22,0.020484294688889928
2024-02-23,0.0006893781654168484
2024-02-26,-0.0036692764676822323
2024-02-27,0.0018560848401234628
2024-02-28,-0.0013226448309235945
2024-02-29,0.0035886365625693393
2024-03-01,0.009344418515572816
2024-03-04,-0.0010729701735958713
2024-03-05,-0.010044433831981375
2024-03-06,0.005054359486103658
2024-03-07,0.00987753065693371
2024-03-08,-0.006020220745794653
2024-03-11,-0.0008602291344054963
2024-03-12,0.010699918958305637
2024-03-13,-0.0015687361746324097
2024-03-14,-0.00197880382382427
2024-03-15,-0.006890161179735775
2024-03-18,0.005925377121532631
2024-03-19,0.005541871226939804
2024-03-20,0.009206883089198379
2024-03-21,0.00329902010755609
2024-03-22,-0.001897470275145
2024-03-25,-0.002766634949302047
2024-03-26,-0.0018488656038504543
2024-03-27,0.008368965686579338
2024-03-28,-0.0001912236250185193
2024-04-01,-0.001741398388491865
2024-04-02,-0.006378260670031145
2024-04-03,0.001097820904969466
2024-04-04,-0.01228124902525219
2024-04-05,0.010392751814609804
2024-04-08,0.0005591677492168231
2024-04-09,0.0011560440781736576
2024-04-10,-0.010063547146430171
2024-04-11,0.00751859238827473
2024-04-12,-0.013899253636575067
2024-04-15,-0.012607177565992653
2024-04-16,-0.001825537997579715
2024-04-17,-0.005935760247295957
2024-04-18,-0.0020599092446938207
2024-04-19,-0.008766625379368889
2024-04-22,0.009167061334332522
2024-04-23,0.011796628460857926
2024-04-24,-0.0004747200241270341
2024-04-25,-0.0038061433600497492
2024-04-26,0.009429351780170169
2024-04-29,0.0035352962247648307
2024-04-30,-0.01596808983585968
2024-05-01,-0.003252434386046001
2024-05-02,0.009309871920648747
2024-05-03,0.012319043556017473
2024-05-06,0.010273899345865473
2024-05-07,0.0011030053611280172
2024-05-08,9.653141828624296e-05
2024-05-09,0.005745331748304115
2024-05-10,0.0012872749317033082
2024-05-13,0.00013425343870560597
2024-05-14,0.004577760924489339
2024-05-15,0.012306984504407426
2024-05-16,-0.002059664345543783
2024-05-17,0.0014364832035496022
2024-05-20,0.0011516186481526074
2024-05-21,0.0024494134752486626
2024-05-22,-0.0028835635878153875
2024-05-23,-0.007330961447818925
2024-05-24,0.006594835169162738
2024-05-28,0.0006983651857700266
2024-05-29,-0.007027205954460208
2024-05-30,-0.0066558058339552285
2024-05-31,0.00906696799261845
2024-06-03,0.0008149473422351982
2024-06-04,0.0011173542670816954
2024-06-05,0.011815209827926082
2024-06-06,-1.8943322748228847e-05
2024-06-07,-0.0012162807591576666
2024-06-10,0.0030850289978756403
2024-06-11,0.002405324276251383
2024-06-12,0.00817942039510849
2024-06-13,0.002011508440890245
2024-06-14,0.00060813571757503
2024-06-17,0.007927489938320435
2024-06-18,0.002537597073665159
2024-06-20,-0.0027205701860997084
2024-06-21,-0.0013414915188569943
2024-06-24,-0.0032558074186296707
2024-06-25,0.0038434532800629036
2024-06-26,0.0012474877967871068
2024-06-27,0.0015751677692727774
2024-06-28,-0.003942982169885508
2024-07-01,0.00205588833347297
2024-07-02,0.006707310307836776
2024-07-03,0.0044527036595634105
2024-07-05,0.005749907876923222
2024-07-08,0.0011531627259042687
2024-07-09,0.0009720073332111152
2024-07-10,0.009846668354302415
2024-07-11,-0.008660003236682213
2024-07-12,0.00628784672251405
2024-07-15,0.002746234574301277
2024-07-16,0.005912567842231731
2024-07-17,-0.01412017750830266
2024-07-18,-0.00771449269017917
2024-07-19,-0.00666297735702711
2024-07-22,0.010257253083666889
2024-07-23,-0.0015698653017631335
2024-07-24,-0.0229232217292733
2024-07-25,-0.00522389781809337
2024-07-26,0.011137458155575115
2024-07-29,0.0005874924472396342
2024-07-30,-0.005079226648964054
2024-07-31,0.016123779137359535
2024-08-01,-0.014262251516935196
2024-08-02,-0.01879377609199486
2024-08-05,-0.029556273913278065
2024-08-06,0.009177404624741828
2024-08-07,-0.006706613914566598
2024-08-08,0.02285427749925834
2024-08-09,0.0044000587291470284
2024-08-12,0.0005250863263420588
2024-08-13,0.016312008996928768
2024-08-14,0.0031497556912539145
2024-08-15,0.016994895893336456
2024-08-16,0.0022395823466458136
2024-08-19,0.0095158389381467
2024-08-20,-0.0016273262378447124
2024-08-21,0.0034306615385566665
2024-08-22,-0.007879428239905761
2024-08-23,0.010569146676347516
2024-08-26,-0.0023865150481106206
2024-08-27,0.0013722678056375614
2024-08-28,-0.005822277223462519
2024-08-29,8.951821015109205e-05
2024-08-30,0.009500711609878811
2024-09-03,-0.02079369435930284
2024-09-04,-0.002048748391206014
2024-09-05,-0.0024353410838402656
2024-09-06,-0.01697328104557086
2024-09-09,0.01113398651894169
2024-09-10,0.004346212941568779
2024-09-11,0.010206681706174558
2024-09-12,0.008388007445118225
2024-09-13,0.005209258259204788
2024-09-16,0.0014757015029014883
2024-09-17,0.0004085962914658302
2024-09-18,-0.0029702475783927105
2024-09-19,0.016920417068611568
2024-09-20,-0.001730022308289763
2024-09-23,0.0024955984564345216
2024-09-24,0.002857246549837139
2024-09-25,-0.002207888302492943
2024-09-26,0.003956908775055431
2024-09-27,-0.0014516330811075475
2024-09-30,0.003999330024164235
2024-10-01,-0.008998800666687687
2024-10-02,0.000421992719650843
2024-10-03,-0.001829849680570939
2024-10-04,0.00904622870774709
2024-10-07,-0.009081461481495611
2024-10-08,0.009413097770271649
2024-10-09,0.006902583620627523
2024-10-10,-0.0017517020755317186
2024-10-11,0.005970409622942928
2024-10-14,0.008144975510453562
2024-10-15,-0.0077998623098996245
2024-10-16,0.004337078571955299
2024-10-17,8.567303132898711e-05
2024-10-18,0.003839100863365285
2024-10-21,-0.0016434484965963396
2024-10-22,-0.0005313397958802228
2024-10-23,-0.009179212885906682
2024-10-24,0.0021602841090140345
2024-10-25,-0.0003454350047973738
2024-10-28,0.0030866576271853827
2024-10-29,0.0016169776628493643
2024-10-30,-0.0030296026872412524
2024-10-31,-0.019797963432215397
2024-11-01,0.00421156957670027
2024-11-04,-0.002156229908044965
2024-11-05,0.012019296392962288
2024-11-06,0.024561573185624373
2024-11-07,0.007702320909745663
2024-11-08,0.004322491038592225
2024-11-11,0.0009521646996652316
2024-11-12,-0.003110970643665825
2024-11-13,0.0004856514648737181
2024-11-14,-0.006450987500950271
2024-11-15,-0.012891449069122629
2024-11-18,0.004089116364646489
2024-11-19,0.003648712427977012
2024-11-20,0.00033884693030040655
2024-11-21,0.005353982844241787
2024-11-22,0.0030945902116076775
2024-11-25,0.003386203946960252
2024-11-26,0.0052080002298693
2024-11-27,-0.0030346597241055645
2024-11-29,0.006192849565569897
2024-12-02,0.001790963240444145
2024-12-03,0.0004633663125255554
2024-12-04,0.006190506460105018
2024-12-05,-0.0016469558453838266
2024-12-06,0.0018938421023573637
2024-12-09,-0.005163034061252135
2024-12-10,-0.003113859477937577
2024-12-11,0.007700833038749144
2024-12-12,-0.005165811223291085
2024-12-13,-0.00019853872071488776
2024-12-16,0.004260892607329823
2024-12-17,-0.004128768977875235
2024-12-18,-0.030256520766793266
2024-12-19,-0.0003071524575040355
2024-12-20,0.011939437265177957
2024-12-23,0.005970465013517244
2024-12-24,0.011053541106187552
2024-12-26,6.683036504476618e-05
2024-12-27,-0.010582515737152503
2024-12-30,-0.011477221849949032
2024-12-31,-0.0036446847833234448
2025-01-02,-0.0024600674771376447
2025-01-03,0.012425951027439135
2025-01-06,0.005744033493090688
2025-01-07,-0.011368392539831382
2025-01-08,0.0014599780364298663
2025-01-10,-0.015385229890816907
2025-01-13,0.001549346330506105
2025-01-14,0.001374983513596442
2025-01-15,0.01802662476142769
2025-01-16,-0.0019251302809906758
2025-01-17,0.009989888126204568
2025-01-21,0.00911184153609896
2025-01-22,0.005605624445609139
2025-01-23,0.0054432831164887225
2025-01-24,-0.002923547955896641
2025-01-27,-0.014246265141828212
2025-01-28,0.008555640495708075
2025-01-29,-0.0044929980271374926
2025-01-30,0.0053527269690866785
2025-01-31,-0.005336264620740578
2025-02-03,-0.006752188748741362
2025-02-04,0.006685823251079387
2025-02-05,0.0040465081606990945
2025-02-06,0.003469485562323637
2025-02-07,-0.009195631719871061
2025-02-10,0.0067682358555795335
2025-02-11,0.0007602428865703221
2025-02-12,-0.0032267956829822282
2025-02-13,0.010502227295592378
2025-02-14,-4.915336877765427e-05
2025-02-18,0.002931466307709479
2025-02-19,0.0023522760284255726
2025-02-20,-0.004169143880379405
2025-02-21,-0.017252048995169477
2025-02-24,-0.004560658050286892
2025-02-25,-0.004985667960468419
2025-02-26,0.0005047276523352883
2025-02-27,-0.016090692718088075
2025-02-28,0.015484988958083439
2025-03-03,-0.017675163929164895
2025-03-04,-0.011907507261230079
2025-03-05,0.010690354858783868
2025-03-06,-0.017910437154269213
2025-03-07,0.005589214198181434
2025-03-10,-0.026996709750957863
2025-03-11,-0.008347592381907083
2025-03-12,0.005292522344748348
2025-03-13,-0.013420177072022468
2025-03-14,0.020445389974660638
2025-03-17,0.00768163565547106
2025-03-18,-0.010867171874899478
2025-03-19,0.010831906618755681
2025-03-20,-0.0028958818324559083
2025-03-21,0.0003298658402161609
2025-03-24,0.01775008426797725
2025-03-25,0.0024007823092283237
2025-03-26,-0.012010067262381878
2025-03-27,-0.002659284863130742
2025-03-28,-0.020343714466003155
2025-03-31,0.006690341369994916
2025-04-01,0.0028204874356634155
2025-04-02,0.006308493665045585
2025-04-03,-0.05053652929189468
2025-04-04,-0.060326675171205664
2025-04-07,-0.0017827814203064058
2025-04-08,-0.015786671024523878
2025-04-09,0.09986278391659298
2025-04-10,-0.044808164846050234
2025-04-11,0.017685395006403478
2025-04-14,0.009654795728337464
2025-04-15,-0.0028047392406681144
2025-04-16,-0.022478915868915324
2025-04-17,0.0014259098046638316
2025-04-21,-0.024090563717786426
2025-04-22,0.02568505548438023
2025-04-23,0.015376643965653828
2025-04-24,0.020830547015513994
2025-04-25,0.007199286808822397
2025-04-28,0.0003812293734920367
2025-04-29,0.006279582464638656
2025-04-30,0.0003967340036316154
2025-05-01,0.007062032092100689
2025-05-02,0.014735033338764254
2025-05-05,-0.005750908210447426
2025-05-06,-0.00839344835526772
2025-05-07,0.004196729249441555
2025-05-08,0.006943736889946084
2025-05-09,-0.0012751464308772592
2025-05-12,0.03251318263492386
2025-05-13,0.0065822298340525425
2025-05-14,0.001277138441893241
2025-05-15,0.004872452698348495
2025-05-16,0.006313998383485037
2025-05-19,0.001093320207623707
2025-05-20,-0.003367792702729912
2025-05-21,-0.016994383379737646
2025-05-22,0.0003945692246958432
2025-05-23,-0.006849289817504448
2025-05-27,0.02057749361541795
2025-05-28,-0.005802110384951137
2025-05-29,0.003939611908384163
2025-05-30,-0.0011191873844055738
2025-06-02,0.005617096261868067
2025-06-03,0.005686392165638516
2025-06-04,-0.00026837630786721444
2025-06-05,-0.0048444841425529205
2025-06-06,0.010216507992027987
2025-06-09,0.0009008769765978307
2025-06-10,0.005653754979559288
2025-06-11,-0.0028560914136342855
2025-06-12,0.003966349722052468
2025-06-13,-0.011243031070609706
2025-06-16,0.009469221553216311
2025-06-17,-0.00858175064837527
2025-06-18,-0.00015075043315051226
2025-06-20,-0.0023511946213761307
2025-06-23,0.00982881092575261
2025-06-24,0.010986736854918454
2025-06-25,0.0005601062999573756
2025-06-26,0.007793534795984752
2025-06-27,0.004956029834652175
2025-06-30,0.0047697123045244375
2025-07-01,-0.000323632079386807
2025-07-02,0.004523032166475909
2025-07-03,0.007850588492425306
2025-07-07,-0.007480020512419195
2025-07-08,-0.000547866269065751
2025-07-09,0.005978718557821743
2025-07-10,0.002816242249871216
2025-07-11,-0.003521519137273235
2025-07-14,0.0019063975979420422
2025-07-15,-0.004282421636416066
2025-07-16,0.003337615079474222
2025-07-17,0.006101040721242929
2025-07-18,-0.0007326812474744512
2025-07-21,0.0018943796948635745
2025-07-22,0.00014311092236799798
2025-07-23,0.008471458892609137
2025-07-24,0.0003310947914258314
2025-07-25,0.004215355509912938
2025-07-28,-0.00025103506196874024
2025-07-29,-0.002641133326156579
2025-07-30,-0.0012601246347007209
2025-07-31,-0.0037582800219577626
2025-08-01,-0.01652617763451541
2025-08-04,0.015085355384855111
2025-08-05,-0.005082764440420212
2025-08-06,0.007630493093452442
2025-08-07,-0.0008379749990245634
2025-08-08,0.007767328747427917
2025-08-11,-0.001979497560583303
2025-08-12,0.010589747830358579
2025-08-13,0.00341730182405768
2025-08-14,9.305657202052432e-05
2025-08-15,-0.002344034961438168
2025-08-18,-0.00021755943935958995
2025-08-19,-0.005439995209500652
2025-08-20,-0.002660619942930772
2025-08-21,-0.004019891234610142
2025-08-22,0.01524006767331853
2025-08-25,-0.004410775275590772
2025-08-26,0.004178295104639576
2025-08-27,0.002275921406955702
2025-08-28,0.003535201726632855
2025-08-29,-0.005981630225622505
2025-09-02,-0.007437888193564877
2025-09-03,0.005404926745351524
2025-09-04,0.00832282071833723
2025-09-05,-0.002900635192256315
2025-09-08,0.0024538143774652382
2025-09-09,0.002309062585920231
2025-09-10,0.0028866837953472123
2025-09-11,0.008275831003020973
2025-09-12,-0.0003346689385492503
2025-09-15,0.005309923421289671
2025-09-16,-0.001377834568811041
2025-09-17,-0.0012432077551662243
2025-09-18,0.004661563154355169
2025-09-19,0.004940649640818598
2025-09-22,0.0047198519222895665
2025-09-23,-0.005458344535398913
2025-09-24,-0.003186705609680798
2025-09-25,-0.004624172513464782
2025-09-26,0.005712795234045289
2025-09-29,0.0028064247447203627
2025-09-30,0.0037597898827210047
2025-10-01,0.0034017768166523053
2025-10-02,0.001151048892017506
2025-10-03,-1.4767471260179647e-05
2025-10-06,0.003579813724412676
2025-10-07,-0.0037143820348426687
2025-10-08,0.005945343779221919
2025-10-09,-0.002901212830195306
2025-10-10,-0.027399797306962
2025-10-13,0.01522754489520044
2025-10-14,-0.0012224016319925188
2025-10-15,0.004429789843934252
2025-10-16,-0.006833556176281727
2025-10-17,0.005660250871856184
2025-10-20,0.010346762560389149
2025-10-21,-1.4996032452460858e-05
2025-10-22,-0.00521237682733995
2025-10-23,0.00591237858353294
2025-10-24,0.008139356488562998
2025-10-27,0.011728661579555206
2025-10-28,0.0026524780243792965
2025-10-29,0.0004801823927854593
2025-10-30,-0.011059071647525216
2025-10-31,0.0032749122269395553
2025-11-03,0.001874928310857186
2025-11-04,-0.011924353295924664
2025-11-05,0.003459398571762206
2025-11-06,-0.010787307565268271
2025-11-07,0.0009840232716329205
2025-11-10,0.015483937510288556
2025-11-11,0.0022865335909522055
2025-11-12,0.0005562438741300194
2025-11-13,-0.016733244574677203
2025-11-14,-0.00016359948124937914
2025-11-17,-0.009360194188340132
2025-11-18,-0.008432917870575445
2025-11-19,0.0038557567903246847
2025-11-20,-0.015359695168779277
2025-11-21,0.009911937023691694
2025-11-24,0.014611241086193577
2025-11-25,0.009361939618760542
2025-11-26,0.00687985444759878
2025-11-28,0.0054435632273936016
2025-12-01,-0.00457586894038492
2025-12-02,0.001850496049688355
2025-12-03,0.003456786217426821
2025-12-04,0.0007307890626128348
2025-12-05,0.0018977350040129193
2025-12-08,-0.003008799415334641
2025-12-09,-0.0008635176910706599
2025-12-10,0.006610371282859594
2025-12-11,0.002324244979309141
2025-12-12,-0.010810279077722362
2025-12-15,-0.0015119402890506838
2025-12-16,-0.002736037133594218
2025-12-17,-0.01106460773219221
2025-12-18,0.007522963990016468
2025-12-19,0.009022618958016409
2025-12-22,0.006210566721978087
2025-12-23,0.004560042005282501
2025-12-24,0.0035114479496600164
2025-12-26,-0.0001014201750952399
2025-12-29,-0.0035699930558561223
2025-12-30,-0.0012218468855631148
2025-12-31,-0.0074365500962735335
2026-01-02,0.0018313617663269853
2026-01-05,0.006638033243240065
2026-01-06,0.005929568682081867
2026-01-07,-0.0032285629973805552
2026-01-08,-0.00010153783677743937
2026-01-09,0.006591570183952557
2026-01-12,0.0015692219387488094
2026-01-13,-0.002001476724789629
2026-01-14,-0.004927356850498766
2026-01-15,0.0027195131661778946
2026-01-16,-0.0008382252035026964
2026-01-20,-0.020566840670864645
2026-01-21,0.0114749889632404
2026-01-22,0.005209636268787033
2026-01-23,0.00036271445090017455
2026-01-26,0.005065296757285074
2026-01-27,0.003976348566725876
2026-01-28,-0.00010067497120472829
2026-01-29,-0.0019863539443873905
2026-01-30,-0.0029870370168700792
2026-02-02,0.004959045712933714
2026-02-03,-0.008491346084250548
2026-02-04,-0.004855691490926631
2026-02-05,-0.012567856956365418
2026-02-06,0.019003005567205973
2026-02-09,0.004810244305276485
2026-02-10,-0.00264064386524897
2026-02-11,-0.000231085512616827
2026-02-12,-0.015569451553392327
2026-02-13,0.0007042374603937072
2026-02-17,0.0016121662321053362
2026-02-18,0.005025111493454597
2026-02-19,-0.0026409180968155325
2026-02-20,0.0072058400517004155
2026-02-23,-0.010263807839928392
2026-02-24,0.007242165031108853
2026-02-25,0.008402945104341215
2026-02-26,-0.005569959857260949
2026-02-27,-0.004813509630285336
2026-03-02,0.0005684172026597193
2026-03-03,-0.008853414553509194
2026-03-04,0.007030536114047319
2026-03-05,-0.005591148225550186
2026-03-06,-0.013193791611277716
2026-03-09,0.008721878607696682
2026-03-10,-0.001608419719141641
2026-03-11,-0.0012559513052689201
2026-03-12,-0.015301420789775961
2026-03-13,-0.005676188622551868
2026-03-16,0.010125430484197413
2026-03-17,0.002627101016221855
2026-03-18,-0.014051912692600945
2026-03-19,-0.0024673819700690397
2026-03-20,-0.01443952585884218
2026-03-23,0.010445276906504148
2026-03-24,-0.0033624966130463346
2026-03-25,0.005557288574735996
2026-03-26,-0.018020135919566853
2026-03-27,-0.01719894102480063
2026-03-30,-0.003349064243429706
2026-03-31,0.028653466042465783
