Date,c
2001-01-02,
2001-01-03,
2001-01-04,
2001-01-05,
2001-01-08,
2001-01-09,
2001-01-10,
2001-01-11,
2001-01-12,
2001-01-16,
2001-01-17,
2001-01-18,
2001-01-19,
2001-01-22,
2001-01-23,
2001-01-24,
2001-01-25,
2001-01-26,
2001-01-29,
2001-01-30,
2001-01-31,
2001-02-01,0.06838875133792935
2001-02-02,-0.0014823352157858824
2001-02-05,0.016656717638237215
2001-02-06,0.04689437629997608
2001-02-07,0.03400026915120073
2001-02-08,0.024919029207055736
2001-02-09,-0.002159242670321827
2001-02-12,0.008283669691368999
2001-02-13,0.001967825896125886
2001-02-14,-0.0059174570193243105
2001-02-15,-0.0008476763802056168
2001-02-16,-0.03304606372695244
2001-02-20,-0.042883970076060665
2001-02-21,-0.0713194486312859
2001-02-22,-0.07765264543972465
2001-02-23,-0.08741497214583809
2001-02-26,-0.06382795057662413
2001-02-27,-0.0719670640095485
2001-02-28,-0.09717892409499851
2001-03-01,-0.10069436207693266
2001-03-02,-0.10299534095367859
2001-03-05,-0.10051546896431575
2001-03-06,-0.06687564217581717
2001-03-07,-0.06707982123863258
2001-03-08,-0.0630279671578456
2001-03-09,-0.0878693042976798
2001-03-12,-0.11988810145795463
2001-03-13,-0.09393055125128208
2001-03-14,-0.12526332324707232
2001-03-15,-0.11680086795821976
2001-03-16,-0.13554810762716543
2001-03-19,-0.12505230688410782
2001-03-20,-0.12996676562515003
2001-03-21,-0.13156599838115463
2001-03-22,-0.11996160833077531
2001-03-23,-0.09168322229742684
2001-03-26,-0.07223203585765958
2001-03-27,-0.07305970740445246
2001-03-28,-0.09179930746069162
2001-03-29,-0.06809204380038736
2001-03-30,-0.06289908208328528
2001-04-02,-0.07649169123737536
2001-04-03,-0.11952303148949776
2001-04-04,-0.12604988021068178
2001-04-05,-0.09597397229569513
2001-04-06,-0.1124030607469125
2001-04-09,-0.07131871869358776
2001-04-10,-0.009496271277706737
2001-04-11,-0.025106182495334268
2001-04-12,0.012837005001208898
2001-04-16,0.0020093153466902366
2001-04-17,0.036286871036037414
2001-04-18,0.05512016528518247
2001-04-19,0.0955492546069699
2001-04-20,0.10348828632576393
2001-04-23,0.09537551303862755
2001-04-24,0.06017196422875251
2001-04-25,0.0604931035917182
2001-04-26,0.044712520648641924
2001-04-27,0.08925494403889604
2001-04-30,0.0924092370229211
2001-05-01,0.08506000514454437
2001-05-02,0.10481771627538267
2001-05-03,0.1259731429205647
2001-05-04,0.13868203791057718
2001-05-07,0.09281856437884121
2001-05-08,0.10767005944773976
2001-05-09,0.09240109426282882
2001-05-10,0.0772632267814457
2001-05-11,0.06964964967118993
2001-05-14,0.053646376650713
2001-05-15,0.06883376300781058
2001-05-16,0.07811832010787689
2001-05-17,0.04069327138060025
2001-05-18,0.03203208735435987
2001-05-21,0.055841040019155935
2001-05-22,0.07286883294098453
2001-05-23,0.06117627822286156
2001-05-24,0.05111855382551653
2001-05-25,0.03478974443532302
2001-05-29,0.010282022253514775
2001-05-30,-0.010795509197748403
2001-05-31,-0.008695606037807129
2001-06-01,-0.000709829389019819
2001-06-04,0.016867707068848273
2001-06-05,0.011400719315527788
2001-06-06,0.011733816712418937
2001-06-07,0.01580371614276747
2001-06-08,0.01068689378582466
2001-06-11,0.0006351295892084588
2001-06-12,0.0058159660569521215
2001-06-13,-0.004796109309529793
2001-06-14,-0.03210207887798908
2001-06-15,-0.05379344295241242
2001-06-18,-0.06019730206297938
2001-06-19,-0.060393663499383375
2001-06-20,-0.06976761495496465
2001-06-21,-0.057185917682692766
2001-06-22,-0.04794506849050456
2001-06-25,-0.060120831452241355
2001-06-26,-0.04964469543071296
2001-06-27,-0.042227168286016865
2001-06-28,-0.02262089012468931
2001-06-29,-0.024118213622835116
2001-07-02,-0.017889923937194487
2001-07-03,-0.02293222701702703
2001-07-05,-0.05402603420252432
2001-07-06,-0.06753551202937132
2001-07-09,-0.06568403477075314
2001-07-10,-0.06846148951054411
2001-07-11,-0.06033591029553202
2001-07-12,-0.03512921280642459
2001-07-13,-0.017886027253365185
2001-07-16,-0.007789822647051653
2001-07-17,-8.200275047316703e-05
2001-07-18,-0.0020636640959603094
2001-07-19,0.0022961433867074083
2001-07-20,-0.008942979346164994
2001-07-23,-0.04012524340054255
2001-07-24,-0.04197505639100066
2001-07-25,-0.02176029170222743
2001-07-26,-0.009922123066586871
2001-07-27,-0.005530286257713194
2001-07-30,-0.010699581658248773
2001-07-31,-0.010248035055497443
2001-08-01,-0.016406201024267666
2001-08-02,-0.012079164837599249
2001-08-03,0.0021346474022561567
2001-08-06,0.010445292683424643
2001-08-07,0.008898306494091745
2001-08-08,0.0022802084880603323
2001-08-09,0.004214486532286734
2001-08-10,-0.0158026445921828
2001-08-13,-0.024177308478242673
2001-08-14,-0.012001253253678935
2001-08-15,-0.029992324990279217
2001-08-16,-0.019695467704454028
2001-08-17,-0.0445599796957224
2001-08-20,-0.029353325665682866
2001-08-21,-0.026666348889168173
2001-08-22,-0.006643853483744725
2001-08-23,-0.021214398842123717
2001-08-24,-0.011112302833611708
2001-08-27,-0.02091094786494804
2001-08-28,-0.035972859346380615
2001-08-29,-0.049062239149738104
2001-08-30,-0.07470711067112362
2001-08-31,-0.07149555839754235
2001-09-04,-0.07243179488549345
2001-09-05,-0.0564258067854137
2001-09-06,-0.08643125568321157
2001-09-07,-0.08639031164607373
2001-09-10,-0.07717917556447279
2001-09-17,-0.1342854806840329
2001-09-18,-0.1369368471144176
2001-09-19,-0.1569076177082559
2001-09-20,-0.18053038590798326
2001-09-21,-0.19483873446237016
2001-09-24,-0.14414333316647468
2001-09-25,-0.1429790705114147
2001-09-26,-0.12931728119992847
2001-09-27,-0.13098285675081603
2001-09-28,-0.10639114434304563
2001-10-01,-0.12856301200991124
2001-10-02,-0.1100940049835245
2001-10-03,-0.07873765930860491
2001-10-04,-0.06893861754471561
2001-10-05,-0.051494199028696334
2001-10-08,-0.06534123595626289
2001-10-09,-0.06429070825357323
2001-10-10,-0.04472786450700595
2001-10-11,-0.0032305649018509286
2001-10-12,0.010893652972831689
2001-10-15,-0.0030937607018850237
2001-10-16,0.05686285613626812
2001-10-17,0.03775865090352988
2001-10-18,0.05600903223695441
2001-10-19,0.0876537267648985
2001-10-22,0.1180560716302325
2001-10-23,0.0783757183841439
2001-10-24,0.06533682913528342
2001-10-25,0.0866741853889746
2001-10-26,0.07576859301178608
2001-10-29,0.028413124876863538
2001-10-30,0.017963957912054105
2001-10-31,0.002081392930710863
2001-11-01,0.010746881085333731
2001-11-02,0.01670583402812181
2001-11-05,0.0316669993459111
2001-11-06,0.05363771429749422
2001-11-07,0.05766713999218046
2001-11-08,0.038751846873868706
2001-11-09,0.024426023334985274
2001-11-12,0.022842523006331272
2001-11-13,0.046915534446136484
2001-11-14,0.04158143500037204
2001-11-15,0.06491533537611664
2001-11-16,0.06260541222706478
2001-11-19,0.07551058156800572
2001-11-20,0.04754150998354612
2001-11-21,0.04602740671946488
2001-11-23,0.0629722984622702
2001-11-26,0.047337412796233706
2001-11-27,0.045279125187139196
2001-11-28,0.053366866882086667
2001-11-29,0.07885370519175171
2001-11-30,0.07508663159706021
2001-12-03,0.043814893774680584
2001-12-04,0.05381171880978364
2001-12-05,0.05894369221543747
2001-12-06,0.043011547524741164
2001-12-07,0.03767710864318961
2001-12-10,0.015684779963705694
2001-12-11,0.012606600460351175
2001-12-12,0.019884990071801906
2001-12-13,-0.021977576209779897
2001-12-14,-0.013432840886709914
2001-12-17,-0.00497418337829287
2001-12-18,0.005406512234723312
2001-12-19,0.0001732884899283397
2001-12-20,-0.0013076197349379582
2001-12-21,0.01138145467784293
2001-12-24,-0.004812353304137746
2001-12-26,-0.0014947079011588225
2001-12-27,0.008876982433339438
2001-12-28,0.02663177822766548
2001-12-31,-0.0015407974290055763
2002-01-02,0.016327121956954106
2002-01-03,0.0335829647939305
2002-01-04,0.02344212033889216
2002-01-07,-0.001776068318023601
2002-01-08,-0.0035794198465434646
2002-01-09,-0.005095924772249621
2002-01-10,0.01818685917182073
2002-01-11,0.010330968631952693
2002-01-14,0.0029085496805642285
2002-01-15,0.030634875486534686
2002-01-16,0.0006894708566101533
2002-01-17,-0.002093993945486653
2002-01-18,-0.012610033435806751
2002-01-22,-0.02654751740084825
2002-01-23,-0.009028599190468483
2002-01-24,-0.011989833583071615
2002-01-25,-0.01033816626167976
2002-01-28,-0.01308832584334541
2002-01-29,-0.0510847746863563
2002-01-30,-0.03625312209989943
2002-01-31,-0.009846929868779624
2002-02-01,-0.025244467069728965
2002-02-04,-0.06168972267800139
2002-02-05,-0.07455260593048128
2002-02-06,-0.07178561082985657
2002-02-07,-0.07574628034114664
2002-02-08,-0.04857794601570458
2002-02-11,-0.04079315486463032
2002-02-12,-0.03406950248189164
2002-02-13,-0.01721950575656385
2002-02-14,-0.0272008514192992
2002-02-15,-0.01725473064135124
2002-02-19,-0.04415549500714798
2002-02-20,-0.022884857032727773
2002-02-21,-0.03689198115314769
2002-02-22,-0.03221954885080401
2002-02-25,-0.018931564021412266
2002-02-26,-0.02073380625052261
2002-02-27,-0.019600213468976703
2002-02-28,0.007858008600527449
2002-03-01,0.016577944099664697
2002-03-04,0.02245318930519828
2002-03-05,0.02394463576609582
2002-03-06,0.06091909711698052
2002-03-07,0.06498495340041918
2002-03-08,0.07349686792474447
2002-03-11,0.08190672103400055
2002-03-12,0.062327959216821265
2002-03-13,0.040448496873437434
2002-03-14,0.042214266982685586
2002-03-15,0.0411313580995883
2002-03-18,0.043174981717149834
2002-03-19,0.06033403170424324
2002-03-20,0.060733476591597654
2002-03-21,0.04448128340423108
2002-03-22,0.06323442867885426
2002-03-25,0.03843021749403531
2002-03-26,0.027848498195799293
2002-03-27,0.032536877132161635
2002-03-28,0.028240662387302093
2002-04-01,0.03316580733283821
2002-04-02,0.00461718863322885
2002-04-03,-0.019946375147379666
2002-04-04,-0.020907017253877593
2002-04-05,-0.0325336335721101
2002-04-08,-0.028262301196217438
2002-04-09,-0.03948018673726815
2002-04-10,-0.03035376474163833
2002-04-11,-0.05493640125706792
2002-04-12,-0.03776750189637318
2002-04-15,-0.044045597499928535
2002-04-16,-0.030021496764187815
2002-04-17,-0.03231483747978801
2002-04-18,-0.04332597453563123
2002-04-19,-0.0206913252078586
2002-04-22,-0.037919731159983434
2002-04-23,-0.04008303439385582
2002-04-24,-0.037669873978620746
2002-04-25,-0.04291337121704614
2002-04-26,-0.06471928401552135
2002-04-29,-0.06923019102132402
2002-04-30,-0.060352449486274974
2002-05-01,-0.04267387965626032
2002-05-02,-0.039482095812547816
2002-05-03,-0.046228244653706146
2002-05-06,-0.06621443161872134
2002-05-07,-0.07185598732998061
2002-05-08,-0.028308075482749072
2002-05-09,-0.05119534213291741
2002-05-10,-0.045035305635309754
2002-05-13,-0.03238029243313601
2002-05-14,-0.00317064997759568
2002-05-15,-0.030586959076388146
2002-05-16,-0.02328632014997628
2002-05-17,-0.014057365521113174
2002-05-20,-0.0285756800523125
2002-05-21,-0.02093885073649823
2002-05-22,-0.0143992775318612
2002-05-23,0.006286982563626498
2002-05-24,-0.007150621791377275
2002-05-28,0.006589860879675394
2002-05-29,0.004109162587155136
2002-05-30,-0.008005226371350375
2002-05-31,-0.018115534848062147
2002-06-03,-0.04120136843996393
2002-06-04,-0.02780498208806012
2002-06-05,0.0013260632758151513
2002-06-06,-0.015727504587488613
2002-06-07,-0.05341532302516313
2002-06-10,-0.037925476700557036
2002-06-11,-0.03621400875886123
2002-06-12,-0.05028375617019342
2002-06-13,-0.08192662707742601
2002-06-14,-0.0794962718088778
2002-06-17,-0.05820318924443481
2002-06-18,-0.05495420243367333
2002-06-19,-0.06769138580512805
2002-06-20,-0.07139411792256567
2002-06-21,-0.08935903032961642
2002-06-24,-0.09472623564730895
2002-06-25,-0.10453847837818692
2002-06-26,-0.09745655569374886
2002-06-27,-0.07268088441631457
2002-06-28,-0.07461894257289353
2002-07-01,-0.0963680390490117
2002-07-02,-0.09088792648461727
2002-07-03,-0.08770477043174536
2002-07-05,-0.05801279760417587
2002-07-08,-0.05000956429523635
2002-07-09,-0.07435762862852148
2002-07-10,-0.11530203117982864
2002-07-11,-0.0898858317153578
2002-07-12,-0.10699221528950587
2002-07-15,-0.09158052125713319
2002-07-16,-0.10956721894625825
2002-07-17,-0.13405224801447305
2002-07-18,-0.17511939363583487
2002-07-19,-0.18733040593364872
2002-07-22,-0.20454846986478328
2002-07-23,-0.21654279061261988
2002-07-24,-0.1638173288543657
2002-07-25,-0.14965082664664428
2002-07-26,-0.13242084568139012
2002-07-29,-0.10220318652450013
2002-07-30,-0.0845156006615445
2002-07-31,-0.062404594721709845
2002-08-01,-0.06739909765912874
2002-08-02,-0.0957397174601893
2002-08-05,-0.17017057347805706
2002-08-06,-0.12449713696159205
2002-08-07,-0.08170013094859785
2002-08-08,-0.012782518499510244
2002-08-09,-0.01715916907593482
2002-08-12,-0.01348201462112688
2002-08-13,-0.03717845087859825
2002-08-14,0.0181649692735964
2002-08-15,0.029963173760661228
2002-08-16,0.059900757976058316
2002-08-19,0.11884466995924046
2002-08-20,0.138280037650077
2002-08-21,0.18033910433578815
2002-08-22,0.13205584012251823
2002-08-23,0.11884070748451117
2002-08-26,0.1069240790217621
2002-08-27,0.04774484663502732
2002-08-28,0.012674839176899752
2002-08-29,0.010692843262802005
2002-08-30,0.033233230904463146
2002-09-03,0.01702243335074883
2002-09-04,0.0666095947774626
2002-09-05,0.024977118104764814
2002-09-06,0.021337111959082562
2002-09-09,-0.0031934098531762683
2002-09-10,0.004481174018413779
2002-09-11,0.005612554233687211
2002-09-12,0.00538059829233368
2002-09-13,-0.02804060559617605
2002-09-16,-0.0393748005868427
2002-09-17,-0.059559708369773375
2002-09-18,-0.09274564838508387
2002-09-19,-0.10831969596955557
2002-09-20,-0.12229261431756054
2002-09-23,-0.14017312482026975
2002-09-24,-0.13469163760958397
2002-09-25,-0.11716178770266295
2002-09-26,-0.08931977506861677
2002-09-27,-0.10257844950416256
2002-09-30,-0.11468128637582954
2002-10-01,-0.0638359130271947
2002-10-02,-0.055394746689928206
2002-10-03,-0.07971928178397299
2002-10-04,-0.08971165850578176
2002-10-07,-0.12424495023787595
2002-10-08,-0.11600253566930352
2002-10-09,-0.15605953480282186
2002-10-10,-0.1179439657291934
2002-10-11,-0.05648703808195325
2002-10-14,-0.05337464946956839
2002-10-15,-0.008854232540650705
2002-10-16,-0.010207694378433971
2002-10-17,0.019540260567088564
2002-10-18,0.049940937304424254
2002-10-21,0.06672216503381322
2002-10-22,0.06770100250536054
2002-10-23,0.09153637005645772
2002-10-24,0.04644422884124004
2002-10-25,0.05082640384304183
2002-10-28,0.07964354858389273
2002-10-29,0.07963881292352971
2002-10-30,0.042369912762142595
2002-10-31,0.06258179044439552
2002-11-01,0.09231253604442555
2002-11-04,0.1203104051452038
2002-11-05,0.14906483094928438
2002-11-06,0.14638825578299458
2002-11-07,0.15022830506590362
2002-11-08,0.10604265661396169
2002-11-11,0.047567507415994095
2002-11-12,0.04989750324820217
2002-11-13,0.003938503131839795
2002-11-14,0.04716593229056362
2002-11-15,0.03484491282859
2002-11-18,0.02054558556665349
2002-11-19,0.00210476360756505
2002-11-20,0.03134020363576733
2002-11-21,0.04222276644493903
2002-11-22,0.055686048521905604
2002-11-25,0.03571851525314788
2002-11-26,0.023055300651362496
2002-11-27,0.06247517033191882
2002-11-29,0.0496260927664988
2002-12-02,0.061448996374911004
2002-12-03,0.02839532607759252
2002-12-04,0.0143801117675781
2002-12-05,-0.0045828489307621146
2002-12-06,-0.010914559531602235
2002-12-09,-0.013979941928798255
2002-12-10,0.011644378015705703
2002-12-11,0.028152247799892352
2002-12-12,0.0201422860674577
2002-12-13,0.0032508214156387228
2002-12-16,0.010088903213061632
2002-12-17,-0.0060352777265109455
2002-12-18,-0.0075445215002204555
2002-12-19,-0.013369202402134687
2002-12-20,-0.021201556817160815
2002-12-23,-0.0393183430989699
2002-12-24,-0.03964169651381538
2002-12-26,-0.039837193104751444
2002-12-27,-0.04335397814177783
2002-12-30,-0.06278043979821683
2002-12-31,-0.05823235204138665
2003-01-02,-0.0281465046832852
2003-01-03,-0.011600566756273158
2003-01-06,0.010404006479080468
2003-01-07,0.019020230435517673
2003-01-08,-0.0020768839865327174
2003-01-09,0.04121794590792114
2003-01-10,0.03058844541488083
2003-01-13,0.02938462595313161
2003-01-14,0.03271512903814094
2003-01-15,0.038579354580174786
2003-01-16,0.008930773359087393
2003-01-17,0.002808429839414762
2003-01-21,-0.0012413446006357283
2003-01-22,-0.006264473898442673
2003-01-23,-0.014326266267275383
2003-01-24,-0.04127578845152764
2003-01-27,-0.04755959329538854
2003-01-28,-0.040639798558247835
2003-01-29,-0.010353382079996294
2003-01-30,-0.04266402414159584
2003-01-31,-0.024902866263107455
2003-02-03,-0.054610671278627385
2003-02-04,-0.06758584065402325
2003-02-05,-0.09128431972019171
2003-02-06,-0.093532693589649
2003-02-07,-0.09124801285068171
2003-02-10,-0.09961858496885789
2003-02-11,-0.10923594009214074
2003-02-12,-0.12498374358434541
2003-02-13,-0.12516237948851325
2003-02-14,-0.09352527099647254
2003-02-18,-0.07196986857606065
2003-02-19,-0.06234953023924046
2003-02-20,-0.05670342881307884
2003-02-21,-0.03449935241498654
2003-02-24,-0.05693971527105459
2003-02-25,-0.022359800523386396
2003-02-26,-0.023273917698251698
2003-02-27,-0.017512238135610404
2003-02-28,-0.01843879548743247
2003-03-03,-0.004034785584610615
2003-03-04,-0.03922106876910446
2003-03-05,-0.03277060071931043
2003-03-06,-0.03128864085113939
2003-03-07,-0.018196494440606233
2003-03-10,-0.037767460129474024
2003-03-11,-0.03538165743643198
2003-03-12,-0.03574632902016677
2003-03-13,0.0051410168066147715
2003-03-14,0.024424424223867085
2003-03-17,0.05239734937799974
2003-03-18,0.036634377848252096
2003-03-19,0.02684583893100801
2003-03-20,0.03427331071423283
2003-03-21,0.06542241427894482
2003-03-24,0.021595670568938418
2003-03-25,0.04745804307669857
2003-03-26,0.034455089327331274
2003-03-27,0.04992681834873909
2003-03-28,0.031736754849137135
2003-03-31,0.002137309312611468
2003-04-01,0.02694878608980588
2003-04-02,0.06690039314566582
2003-04-03,0.053698720792681044
2003-04-04,0.06803391789625787
2003-04-07,0.059240531822884274
2003-04-08,0.08512577989697082
2003-04-09,0.08177093681375976
2003-04-10,0.08058780244262743
2003-04-11,0.042505733097759714
2003-04-14,0.0597356716065856
2003-04-15,0.038009274980240315
2003-04-16,0.014961716668330904
2003-04-17,0.02205077024495414
2003-04-21,0.02089687971999931
2003-04-22,0.01845205314316365
2003-04-23,0.06140484601752895
2003-04-24,0.042940710344589315
2003-04-25,0.03553519901124683
2003-04-28,0.05187271309582337
2003-04-29,0.060413905027222
2003-04-30,0.08122218385889281
2003-05-01,0.0658890447464046
2003-05-02,0.05615510891282778
2003-05-05,0.05900019244602498
2003-05-06,0.06250296915211905
2003-05-07,0.05887900029721802
2003-05-08,0.047173746362378366
2003-05-09,0.07416536670529703
2003-05-12,0.08085971647912546
2003-05-13,0.08318882311996029
2003-05-14,0.0606314538513789
2003-05-15,0.05767222942649774
2003-05-16,0.07233440260975277
2003-05-19,0.03392002588897685
2003-05-20,0.03086286109653182
2003-05-21,0.014240168366073426
2003-05-22,0.014966854870807796
2003-05-23,0.02593066369400687
2003-05-27,0.05571596429555957
2003-05-28,0.04140105342887529
2003-05-29,0.03530505820382858
2003-05-30,0.05338511010243149
2003-06-02,0.05761111132041947
2003-06-03,0.04755858782574807
2003-06-04,0.0638127123881792
2003-06-05,0.05932748294463809
2003-06-06,0.06095857530405305
2003-06-09,0.06084793736954721
2003-06-10,0.05722365942038528
2003-06-11,0.055552685963517374
2003-06-12,0.06043256569639089
2003-06-13,0.05205462607589594
2003-06-16,0.06659964401076812
2003-06-17,0.06912604525366729
2003-06-18,0.09191964122389079
2003-06-19,0.07859378169586052
2003-06-20,0.07433141812258477
2003-06-23,0.05413969667481574
2003-06-24,0.053127427972571514
2003-06-25,0.025687421784024844
2003-06-26,0.0357985841091137
2003-06-27,0.026809850147222543
2003-06-30,0.010595283487877114
2003-07-01,0.015654122200557924
2003-07-02,0.02405952994044185
2003-07-03,-0.0006392826919243627
2003-07-07,0.014087736183363828
2003-07-08,0.02246751112990364
2003-07-09,0.027043235548089437
2003-07-10,0.004109494350352959
2003-07-11,0.0030072375249476768
2003-07-14,0.004796841733294712
2003-07-15,0.01310289296324864
2003-07-16,-0.01365781990964478
2003-07-17,-0.027971520198936384
2003-07-18,-0.016884472679321933
2003-07-21,-0.013943011943579543
2003-07-22,-0.002718847551554466
2003-07-23,0.008296777132905704
2003-07-24,-0.0003049133736021672
2003-07-25,0.02730771259600105
2003-07-28,0.0106717815662749
2003-07-29,0.0176598909507539
2003-07-30,0.01555073017229503
2003-07-31,0.008689907371966246
2003-08-01,-0.012709192289936635
2003-08-04,-0.0023317313594945197
2003-08-05,-0.043432453880284314
2003-08-06,-0.04209945872920405
2003-08-07,-0.025985771359685963
2003-08-08,-0.010324801179581183
2003-08-11,-0.015989002612965167
2003-08-12,-0.011782688359246975
2003-08-13,-0.014733652835921806
2003-08-14,-0.006124247045321912
2003-08-15,0.011306826743712441
2003-08-18,0.009700719218968548
2003-08-19,0.025912099260549104
2003-08-20,0.012824813912494959
2003-08-21,0.015300249248356452
2003-08-22,0.012912321301212122
2003-08-25,-0.0029974443760019107
2003-08-26,0.002500243761635275
2003-08-27,0.007416885476191074
2003-08-28,0.016006353553224894
2003-08-29,0.020416642487843507
2003-09-02,0.04262670697054478
2003-09-03,0.048060050150456855
2003-09-04,0.06998831661775737
2003-09-05,0.058571866389580285
2003-09-08,0.05634178660868821
2003-09-09,0.046908331924174027
2003-09-10,0.03300260866811858
2003-09-11,0.026858202104659418
2003-09-12,0.03385126352160227
2003-09-15,0.027608680665728216
2003-09-16,0.038980767477270355
2003-09-17,0.028452897553857253
2003-09-18,0.03641064499920152
2003-09-19,0.035384520096932465
2003-09-22,0.021341047985598497
2003-09-23,0.03510992200527302
2003-09-24,0.01557064903703438
2003-09-25,0.0055280339744366285
2003-09-26,0.0019324875339908826
2003-09-29,0.005517183212560322
2003-09-30,-0.010965803054505245
2003-10-01,-0.0031966931542561665
2003-10-02,-0.005012141676119823
2003-10-03,0.0036379634876316496
2003-10-06,0.013798262258558127
2003-10-07,0.009410396389030051
2003-10-08,0.013493087530610166
2003-10-09,0.02633041405178247
2003-10-10,0.02616958136618028
2003-10-13,0.027463960056126748
2003-10-14,0.034505288731953694
2003-10-15,0.01735210634539523
2003-10-16,0.023277231378233315
2003-10-17,0.0005757890987272929
2003-10-20,0.013127769742380235
2003-10-21,0.022275179942445454
2003-10-22,0.00581189305071731
2003-10-23,0.021911859931835854
2003-10-24,0.03237811595896809
2003-10-27,0.036156767108127465
2003-10-28,0.03991374901463083
2003-10-29,0.05100357832575122
2003-10-30,0.03200583269618619
2003-10-31,0.02743845501957273
2003-11-03,0.02483640255874346
2003-11-04,0.018128987819092186
2003-11-05,0.015040818304803851
2003-11-06,0.022814595948967786
2003-11-07,0.012673767254565541
2003-11-10,0.005816748915523177
2003-11-11,0.0023798445399894562
2003-11-12,0.010019261206366493
2003-11-13,0.012964989235170116
2003-11-14,0.00047424926027579787
2003-11-17,0.006405554918967265
2003-11-18,-0.01148977029047289
2003-11-19,-0.0013358510999711421
2003-11-20,0.0023153767264859062
2003-11-21,0.008286771270990333
2003-11-24,0.019218927235895057
2003-11-25,0.02251789401334004
2003-11-26,0.012582645155194668
2003-11-28,0.012001611458539632
2003-12-01,0.020658158858063175
2003-12-02,0.01909507126089065
2003-12-03,0.010978293508673475
2003-12-04,0.017248142220227674
2003-12-05,0.009497600800850225
2003-12-08,0.010936651299631443
2003-12-09,0.010642776617886924
2003-12-10,0.014628738733710147
2003-12-11,0.026095389334573085
2003-12-12,0.016878756666667154
2003-12-15,0.011591110292427412
2003-12-16,0.02528025684746718
2003-12-17,0.03345652109863738
2003-12-18,0.055080527322493696
2003-12-19,0.04385396972959822
2003-12-22,0.059825591532421
2003-12-23,0.056328991360242636
2003-12-24,0.04217096271534109
2003-12-26,0.03911864007418618
2003-12-29,0.04876106352680649
2003-12-30,0.04818912217558507
2003-12-31,0.03834264363854301
2004-01-02,0.040405821593140566
2004-01-05,0.05281057580393714
2004-01-06,0.04969053763488839
2004-01-07,0.060056019187348014
2004-01-08,0.05731652562124009
2004-01-09,0.056292558810798844
2004-01-12,0.06374482156187537
2004-01-13,0.046717736445481516
2004-01-14,0.05308979708143098
2004-01-15,0.060559828439715725
2004-01-16,0.059316506164800414
2004-01-20,0.05591527390570375
2004-01-21,0.05258362374987706
2004-01-22,0.052761255180509545
2004-01-23,0.04257866368311562
2004-01-26,0.054445745449577275
2004-01-27,0.045125608356342745
2004-01-28,0.03290713134190556
2004-01-29,0.02065586161539684
2004-01-30,0.020476173895214802
2004-02-02,0.023885688224304955
2004-02-03,0.022666577462312636
2004-02-04,0.003639959989255585
2004-02-05,0.005581794256455401
2004-02-06,0.013369537474561363
2004-02-09,0.009655390887345952
2004-02-10,0.0216526624731172
2004-02-11,0.024860421175290946
2004-02-12,0.027081554898895986
2004-02-13,0.014259494338057422
2004-02-17,0.02078780486470386
2004-02-18,0.012440686980794098
2004-02-19,0.008978827838535057
2004-02-20,-0.0019135023861098946
2004-02-23,-0.00183063972780784
2004-02-24,-0.00034990141485397676
2004-02-25,-0.008667728595253117
2004-02-26,0.0022646844197981362
2004-02-27,0.01444971359777537
2004-03-01,0.023342123752289223
2004-03-02,0.017470663568002594
2004-03-03,0.014979000180244456
2004-03-04,0.019236741739064395
2004-03-05,0.030800962828328622
2004-03-08,0.015605000296472963
2004-03-09,0.0004367519938629878
2004-03-10,-0.016736023482221078
2004-03-11,-0.03301639132037531
2004-03-12,-0.030529663313460215
2004-03-15,-0.03923782302090973
2004-03-16,-0.029439570553469758
2004-03-17,-0.027312660167518942
2004-03-18,-0.022648390660670432
2004-03-19,-0.03336030353746986
2004-03-22,-0.043095071049854695
2004-03-23,-0.04230235987795498
2004-03-24,-0.03973296938902993
2004-03-25,-0.030771020800439013
2004-03-26,-0.0311101855333078
2004-03-29,-0.017854110059065793
2004-03-30,-0.024347154258360922
2004-03-31,-0.017325332902758707
2004-04-01,-0.013148074135501592
2004-04-02,-0.008207040138969774
2004-04-05,-0.006083869636122098
2004-04-06,0.002977341912824457
2004-04-07,0.004634267925052689
2004-04-08,0.019274183584297055
2004-04-12,0.03625417048415796
2004-04-13,0.009080332283549793
2004-04-14,0.023002069308305072
2004-04-15,0.0139110248240243
2004-04-16,0.010463683572321598
2004-04-19,0.01019884925259732
2004-04-20,0.00771378467057242
2004-04-21,0.027169828033933686
2004-04-22,0.04283031035492725
2004-04-23,0.0429704289277838
2004-04-26,0.028421012964635645
2004-04-27,0.029025686313917658
2004-04-28,0.002041104587597915
2004-04-29,-0.010142406823573516
2004-04-30,-0.019102789847601154
2004-05-03,-0.014429177140779244
2004-05-04,-0.022762585562701214
2004-05-05,-0.021838825003299735
2004-05-06,-0.027261018368693938
2004-05-07,-0.04159306594578357
2004-05-10,-0.049651366568564656
2004-05-11,-0.04516039801629803
2004-05-12,-0.02468204291682282
2004-05-13,-0.030443580307629406
2004-05-14,-0.026189634532243877
2004-05-17,-0.0424409129917939
2004-05-18,-0.03741269287212143
2004-05-19,-0.02396231734429496
2004-05-20,-0.02744322326856185
2004-05-21,-0.03963773580513861
2004-05-24,-0.036419502302262596
2004-05-25,-0.020792777636192143
2004-05-26,-0.018186993805072212
2004-05-27,0.0004429338123881759
2004-05-28,0.009168637552850512
2004-06-01,0.0156482368075726
2004-06-02,0.008700264614044911
2004-06-03,0.0002676475315682009
2004-06-04,0.0017728101180023474
2004-06-07,0.025519355015979833
2004-06-08,0.043597283967505625
2004-06-09,0.04456727920604969
2004-06-10,0.041058599515215136
2004-06-14,0.02477025921271618
2004-06-15,0.035984626238531776
2004-06-16,0.03535457928084174
2004-06-17,0.042440912991793804
2004-06-18,0.03929782183006911
2004-06-21,0.03897827621710083
2004-06-22,0.04080252701552164
2004-06-23,0.047648642452354145
2004-06-24,0.04032512765487856
2004-06-25,0.02127857874253385
2004-06-28,0.014366395328637462
2004-06-29,0.01290333198225132
2004-06-30,0.01833212431954532
2004-07-01,0.005682404029526835
2004-07-02,0.0014314410438631615
2004-07-06,0.001858066868485197
2004-07-07,-0.0031062120076251693
2004-07-08,-0.02519027990609782
2004-07-09,-0.02398491214118643
2004-07-12,-0.014178559804247001
2004-07-13,-0.018371864430646027
2004-07-14,-0.011485367364835854
2004-07-15,-0.025003527393746335
2004-07-16,-0.025641388086380303
2004-07-19,-0.02840251421199066
2004-07-20,-0.01766804992692998
2004-07-21,-0.032501944994227656
2004-07-22,-0.034790282781460166
2004-07-23,-0.05177552966074351
2004-07-26,-0.05056216305895742
2004-07-27,-0.036406539674900366
2004-07-28,-0.02997307947061201
2004-07-29,-0.029847553780112068
2004-07-30,-0.032749117292518524
2004-08-02,-0.016695504562708186
2004-08-03,-0.02393772555862484
2004-08-04,-0.015219308341359074
2004-08-05,-0.0346334180414266
2004-08-06,-0.042060301656173624
2004-08-09,-0.04325626892380242
2004-08-10,-0.030889268726967015
2004-08-11,-0.03363679585017942
2004-08-12,-0.04156204722912121
2004-08-13,-0.033124095987228985
2004-08-16,-0.022008502090940806
2004-08-17,-0.012138051013561354
2004-08-18,-0.01452644709997733
2004-08-19,0.0011864022988929222
2004-08-20,0.005445838253258233
2004-08-23,0.011316210144783796
2004-08-24,0.014605798177532173
2004-08-25,0.012043833944967506
2004-08-26,0.009042000156308978
2004-08-27,0.007926928695076302
2004-08-30,-0.0028005494440229758
2004-08-31,0.0003597452319393915
2004-09-01,0.010021014328594365
2004-09-02,0.02136696432213822
2004-09-03,0.03374200186585528
2004-09-07,0.054722119041432996
2004-09-08,0.050835171169356985
2004-09-09,0.037132446685119405
2004-09-10,0.044307219266899206
2004-09-13,0.0585441389421369
2004-09-14,0.058609070745151544
2004-09-15,0.04071110322550179
2004-09-16,0.038104231394139966
2004-09-17,0.032115757248977084
2004-09-20,0.02899995949229786
2004-09-21,0.026353268350626066
2004-09-22,0.016329987364136614
2004-09-23,0.009576310824572866
2004-09-24,0.007388556441696013
2004-09-27,0.0009985210891728105
2004-09-28,0.0026276582742424965
2004-09-29,0.01593609888493635
2004-09-30,0.009986920377995102
2004-10-01,0.024869077683901803
2004-10-04,0.015283467882353935
2004-10-05,0.01990485706824703
2004-10-06,0.020151376181239983
2004-10-07,0.011851966402463164
2004-10-08,0.004420907568401176
2004-10-11,0.003357133795827372
2004-10-12,-0.0038120935013583384
2004-10-13,-0.014674501641098887
2004-10-14,-0.015180748100982326
2004-10-15,-0.012602092363846138
2004-10-18,-0.013077207849687085
2004-10-19,-0.015501857776432773
2004-10-20,-0.021837289856640834
2004-10-21,-0.0027826918231686265
2004-10-22,-0.008689820674977507
2004-10-25,-0.014458913706383868
2004-10-26,0.007107781989226286
2004-10-27,0.014275920680639133
2004-10-28,0.012263864388103193
2004-10-29,0.012802602308176172
2004-11-01,-0.0012329040209895972
2004-11-02,-0.0025499774797784892
2004-11-03,0.009437245672575164
2004-11-04,0.016175052104402742
2004-11-05,0.03320225821813519
2004-11-08,0.04007109701941911
2004-11-09,0.03402615063133721
2004-11-10,0.03869737428887874
2004-11-11,0.05511370312752341
2004-11-12,0.0710754447487234
2004-11-15,0.06794105738895996
2004-11-16,0.05698889090785151
2004-11-17,0.07136174679356613
2004-11-18,0.07469911409121192
2004-11-19,0.057026360907322104
2004-11-22,0.07308461086485475
2004-11-23,0.07579208230935766
2004-11-24,0.06298246267001958
2004-11-26,0.050280070095449235
2004-11-29,0.04269945665783328
2004-11-30,0.043554160714547
2004-12-01,0.052122710252126864
2004-12-02,0.05260866770078488
2004-12-03,0.03942292081868753
2004-12-06,0.02552513839100112
2004-12-07,0.009926762648748949
2004-12-08,0.017202819178591636
2004-12-09,0.02269781696902738
2004-12-10,0.022934781829515777
2004-12-13,0.024032536944534496
2004-12-14,0.019655676774188943
2004-12-15,0.017946271072514473
2004-12-16,0.02455146211917017
2004-12-17,0.01193875780839295
2004-12-20,0.010841082648166299
2004-12-21,0.029691998460697044
2004-12-22,0.02734005522766983
2004-12-23,0.026560879693036058
2004-12-27,0.022121527028003185
2004-12-28,0.028343237918483685
2004-12-29,0.03440041613501965
2004-12-30,0.03182571295423268
2004-12-31,0.01837358976473092
2005-01-03,0.012808344887036189
2005-01-04,0.001185218891181816
2005-01-05,-0.005404674137678435
2005-01-06,0.009021416870854441
2005-01-07,0.0017621348095176429
2005-01-10,0.0029494198520894944
2005-01-11,-0.0049716158876273045
2005-01-12,-0.010354602313679157
2005-01-13,-0.021881781899546558
2005-01-14,-0.017369155670770988
2005-01-18,-0.006441364743418624
2005-01-19,-0.010266224602516737
2005-01-20,-0.016626395845718643
2005-01-21,-0.030445263404465298
2005-01-24,-0.03482229127592748
2005-01-25,-0.03273962550170543
2005-01-26,-0.027677541102324434
2005-01-27,-0.031434691626129975
2005-01-28,-0.032919003011037326
2005-01-31,-0.024824895917512205
2005-02-01,-0.016348755045607035
2005-02-02,-0.00859877386409173
2005-02-03,0.0010931892936283329
2005-02-04,0.018637326694723264
2005-02-07,0.012234696066819577
2005-02-08,0.014833259679782837
2005-02-09,0.002601652353510091
2005-02-10,0.013113761509758019
2005-02-11,0.018384663900928067
2005-02-14,0.025683473324707343
2005-02-15,0.024148142162822944
2005-02-16,0.014459698767651826
2005-02-17,0.016859199627679598
2005-02-18,0.02429857496735367
2005-02-22,0.015465016300610925
2005-02-23,0.02457778934199044
2005-02-24,0.028341615735171802
2005-02-25,0.03520010388626198
2005-02-28,0.026885944620186432
2005-03-01,0.03184744362145245
2005-03-02,0.02515517285791272
2005-03-03,0.01924025624360289
2005-03-04,0.028597000388896964
2005-03-07,0.03168816546478963
2005-03-08,0.017315437931546048
2005-03-09,0.007467396864009959
2005-03-10,0.008532009559398885
2005-03-11,0.0090118183354588
2005-03-14,0.011624413250346174
2005-03-15,-0.005230015858794165
2005-03-16,-0.013010944514425535
2005-03-17,-0.01472042199392625
2005-03-18,-0.01835351165880154
2005-03-21,-0.013954437499424816
2005-03-22,-0.025497986843336366
2005-03-23,-0.009662763026361692
2005-03-24,-0.015608121499141097
2005-03-28,-0.020749614820997672
2005-03-29,-0.03726931278577401
2005-03-30,-0.016599007024778206
2005-03-31,-0.023423593197723906
2005-04-01,-0.027432380136406195
2005-04-04,-0.0261423282665944
2005-04-05,-0.03377319936040842
2005-04-06,-0.03079884512877898
2005-04-07,-0.021663903152818607
2005-04-08,-0.020937777068828912
2005-04-11,-0.022404789313720735
2005-04-12,-0.010217723956765495
2005-04-13,-0.028292004723717908
2005-04-14,-0.033132265773613806
2005-04-15,-0.03869832171386083
2005-04-18,-0.037648718809291104
2005-04-19,-0.026759779441496094
2005-04-20,-0.037089664901056245
2005-04-21,-0.007642066898737965
2005-04-22,-0.01229727173988828
2005-04-25,-0.006938467205855463
2005-04-26,-0.018150663695581385
2005-04-27,-0.007580264148835671
2005-04-28,-0.03425739327671169
2005-04-29,-0.01891320240227754
2005-05-02,-0.008809210000511207
2005-05-03,-0.008794931681758373
2005-05-04,-0.005855227426250704
2005-05-05,-0.0096587254615784
2005-05-06,-0.018195059026650442
2005-05-09,-0.0015269235976632471
2005-05-10,-0.012697500169618674
2005-05-11,-0.012375591356143472
2005-05-12,-0.011575680931632137
2005-05-13,-0.00043198735475859625
2005-05-16,0.022949871573914163
2005-05-17,0.026543588918541545
2005-05-18,0.028866471735179228
2005-05-19,0.04711506319337709
2005-05-20,0.026454877372718854
2005-05-23,0.0357800897655916
2005-05-24,0.026885072455183828
2005-05-25,0.03589355158286014
2005-05-26,0.037339927395563154
2005-05-27,0.05162141253497824
2005-05-31,0.03171657128109048
2005-06-01,0.03461661504004498
2005-06-02,0.03505568581843179
2005-06-03,0.02230307144969937
2005-06-06,0.021727270958696542
2005-06-07,0.025631635581654197
2005-06-08,0.017583575983963824
2005-06-09,0.03273401111047366
2005-06-10,0.02493387478728426
2005-06-13,0.0391544098626323
2005-06-14,0.04345943011783126
2005-06-15,0.03607091362269681
2005-06-16,0.03197203540348221
2005-06-17,0.02543150074964646
2005-06-20,0.021560824210155632
2005-06-21,0.02356366999335072
2005-06-22,0.01886188430316261
2005-06-23,0.007035853370154089
2005-06-24,0.0004206156268231168
2005-06-27,-0.00349677745543212
2005-06-28,0.0031959484412715997
2005-06-29,0.0069528104946137426
2005-06-30,-0.006986706078804559
2005-07-01,-0.0062100464285905314
2005-07-05,0.006853444160454119
2005-07-06,-0.0006483549227857295
2005-07-07,0.0025286187352817177
2005-07-08,0.015718064735880735
2005-07-11,0.016073320189771916
2005-07-12,0.021020529377722103
2005-07-13,0.019253818231966688
2005-07-14,0.020847588968208996
2005-07-15,0.01837668253697477
2005-07-18,0.011822832159767177
2005-07-19,0.013585474372061937
2005-07-20,0.016664935823356784
2005-07-21,0.010237719360625746
2005-07-22,0.016074494632334065
2005-07-25,0.027403865970405065
2005-07-26,0.03598882391852727
2005-07-27,0.03820301925590886
2005-07-28,0.03612661747361404
2005-07-29,0.03210847901312344
2005-08-01,0.03681999598790469
2005-08-02,0.03985466842699845
2005-08-03,0.03450422324114155
2005-08-04,0.03487201181073897
2005-08-05,0.02413278231211704
2005-08-08,0.010903310224160504
2005-08-09,0.011821223540681262
2005-08-10,0.008713753053122242
2005-08-11,0.01128943397412447
2005-08-12,0.0012195887860863887
2005-08-15,0.007946197987230976
2005-08-16,-0.0011448212824133716
2005-08-17,-0.006687673380363984
2005-08-18,-0.010177787424655516
2005-08-19,-0.002038810742072133
2005-08-22,-0.00869878458843536
2005-08-23,-0.0077417623926497765
2005-08-24,-0.01791466432603186
2005-08-25,-0.01793185451742173
2005-08-26,-0.031062100726252744
2005-08-29,-0.01670537841152122
2005-08-30,-0.021251363692771686
2005-08-31,-0.014657699768718231
2005-09-01,-0.0180417091035429
2005-09-02,-0.011789598557945714
2005-09-06,0.006651058579292643
2005-09-07,0.010220807598501655
2005-09-08,0.000890935672747255
2005-09-09,0.010244839948372043
2005-09-12,0.004271121921879955
2005-09-13,0.0048639877584017305
2005-09-14,-0.004938685128747431
2005-09-15,0.007662074650626491
2005-09-16,0.014829978622581945
2005-09-19,0.011585944633287671
2005-09-20,0.0008124631947120874
2005-09-21,-0.008572015554315164
2005-09-22,-0.0031423213543560905
2005-09-23,0.006638381464771949
2005-09-26,0.004165300089771906
2005-09-27,0.010767910870438565
2005-09-28,0.004083138405755679
2005-09-29,0.017460504870021896
2005-09-30,0.00799295382454914
2005-10-03,0.005145040485616346
2005-10-04,-0.004376565235993756
2005-10-05,-0.02920798709916609
2005-10-06,-0.034504905165356085
2005-10-07,-0.027756735958498157
2005-10-10,-0.04510469793360563
2005-10-11,-0.044529802347311076
2005-10-12,-0.046850090518659224
2005-10-13,-0.04379973580610825
2005-10-14,-0.03280871707981131
2005-10-17,-0.03619349725940636
2005-10-18,-0.04375724957516892
2005-10-19,-0.018774146949664356
2005-10-20,-0.027162042828600314
2005-10-21,-0.026810561846053845
2005-10-24,-0.012261916420101725
2005-10-25,-0.015416345740300253
2005-10-26,-0.018097618799238938
2005-10-27,-0.029781210657458267
2005-10-28,-0.023592426553101373
2005-10-31,-0.023935114176577864
2005-11-01,-0.017360295037833318
2005-11-02,0.004362839337070628
2005-11-03,0.02182825432120747
2005-11-04,0.024119154921453553
2005-11-07,0.02166789574014791
2005-11-08,0.03014845105464902
2005-11-09,0.032890131760309554
2005-11-10,0.048506704054303414
2005-11-11,0.052501866479480734
2005-11-14,0.041431937675453175
2005-11-15,0.03408586685364769
2005-11-16,0.04700202940465844
2005-11-17,0.03977274569299715
2005-11-18,0.061468739154345794
2005-11-21,0.06258935865307234
2005-11-22,0.05150161256088661
2005-11-23,0.059267585919444116
2005-11-25,0.06298221654505494
2005-11-28,0.06657425558515842
2005-11-29,0.05117217826480655
2005-11-30,0.04301433049483619
2005-12-01,0.05017664047475732
2005-12-02,0.04103504681972379
2005-12-05,0.03464283333684156
2005-12-06,0.03784654232586285
2005-12-07,0.031012241980789498
2005-12-08,0.030377233549832666
2005-12-09,0.03168461814077673
2005-12-12,0.024901867317579617
2005-12-13,0.028279985782074295
2005-12-14,0.032766485338788245
2005-12-15,0.03351198302056412
2005-12-16,0.028261493588284642
2005-12-19,0.013835201138244433
2005-12-20,0.010865952497644216
2005-12-21,0.007432027489802691
2005-12-22,0.008370145450167005
2005-12-23,0.0031591585711622694
2005-12-27,-0.007856248148416517
2005-12-28,0.0014771583589515832
2005-12-29,-0.0018765177919605064
2005-12-30,-0.0019156287387535735
2006-01-03,0.005365833591045367
2006-01-04,0.008828519396497796
2006-01-05,0.01158719618868405
2006-01-06,0.017980356612033854
2006-01-09,0.02639794466020237
2006-01-10,0.028042293575393493
2006-01-11,0.02860248934843292
2006-01-12,0.02370070880971459
2006-01-13,0.015990948528254133
2006-01-17,0.009347041008844497
2006-01-18,0.008264458044840954
2006-01-19,0.015314228841810718
2006-01-20,0.00206602163939475
2006-01-23,0.004677415460814513
2006-01-24,0.004117586830269252
2006-01-25,-0.00023708486856955128
2006-01-26,0.004722017609891795
2006-01-27,0.02417300172068365
2006-01-30,0.021166328758187417
2006-01-31,0.018283813049362156
2006-02-01,0.030686262826476057
2006-02-02,0.0015779005646547458
2006-02-03,-0.00812386306946366
2006-02-06,-0.006142215565147623
2006-02-07,-0.023315716995268333
2006-02-08,-0.016837128104835994
2006-02-09,-0.019506585075106175
2006-02-10,-0.020864101258177253
2006-02-13,-0.01873001486930101
2006-02-14,-0.007253348104961971
2006-02-15,-0.0010133075228674919
2006-02-16,0.01042902837335758
2006-02-17,0.0038892004563654318
2006-02-21,0.01980747279860708
2006-02-22,0.022293762619451332
2006-02-23,0.019794677138892307
2006-02-24,0.021479332552445714
2006-02-27,0.016354291607578685
2006-02-28,-0.002414024363025285
2006-03-01,0.007214348436325465
2006-03-02,0.014482770806388134
2006-03-03,0.0028776216962065723
2006-03-06,0.00995766741330094
2006-03-07,0.013373272282899227
2006-03-08,0.012870891040280821
2006-03-09,0.015028333665053142
2006-03-10,0.015438333275648405
2006-03-13,0.018963247109144765
2006-03-14,0.027569470443710224
2006-03-15,0.03383292234334456
2006-03-16,0.025351205798540596
2006-03-17,0.02266946126195906
2006-03-20,0.013600152596259431
2006-03-21,0.010006245314819792
2006-03-22,0.018570895757783947
2006-03-23,0.010445596917262651
2006-03-24,0.012684585596151089
2006-03-27,0.008671670694614705
2006-03-28,0.002112934795797422
2006-03-29,0.01790809706339379
2006-03-30,0.007287181599945579
2006-03-31,0.007595481399651191
2006-04-03,0.011474165402757737
2006-04-04,0.02244417989012284
2006-04-05,0.027446577239499458
2006-04-06,0.024269871852270728
2006-04-07,0.020783854677542533
2006-04-10,0.012872498044569546
2006-04-11,0.0024928980901930647
2006-04-12,-0.006067260870529107
2006-04-13,-0.011832647585372133
2006-04-17,-0.014283989454224533
2006-04-18,0.0006127407430406701
2006-04-19,0.004132016689576385
2006-04-20,0.01181303852168148
2006-04-21,0.0058882587668437035
2006-04-24,0.006129819134768745
2006-04-25,0.001228538487461885
2006-04-26,0.002918057954669635
2006-04-27,0.013910042217209677
2006-04-28,0.011013579896364792
2006-05-01,0.004611570405244363
2006-05-02,0.011868044421857342
2006-05-03,0.008902183951079915
2006-05-04,0.006108670972381138
2006-05-05,0.011459792257293325
2006-05-08,0.011321046056096155
2006-05-09,0.023498286968639776
2006-05-10,0.02142711383278219
2006-05-11,0.017797466739571347
2006-05-12,0.0027889960358392003
2006-05-15,0.0061189786843034305
2006-05-16,0.005039275380680266
2006-05-17,-0.029899765182968968
2006-05-18,-0.03686775411170602
2006-05-19,-0.031214873781166146
2006-05-22,-0.03902836323283799
2006-05-23,-0.04483707433109002
2006-05-24,-0.03274655229173374
2006-05-25,-0.020687536415155375
2006-05-26,-0.02043148447866729
2006-05-30,-0.041703580054491464
2006-05-31,-0.022411523409722255
2006-06-01,-0.02037666379158046
2006-06-02,-0.014545281925846688
2006-06-05,-0.03281034616533625
2006-06-06,-0.044043744343155514
2006-06-07,-0.05035483678174672
2006-06-08,-0.05319242861444176
2006-06-09,-0.05584977293231499
2006-06-12,-0.054614541811936625
2006-06-13,-0.05315175903161774
2006-06-14,-0.04743986172805632
2006-06-15,-0.024979304729583006
2006-06-16,-0.013085362273769796
2006-06-19,-0.01592049243497785
2006-06-20,-0.019556501080032488
2006-06-21,-0.004509306699748329
2006-06-22,-0.0012783729212760783
2006-06-23,-0.0093959742621304
2006-06-26,-0.01727467922654376
2006-06-27,-0.03102899643095282
2006-06-28,-0.006353457850986143
2006-06-29,0.00252606485535544
2006-06-30,-0.006917981772180675
2006-07-03,-0.004935236774266481
2006-07-05,0.004017180916153102
2006-07-06,0.00936678925161569
2006-07-07,0.010351396446000343
2006-07-10,0.013119658150369218
2006-07-11,0.020710910065188742
2006-07-12,0.020888123103094926
2006-07-13,0.01617284383225865
2006-07-14,0.004572432337096999
2006-07-17,-0.017878697844725625
2006-07-18,-0.0054699411267597866
2006-07-19,0.016201898090430062
2006-07-20,0.005945289592036312
2006-07-21,-0.00851540379621423
2006-07-24,0.013962914773179251
2006-07-25,0.017682389935293027
2006-07-26,0.014613760532251196
2006-07-27,0.02234545969709273
2006-07-28,0.02556243031983017
2006-07-31,0.004547093223041808
2006-08-01,-0.0004707657457403713
2006-08-02,0.0021883233947049574
2006-08-03,0.010568186885392166
2006-08-04,0.005945398420597374
2006-08-07,0.010137083199165557
2006-08-08,0.004405574890578631
2006-08-09,-0.003381028198763534
2006-08-10,0.010417557723203224
2006-08-11,0.023984128268176932
2006-08-14,0.028649931050276353
2006-08-15,0.04199554995563351
2006-08-16,0.045184267751466015
2006-08-17,0.03394632034537702
2006-08-18,0.045875405604149044
2006-08-21,0.04865561190278905
2006-08-22,0.030509732257926137
2006-08-23,0.024180097262193063
2006-08-24,0.02199085669858614
2006-08-25,0.024171012318155456
2006-08-28,0.01896245519909262
2006-08-29,0.02112827212574639
2006-08-30,0.026679981532673976
2006-08-31,0.01979054406707925
2006-09-01,0.023092113157489977
2006-09-05,0.026707015777309714
2006-09-06,0.020200990549231607
2006-09-07,0.019431120184469297
2006-09-08,0.02565623966632268
2006-09-11,0.023587160893594663
2006-09-12,0.03618470759666106
2006-09-13,0.03941382235536589
2006-09-14,0.027602680572770648
2006-09-15,0.021663264043247567
2006-09-18,0.020485208718454155
2006-09-19,0.01292175891852675
2006-09-20,0.022512720073422542
2006-09-21,0.017747835722411617
2006-09-22,0.017480682094401765
2006-09-25,0.025981124312193488
2006-09-26,0.03301700535172153
2006-09-27,0.029449917501666957
2006-09-28,0.027926013906181553
2006-09-29,0.026490658909568844
2006-10-02,0.02289299872279278
2006-10-03,0.01904185381465835
2006-10-04,0.028771580022284873
2006-10-05,0.03954607077428764
2006-10-06,0.04289521285646125
2006-10-09,0.040643450505888974
2006-10-10,0.04097783223689931
2006-10-11,0.03002702273304593
2006-10-12,0.03463303427703251
2006-10-13,0.0371222619573752
2006-10-16,0.03631299511797856
2006-10-17,0.031803261452072615
2006-10-18,0.035622247645672435
2006-10-19,0.03193468438306638
2006-10-20,0.036995543679015135
2006-10-23,0.04462676947939322
2006-10-24,0.039952499545251825
2006-10-25,0.03508599279487049
2006-10-26,0.03699179775455821
2006-10-27,0.031077595657903828
2006-10-30,0.031175524574876285
2006-10-31,0.03478062853293178
2006-11-01,0.02590641426746038
2006-11-02,0.013691906961785336
2006-11-03,0.010009877537705873
2006-11-06,0.02248456737810376
2006-11-07,0.02572340273149098
2006-11-08,0.026553659722089604
2006-11-09,0.022467629744515747
2006-11-10,0.014279715863841308
2006-11-13,0.014170916075313497
2006-11-14,0.020112463034176523
2006-11-15,0.026120240478022975
2006-11-16,0.027369404035828132
2006-11-17,0.026045018497938166
2006-11-20,0.026395658909581184
2006-11-21,0.02279787341010852
2006-11-22,0.021808466740213875
2006-11-24,0.014352621453206059
2006-11-27,-0.0025974859747264403
2006-11-28,0.008016372389390122
2006-11-29,0.019117626801988006
2006-11-30,0.01969039293292343
2006-12-01,0.024254424552013612
2006-12-04,0.03244060045346162
2006-12-05,0.038505072844051996
2006-12-06,0.026443171099871154
2006-12-07,0.018229715595074174
2006-12-08,0.017907489221913535
2006-12-11,0.026072181213148932
2006-12-12,0.024861944850062538
2006-12-13,0.023463107888852863
2006-12-14,0.02475905218906422
2006-12-15,0.021989100940797136
2006-12-18,0.016678071974493926
2006-12-19,0.018292969173042403
2006-12-20,0.01716111420759485
2006-12-21,0.012500025529427413
2006-12-22,0.004348689546329706
2006-12-26,0.014282116774005671
2006-12-27,0.034676398449043265
2006-12-28,0.02824323502831109
2006-12-29,0.013709747166996201
2007-01-03,0.011515505370033596
2007-01-04,0.015843925275884744
2007-01-05,0.00023399840504689668
2007-01-08,0.0005403795461323339
2007-01-09,0.000536131878906992
2007-01-10,0.00824443531601254
2007-01-11,0.010775632486263462
2007-01-12,0.015448396665610386
2007-01-16,0.014267645088800166
2007-01-17,0.013630076133079885
2007-01-18,0.0014953234403918285
2007-01-19,0.003366785439773228
2007-01-22,0.0030244627325184876
2007-01-23,0.00407004393357037
2007-01-24,0.012653569809529275
2007-01-25,0.0045095457376250455
2007-01-26,0.009757333800682772
2007-01-29,0.003314127376489029
2007-01-30,0.0019622363823401205
2007-01-31,0.010770879871576095
2007-02-01,0.02089330215595118
2007-02-02,0.024042024936833568
2007-02-05,0.02219805920675481
2007-02-06,0.030482720445098768
2007-02-07,0.028074209961011218
2007-02-08,0.027614982156974072
2007-02-09,0.01681391409505262
2007-02-12,0.009033006858421093
2007-02-13,0.009864537618080038
2007-02-14,0.01836683524177232
2007-02-15,0.019251191814027614
2007-02-16,0.022132680933571146
2007-02-20,0.022295423533069035
2007-02-21,0.024970397972510768
2007-02-22,0.021270920854914274
2007-02-23,0.009334716035984743
2007-02-26,0.020248761819212924
2007-02-27,-0.0186775772794924
2007-02-28,-0.007916257324970212
2007-03-01,-0.01609580935281786
2007-03-02,-0.035978738258188
2007-03-05,-0.05150789219473441
2007-03-06,-0.03592548401224146
2007-03-07,-0.03720412001290951
2007-03-08,-0.029060859637015258
2007-03-09,-0.030982595238216223
2007-03-12,-0.02818221526440124
2007-03-13,-0.040332578226198616
2007-03-14,-0.02950064895377351
2007-03-15,-0.03653629338608286
2007-03-16,-0.04588601017504388
2007-03-19,-0.03520718070454178
2007-03-20,-0.029249661786250988
2007-03-21,-0.01505108773000034
2007-03-22,-0.015408857761372043
2007-03-23,-0.013188659535462976
2007-03-26,-0.010599885405334356
2007-03-27,-0.012082237509851195
2007-03-28,0.020452570253466532
2007-03-29,0.011311965769494716
2007-03-30,0.014506484398870144
2007-04-02,0.02881499623400231
2007-04-03,0.04908369424071651
2007-04-04,0.0332325389222207
2007-04-05,0.036942521828330625
2007-04-09,0.029908508415890277
2007-04-10,0.0308005672730775
2007-04-11,0.025221621506576402
2007-04-12,0.04928090449229777
2007-04-13,0.04641126956851632
2007-04-16,0.05449865008657102
2007-04-17,0.05995714132270743
2007-04-18,0.049197254685455695
2007-04-19,0.04344857457379948
2007-04-20,0.03652149893530627
2007-04-23,0.03351507261915754
2007-04-24,0.032454254374163126
2007-04-25,0.04292051573730637
2007-04-26,0.046434381769604315
2007-04-27,0.05293832125490815
2007-04-30,0.04355355562584694
2007-05-01,0.04590158061138206
2007-05-02,0.05061039276896691
2007-05-03,0.04530804693136308
2007-05-04,0.04797862858940735
2007-05-07,0.04547001480244853
2007-05-08,0.042759026868770464
2007-05-09,0.044298342268341444
2007-05-10,0.037879361360475115
2007-05-11,0.04196622810538364
2007-05-14,0.03522376528285767
2007-05-15,0.026038224366414765
2007-05-16,0.03020133272358492
2007-05-17,0.02699703196683371
2007-05-18,0.0359555468011537
2007-05-21,0.026033943678099625
2007-05-22,0.029021996720797503
2007-05-23,0.028748519541718826
2007-05-24,0.010514315283894073
2007-05-25,0.013539665421374823
2007-05-29,0.01796093116739331
2007-05-30,0.03440048542067795
2007-05-31,0.03079883439740261
2007-06-01,0.029908096289208937
2007-06-04,0.024635878313045048
2007-06-05,0.016885807659033334
2007-06-06,0.005878707751604399
2007-06-07,-0.01100609380330232
2007-06-08,-0.0007940921001012247
2007-06-11,0.011432885093740124
2007-06-12,-0.008053063836451643
2007-06-13,0.008994203526799489
2007-06-14,0.01509445503478345
2007-06-15,0.01395015344392501
2007-06-18,0.014754908530725232
2007-06-19,0.008550498803560373
2007-06-20,-0.004919228426153177
2007-06-21,0.001409963178267946
2007-06-22,-0.00817524854432777
2007-06-25,-0.0038751931348682787
2007-06-26,-0.018368322704678045
2007-06-27,-0.00785858043428464
2007-06-28,-0.01610441153722867
2007-06-29,-0.014729108892202107
2007-07-02,-0.010673595142384624
2007-07-03,-0.007185999480604521
2007-07-05,-0.00427136117115492
2007-07-06,0.011780456051007712
2007-07-09,0.030775143344955045
2007-07-10,0.0035057157911146724
2007-07-11,0.008850800208990449
2007-07-12,0.035483241914533906
2007-07-13,0.023601308098201275
2007-07-16,0.017106063519639034
2007-07-17,0.01091589609261115
2007-07-18,0.010281340839932963
2007-07-19,0.011675739057439292
2007-07-20,0.015494276095926459
2007-07-23,0.013009136102573177
2007-07-24,0.004968771436239452
2007-07-25,0.011810182462177883
2007-07-26,-0.0018221422505558893
2007-07-27,-0.03580648471810462
2007-07-30,-0.020150751982076002
2007-07-31,-0.03181061896723754
2007-08-01,-0.03595009694116631
2007-08-02,-0.03160918449936629
2007-08-03,-0.05663985611736479
2007-08-06,-0.045262872434549066
2007-08-07,-0.03543446626840964
2007-08-08,-0.00724838490975745
2007-08-09,-0.04439465018292852
2007-08-10,-0.06475023973717446
2007-08-13,-0.06413822392930857
2007-08-14,-0.07941360638601254
2007-08-15,-0.09276724226239358
2007-08-16,-0.08346836521693832
2007-08-17,-0.06914522765085837
2007-08-20,-0.05945268548991985
2007-08-21,-0.06050663978042632
2007-08-22,-0.03121526498439203
2007-08-23,-0.03414936436154882
2007-08-24,0.0020917289539458565
2007-08-27,0.012600242584479674
2007-08-28,-0.02514733713472785
2007-08-29,0.005611903910319213
2007-08-30,-0.0019141979366979693
2007-08-31,-6.785112208833697e-05
2007-09-04,0.03605967644116828
2007-09-05,0.0107481884347434
2007-09-06,0.0024332064913006094
2007-09-07,-0.02541541185370039
2007-09-10,0.002747494253193927
2007-09-11,0.019029019649263915
2007-09-12,0.0180144027380633
2007-09-13,0.040427697784918205
2007-09-14,0.05423103542466417
2007-09-17,0.041355817674408796
2007-09-18,0.052171055840878416
2007-09-19,0.05853980970447209
2007-09-20,0.04946980485852116
2007-09-21,0.04036733809889626
2007-09-24,0.03940966612485283
2007-09-25,0.025152746598520067
2007-09-26,0.03976996788522735
2007-09-27,0.06789118266024856
2007-09-28,0.0451228654564507
2007-10-01,0.058998531126417876
2007-10-02,0.04783186395714569
2007-10-03,0.03577230542019154
2007-10-04,0.04602290845444095
2007-10-05,0.05553670717295283
2007-10-08,0.0642008011917549
2007-10-09,0.0754932233539349
2007-10-10,0.06223736059947574
2007-10-11,0.05485273254658939
2007-10-12,0.05336029197184895
2007-10-15,0.04494767492385179
2007-10-16,0.042368207120482664
2007-10-17,0.016405173434309854
2007-10-18,0.006882844836246111
2007-10-19,-0.012555580598121487
2007-10-22,-0.00945432293044939
2007-10-23,0.00046168823825166853
2007-10-24,0.0005940673445343166
2007-10-25,-0.0023022020691287034
2007-10-26,0.0034565379905004217
2007-10-29,0.010107680336437101
2007-10-30,-0.008068709271740224
2007-10-31,0.003627233489285989
2007-11-01,-0.01804460696253888
2007-11-02,-0.01847891925772353
2007-11-05,-0.03792563305967285
2007-11-06,-0.01921286105461681
2007-11-07,-0.05632373684715418
2007-11-08,-0.05974458143684062
2007-11-09,-0.06875458914712658
2007-11-12,-0.08424135654375442
2007-11-13,-0.04573687270742491
2007-11-14,-0.0405431922842376
2007-11-15,-0.058124139935305935
2007-11-16,-0.05277045494159535
2007-11-19,-0.04028780225774456
2007-11-20,-0.039981165884693845
2007-11-21,-0.06872982252824898
2007-11-23,-0.04973753058753915
2007-11-26,-0.07442207739438063
2007-11-27,-0.07464902198874133
2007-11-28,-0.04648009036601834
2007-11-29,-0.039174128499109305
2007-11-30,-0.03950245518732363
2007-12-03,-0.022431018390500074
2007-12-04,-0.032533975020460223
2007-12-05,-0.008298272529266524
2007-12-06,-0.007458812819359116
2007-12-07,0.020079570458951656
2007-12-10,0.032886092870993054
2007-12-11,0.01890541570585166
2007-12-12,0.03869818314731637
2007-12-13,0.006595933183321223
2007-12-14,-0.003391332629167089
2007-12-17,-0.0032343178403859444
2007-12-18,0.000617100099200935
2007-12-19,0.014639614876890516
2007-12-20,0.014823101130171466
2007-12-21,0.04981237489762471
2007-12-24,0.04006606481567091
2007-12-26,0.0645186467904512
2007-12-27,0.040440081385451666
2007-12-28,0.006448369045434796
2007-12-31,-0.0013190242711509687
2008-01-02,-0.020117640097423412
2008-01-03,-0.013986141589118081
2008-01-04,-0.029820125355529276
2008-01-07,-0.04727044357817596
2008-01-08,-0.07776230287722768
2008-01-09,-0.06710876570969601
2008-01-10,-0.06829875605234624
2008-01-11,-0.04859733851250717
2008-01-14,-0.050388958405020695
2008-01-15,-0.07057058141647055
2008-01-16,-0.06646005603657547
2008-01-17,-0.0783464587879607
2008-01-18,-0.09423501291505351
2008-01-22,-0.104433719573825
2008-01-23,-0.08698296303955966
2008-01-24,-0.0928893862352048
2008-01-25,-0.11483905922787874
2008-01-28,-0.10057958418510027
2008-01-29,-0.08298705924850173
2008-01-30,-0.08786404536211329
2008-01-31,-0.06236595656128664
2008-02-01,-0.037612842436057975
2008-02-04,-0.04981930399384399
2008-02-05,-0.05214669558319304
2008-02-06,-0.05938158213392903
2008-02-07,-0.03650898377812845
2008-02-08,-0.05340590128272218
2008-02-11,-0.05484233999139695
2008-02-12,-0.037512847455692076
2008-02-13,-0.03537213668763759
2008-02-14,-0.021951601514606525
2008-02-15,-0.013523879849085579
2008-02-19,0.01554239795526896
2008-02-20,0.028810028422340893
2008-02-21,0.030660461786931232
2008-02-22,0.013062127655049762
2008-02-25,0.017186332869338447
2008-02-26,0.039209433282564994
2008-02-27,0.021795828827514734
2008-02-28,0.007038548529640255
2008-02-29,-0.008112001900048025
2008-03-03,-0.02857645072197932
2008-03-04,-0.04836430303690676
2008-03-05,-0.02937822313852344
2008-03-06,-0.023154368446485826
2008-03-07,-0.02542369743754166
2008-03-10,-0.04528756708883638
2008-03-11,-0.0035381643067998363
2008-03-12,-0.018030430784110946
2008-03-13,-0.02505362559757515
2008-03-14,-0.05084186082977832
2008-03-17,-0.05216200338933834
2008-03-18,-0.011236152324336945
2008-03-19,-0.03912606746387365
2008-03-20,-0.023719916644617624
2008-03-24,0.004419497413415621
2008-03-25,-0.0007553683224823833
2008-03-26,-0.025596751885307707
2008-03-27,-0.03622700950979388
2008-03-28,-0.04482561343474163
2008-03-31,-0.03151798507403552
2008-04-01,0.025572993063662137
2008-04-02,0.028626069315989735
2008-04-03,0.03493771209029587
2008-04-04,0.027545831338887564
2008-04-07,0.04897239969916906
2008-04-08,0.05830367413986916
2008-04-09,0.06431276348919195
2008-04-10,0.030402804071243295
2008-04-11,0.020199029462900576
2008-04-14,0.014614120787731342
2008-04-15,0.03256036584793704
2008-04-16,0.06945274442649896
2008-04-17,0.030209207118185897
2008-04-18,0.06567132325579193
2008-04-21,0.04782347390472127
2008-04-22,0.023620283699095315
2008-04-23,0.02105970300718825
2008-04-24,0.03771823707975537
2008-04-25,0.05008749592978825
2008-04-28,0.059913277228822746
2008-04-29,0.052474190903445635
2008-04-30,0.012005991577963903
2008-05-01,0.03182131113617611
2008-05-02,0.032097589477588145
2008-05-05,0.02837582173828592
2008-05-06,0.036490183256557604
2008-05-07,0.01954185293931941
2008-05-08,0.024220128973789706
2008-05-09,0.02095238360428984
2008-05-12,0.05172037140484544
2008-05-13,0.05524284791604354
2008-05-14,0.054975756470595064
2008-05-15,0.040667047674078353
2008-05-16,0.040118818448447974
2008-05-19,0.03246827592353939
2008-05-20,0.02382090632189501
2008-05-21,0.011173758742544504
2008-05-22,0.01291359837477167
2008-05-23,-0.004928123322989695
2008-05-27,-0.006756134761558254
2008-05-28,-0.0023661285262745147
2008-05-29,0.006593506249399598
2008-05-30,0.015003221112753548
2008-06-02,-0.015856144741404458
2008-06-03,-0.02446526367308243
2008-06-04,-0.020154677126986785
2008-06-05,-0.008980879951086727
2008-06-06,-0.023423284946782044
2008-06-09,-0.01842109439692084
2008-06-10,-0.021540546597038992
2008-06-11,-0.04753072774520389
2008-06-12,-0.043872948768592
2008-06-13,-0.03337015853158695
2008-06-16,-0.04520792752964032
2008-06-17,-0.05097621028831651
2008-06-18,-0.06349036985558874
2008-06-19,-0.05408241461771443
2008-06-20,-0.05338868375234061
2008-06-23,-0.054520647383699515
2008-06-24,-0.04300583324503747
2008-06-25,-0.045673876116806386
2008-06-26,-0.07781525556021873
2008-06-27,-0.0883016401860552
2008-06-30,-0.08727609502585225
2008-07-01,-0.07377014159730785
2008-07-02,-0.08520633722913917
2008-07-03,-0.08367049628782171
2008-07-07,-0.11373497608792721
2008-07-08,-0.06372058188748714
2008-07-09,-0.0855819057342594
2008-07-10,-0.07651353044192193
2008-07-11,-0.07341197511732747
2008-07-14,-0.08629795958863035
2008-07-15,-0.11305990517608455
2008-07-16,-0.08939657862636818
2008-07-17,-0.07458667421593665
2008-07-18,-0.05859151620170848
2008-07-21,-0.059301459358890814
2008-07-22,-0.031655388295147406
2008-07-23,-0.025268594333297884
2008-07-24,-0.044260830302751034
2008-07-25,-0.049215323523146365
2008-07-28,-0.0364511413066962
2008-07-29,-0.009850157061168468
2008-07-30,0.004288474165926632
2008-07-31,-0.012146778670350503
2008-08-01,-0.0001587118137615328
2008-08-04,-0.010505466325206094
2008-08-05,0.026364962775565434
2008-08-06,0.01319468511099956
2008-08-07,0.01763390901057553
2008-08-08,0.03196558535083185
2008-08-11,0.05399043576220592
2008-08-12,0.0526167972082278
2008-08-13,0.06076583340588243
2008-08-14,0.044031178108995435
2008-08-15,0.03892900760244437
2008-08-18,0.018949638732988928
2008-08-19,0.007429072280930218
2008-08-20,0.0007839352980940725
2008-08-21,-0.0028911014419529544
2008-08-22,0.0324526395471131
2008-08-25,0.01219780369741268
2008-08-26,0.02987919610589049
2008-08-27,0.018438696798275256
2008-08-28,0.012832792514212873
2008-08-29,0.01533544119465866
2008-09-02,0.014400854623595817
2008-09-03,0.022858971017291202
2008-09-04,-0.03431546546281359
2008-09-05,-0.035606717206682986
2008-09-08,-0.00015800775986739431
2008-09-09,-0.04870503544966041
2008-09-10,-0.05496015354625187
2008-09-11,-0.03013620076419715
2008-09-12,-0.01947782510124765
2008-09-15,-0.07574846493339735
2008-09-16,-0.06400096177137109
2008-09-17,-0.09623762370184599
2008-09-18,-0.05603327592096172
2008-09-19,-0.021723034796612896
2008-09-22,-0.04634572858217894
2008-09-23,-0.0837321427857859
2008-09-24,-0.06003707940453339
2008-09-25,-0.047428256077020045
2008-09-26,-0.05661867682737683
2008-09-29,-0.15027615084918627
2008-09-30,-0.0989076453467354
2008-10-01,-0.09207283129672961
2008-10-02,-0.12816199431956787
2008-10-03,-0.11118532478695202
2008-10-06,-0.1666013824535514
2008-10-07,-0.23286667995054702
2008-10-08,-0.2282444034031685
2008-10-09,-0.3046922852413491
2008-10-10,-0.3436117958647809
2008-10-13,-0.21264466448343208
2008-10-14,-0.17880038580450155
2008-10-15,-0.29903692147947286
2008-10-16,-0.21221793707824474
2008-10-17,-0.24744794006810705
2008-10-20,-0.2280498806597294
2008-10-21,-0.23546081810040895
2008-10-22,-0.26843915654242895
2008-10-23,-0.26012247058894133
2008-10-24,-0.3276856300926884
2008-10-27,-0.3643285410163666
2008-10-28,-0.1722091303548353
2008-10-29,-0.2200442814249455
2008-10-30,-0.18663884439490203
2008-10-31,-0.14420124552982347
2008-11-03,-0.12772194222733257
2008-11-04,-0.042028610618911576
2008-11-05,-0.039144710664137945
2008-11-06,-0.07063588247178244
2008-11-07,0.03424756873958914
2008-11-10,0.045610773912567994
2008-11-11,-0.12132902597356543
2008-11-12,-0.15141749126027343
2008-11-13,0.012693953456505078
2008-11-14,-0.07931467957699584
2008-11-17,-0.08668966303670919
2008-11-18,-0.12637178206760474
2008-11-19,-0.1622856935197065
2008-11-20,-0.18342568055404015
2008-11-21,-0.14240466581521607
2008-11-24,-0.023363714308632846
2008-11-25,0.020164861516163313
2008-11-26,-0.05243851625535897
2008-11-28,-0.03265039538730409
2008-12-01,-0.159408430349653
2008-12-02,-0.12713507693120604
2008-12-03,-0.10626446761590568
2008-12-04,-0.1630866952071041
2008-12-05,-0.08978391045300459
2008-12-08,0.0015400767900467897
2008-12-09,-0.04756645942303891
2008-12-10,-0.027582260379315198
2008-12-11,-0.02059608625759325
2008-12-12,0.03627176465335752
2008-12-15,-0.038233614877597626
2008-12-16,0.05895323729328838
2008-12-17,0.06258448265044042
2008-12-18,0.025062374026360613
2008-12-19,0.08697583443563113
2008-12-22,0.15121287747597473
2008-12-23,0.08828285890065396
2008-12-24,0.02707289650463455
2008-12-26,0.025444155132494213
2008-12-29,-0.015341528816465517
2008-12-30,-0.004424885639171351
2008-12-31,0.10249770446685043
2009-01-02,0.09443211862859761
2009-01-05,0.06949048085537732
2009-01-06,0.0995508447078597
2009-01-07,0.038770469634420844
2009-01-08,0.00852483584715279
2009-01-09,0.0034941264463513705
2009-01-12,-0.027612923728411384
2009-01-13,-0.0013979940150443207
2009-01-14,-0.04522671223773629
2009-01-15,-0.030839340458756654
2009-01-16,-0.06904241724639819
2009-01-20,-0.11353880553262606
2009-01-21,-0.05239253029473536
2009-01-22,-0.06366966831703656
2009-01-23,-0.04643274357017869
2009-01-26,-0.02920658980156396
2009-01-27,-0.024885722436092224
2009-01-28,0.0026350448030988873
2009-01-29,-0.0275300001241809
2009-01-30,-0.07150917027878603
2009-02-02,-0.08870551934489747
2009-02-03,-0.10445309134695425
2009-02-04,-0.1081768818475067
2009-02-05,-0.1000608155426612
2009-02-06,-0.04154804266559208
2009-02-09,-0.044242667334619276
2009-02-10,-0.069482310188552
2009-02-11,-0.03928959659821455
2009-02-12,-0.04041073968983584
2009-02-13,-0.019266922747383862
2009-02-17,-0.0633392449820307
2009-02-18,-0.07352944769465977
2009-02-19,-0.030112679575896553
2009-02-20,-0.08216669701306648
2009-02-23,-0.10301313695805295
2009-02-24,-0.07014525384641306
2009-02-25,-0.08488395120561774
2009-02-26,-0.1113854479668129
2009-02-27,-0.1672614601906189
2009-03-02,-0.18031282139273147
2009-03-03,-0.16729529125521553
2009-03-04,-0.14085802139334744
2009-03-05,-0.1965128364347014
2009-03-06,-0.18986208885749778
2009-03-09,-0.21645556393622029
2009-03-10,-0.18665401055939784
2009-03-11,-0.18154063046491262
2009-03-12,-0.09603219386668718
2009-03-13,-0.09412701111125087
2009-03-16,-0.0978713774948243
2009-03-17,-0.05693144308992961
2009-03-18,0.008923021490613803
2009-03-19,-0.0011390322826282208
2009-03-20,-0.011849629950642647
2009-03-23,0.067285209577267
2009-03-24,0.08381990158483656
2009-03-25,0.0571018965108397
2009-03-26,0.08518131650206294
2009-03-27,0.08336286521312332
2009-03-30,0.07079895371696657
2009-03-31,0.12610997398775498
2009-04-01,0.1528263439448469
2009-04-02,0.15823055017678253
2009-04-03,0.20983602137206478
2009-04-06,0.20022866794936084
2009-04-07,0.1884496661937506
2009-04-08,0.1412692398243861
2009-04-09,0.17375148155220702
2009-04-13,0.1353677786706984
2009-04-14,0.11019052055575536
2009-04-15,0.12383074342731736
2009-04-16,0.10826252001836416
2009-04-17,0.09280741062837582
2009-04-20,0.06245175360818248
2009-04-21,0.10332473069968638
2009-04-22,0.027826365063646635
2009-04-23,0.05749651649506662
2009-04-24,0.06200312953106785
2009-04-27,0.032319761263719084
2009-04-28,0.04738321249507317
2009-04-29,0.10359485950900386
2009-04-30,0.09471597135709207
2009-05-01,0.08089650847935448
2009-05-04,0.08553204909947464
2009-05-05,0.07221559895221161
2009-05-06,0.09726632843220324
2009-05-07,0.10687771524778814
2009-05-08,0.11922266178290161
2009-05-11,0.061357573222927585
2009-05-12,0.05816167084170177
2009-05-13,0.05005938544230385
2009-05-14,0.04797956508714841
2009-05-15,0.025228387993496117
2009-05-18,0.04655683140832071
2009-05-19,0.08816950052733045
2009-05-20,0.0621037288732698
2009-05-21,0.053768026314539336
2009-05-22,0.0418663566187282
2009-05-26,0.052158295093021154
2009-05-27,0.04365148558306649
2009-05-28,0.060644908780852214
2009-05-29,0.05715242134009563
2009-06-01,0.08072860433236834
2009-06-02,0.07621069208548799
2009-06-03,0.030024633502379067
2009-06-04,0.042793942221018705
2009-06-05,0.02581932586848983
2009-06-08,0.03567616758863512
2009-06-09,0.01769592609123462
2009-06-10,0.03404773105756871
2009-06-11,0.0414501064303144
2009-06-12,0.06968423916855189
2009-06-15,0.037955735024723755
2009-06-16,0.032495495616540346
2009-06-17,0.0035015586374109605
2009-06-18,0.011999558876243915
2009-06-19,0.022395746376624878
2009-06-22,0.006417443298784737
2009-06-23,0.009332083962680324
2009-06-24,-0.007375813615585236
2009-06-25,0.03215447297858152
2009-06-26,0.015700820096272446
2009-06-29,0.007468091368331669
2009-06-30,-0.024575190721444408
2009-07-01,-0.021294346097784862
2009-07-02,-0.0362353109173553
2009-07-06,-0.04569928785885538
2009-07-07,-0.06547733464463527
2009-07-08,-0.06202604713553157
2009-07-09,-0.06518070860946527
2009-07-10,-0.06502579971485181
2009-07-13,-0.04542732498699256
2009-07-14,-0.04252139412423689
2009-07-15,0.009500770675418518
2009-07-16,0.0215460914873665
2009-07-17,0.03342445365657655
2009-07-20,0.036700165685879305
2009-07-21,0.03763550240251233
2009-07-22,0.06787212358632774
2009-07-23,0.08893102273068512
2009-07-24,0.08443704846770166
2009-07-27,0.06587452137837813
2009-07-28,0.06379647601688473
2009-07-29,0.05202078432640079
2009-07-30,0.07053620316317837
2009-07-31,0.06782957158596253
2009-08-03,0.11186433123169447
2009-08-04,0.11456066973172249
2009-08-05,0.13124296340889657
2009-08-06,0.12673293848253359
2009-08-07,0.13783219474774805
2009-08-10,0.1381391418604919
2009-08-11,0.10154596148325164
2009-08-12,0.10657432813705986
2009-08-13,0.08535665800417988
2009-08-14,0.07925813846020786
2009-08-17,0.04344880707393507
2009-08-18,0.04078469459706916
2009-08-19,0.04491136929714319
2009-08-20,0.055371640941910945
2009-08-21,0.052945537580666266
2009-08-24,0.04876137234721993
2009-08-25,0.04774883653515949
2009-08-26,0.05253357403997574
2009-08-27,0.0572157420354186
2009-08-28,0.046630798101798904
2009-08-31,0.036273872039847076
2009-09-01,-0.0023926422427558713
2009-09-02,-0.008777262694736011
2009-09-03,0.002387951096190141
2009-09-04,0.021491106114251056
2009-09-08,0.017047251799143796
2009-09-09,0.0267700105194782
2009-09-10,0.049492028725843705
2009-09-11,0.0386292373231333
2009-09-14,0.03587535789203326
2009-09-15,0.04775521603706028
2009-09-16,0.08768936983461001
2009-09-17,0.07829408104693247
2009-09-18,0.07019036845860381
2009-09-21,0.057405871845056425
2009-09-22,0.0437970551002274
2009-09-23,0.03554693382144584
2009-09-24,0.02252651303917869
2009-09-25,0.017082660757206745
2009-09-28,0.03260022760820529
2009-09-29,0.029779159403631687
2009-09-30,0.03484256205162723
2009-10-01,0.03202134305663782
2009-10-02,0.031148448408394334
2009-10-05,0.037685484387970106
2009-10-06,0.03799674864042492
2009-10-07,0.03215614584598236
2009-10-08,0.03213784412285925
2009-10-09,0.02804923165684056
2009-10-12,0.03214805984459372
2009-10-13,0.025246689504168106
2009-10-14,0.038145384492815015
2009-10-15,0.026777439040588335
2009-10-16,0.020767336711635158
2009-10-19,0.028360967455607972
2009-10-20,0.025596814436287852
2009-10-21,0.010776088567204047
2009-10-22,0.029235286203787524
2009-10-23,0.028816110322443862
2009-10-26,0.02327918210141166
2009-10-27,0.000939958524256701
2009-10-28,-0.015113392346285984
2009-10-29,0.009989256725846479
2009-10-30,0.005713643211900088
2009-11-02,0.01769800653181505
2009-11-03,0.00603775841782542
2009-11-04,-0.00560784673934141
2009-11-05,0.009875506458585965
2009-11-06,0.004865826486122469
2009-11-09,0.021308315511108785
2009-11-10,0.01758214045414734
2009-11-11,0.024724361263734132
2009-11-12,-0.0025649074552271554
2009-11-13,-0.0008211336929306197
2009-11-16,0.021081619227820966
2009-11-17,0.014019162305591098
2009-11-18,0.01868758725469748
2009-11-19,0.014584021614403192
2009-11-20,0.0009139980286900788
2009-11-23,0.02503522449771596
2009-11-24,0.03745212079175151
2009-11-25,0.045554417386702704
2009-11-27,0.048238097126829416
2009-11-30,0.03038192524053829
2009-12-01,0.07207821605090996
2009-12-02,0.06431734567431528
2009-12-03,0.053307822498460646
2009-12-04,0.056422285610829806
2009-12-07,0.036661509797120746
2009-12-08,0.0228854992999204
2009-12-09,0.004098477556504484
2009-12-10,0.009535693328053024
2009-12-11,0.008677780343812566
2009-12-14,0.025714197699777664
2009-12-15,0.015659021873477064
2009-12-16,0.0027838873333079616
2009-12-17,-0.010473223736519117
2009-12-18,-0.004202768971173649
2009-12-21,0.019025102360071683
2009-12-22,0.02616957531007783
2009-12-23,0.01551408039393976
2009-12-24,0.01870468939300318
2009-12-28,0.017328627424534535
2009-12-29,0.0322918543995697
2009-12-30,0.02856555150476438
2009-12-31,0.006626123517488406
2010-01-04,0.02389283980359937
2010-01-05,0.034388120366877536
2010-01-06,0.029400529455097028
2010-01-07,0.03514528765335726
2010-01-08,0.04962647578385126
2010-01-11,0.0472881589139848
2010-01-12,0.03229917139449209
2010-01-13,0.03647131157217745
2010-01-14,0.03235529006544468
2010-01-15,0.025726598695791598
2010-01-19,0.036619088340589113
2010-01-20,0.03848675899636837
2010-01-21,0.013429309220202636
2010-01-22,-0.019226382318299578
2010-01-25,-0.017698354847340038
2010-01-26,-0.023863959565978827
2010-01-27,-0.02384160445736902
2010-01-28,-0.037511709493610754
2010-01-29,-0.04701914971372811
2010-02-01,-0.031232699182119267
2010-02-02,-0.009557495503683145
2010-02-03,-0.03137021241345116
2010-02-04,-0.06536636325347221
2010-02-05,-0.06400549478966922
2010-02-08,-0.0754628707281157
2010-02-09,-0.06630294629727289
2010-02-10,-0.06965850834483123
2010-02-11,-0.04987752930928353
2010-02-12,-0.0591213526621977
2010-02-16,-0.04620954191692616
2010-02-17,-0.030194769725733307
2010-02-18,-0.03673464557595436
2010-02-19,-0.024442374191303278
2010-02-22,-0.004846508128432252
2010-02-23,0.005479262192957352
2010-02-24,0.009520185671329458
2010-02-25,0.012364723812601508
2010-02-26,0.008251306568784682
2010-03-01,0.03012092986851581
2010-03-02,0.043815975215176196
2010-03-03,0.029275641425335418
2010-03-04,0.020268180678883512
2010-03-05,0.03945562158632706
2010-03-08,0.07098236830245544
2010-03-09,0.07057969383233349
2010-03-10,0.08227057439403772
2010-03-11,0.07395477423033664
2010-03-12,0.07600146186091511
2010-03-15,0.06584952699667175
2010-03-16,0.07461714950498997
2010-03-17,0.06491439638903856
2010-03-18,0.059674375028722956
2010-03-19,0.04872205019505161
2010-03-22,0.05198230819978965
2010-03-23,0.05881119069606584
2010-03-24,0.06616355436712172
2010-03-25,0.055380434881616404
2010-03-26,0.056134595358073434
2010-03-29,0.06182990906764013
2010-03-30,0.05218035325495097
2010-03-31,0.04600029915121455
2010-04-01,0.05192342238593085
2010-04-05,0.057017125645051424
2010-04-06,0.045179455724980944
2010-04-07,0.03927669501456875
2010-04-08,0.04107280818959487
2010-04-09,0.043172996304221174
2010-04-12,0.04059471184392828
2010-04-13,0.04125978430740989
2010-04-14,0.0522853008589428
2010-04-15,0.045175533370008715
2010-04-16,0.02322576637392578
2010-04-19,0.02750129154061632
2010-04-20,0.041466991989092046
2010-04-21,0.034313568463892934
2010-04-22,0.030283851885754012
2010-04-23,0.041656897742189156
2010-04-26,0.039500873552984254
2010-04-27,0.016166353279697173
2010-04-28,0.017406264734742095
2010-04-29,0.029045908785732617
2010-04-30,0.015351455752614028
2010-05-03,0.021416249968766427
2010-05-04,-0.010495920851107732
2010-05-05,-0.018825196859814965
2010-05-06,-0.04687404884048145
2010-05-07,-0.06531885351325518
2010-05-10,-0.028766396908502398
2010-05-11,-0.033199192660681234
2010-05-12,-0.02006152050214822
2010-05-13,-0.0438553859366203
2010-05-14,-0.06295122663991623
2010-05-17,-0.04638489356494153
2010-05-18,-0.06384316109671169
2010-05-19,-0.07844483110504047
2010-05-20,-0.11511421309055524
2010-05-21,-0.10359914788077593
2010-05-24,-0.12301976219031735
2010-05-25,-0.1182159337046067
2010-05-26,-0.10032743048137667
2010-05-27,-0.07494601835240296
2010-05-28,-0.09989633814235417
2010-06-01,-0.09975536130665742
2010-06-02,-0.08692829924597636
2010-06-03,-0.05969450595793966
2010-06-04,-0.08948880298581037
2010-06-07,-0.06824067443383913
2010-06-08,-0.042598480834276045
2010-06-09,-0.09105762944132464
2010-06-10,-0.05940064079898808
2010-06-11,-0.06844606922920797
2010-06-14,-0.05748823527483997
2010-06-15,-0.016733905643173605
2010-06-16,-0.017617936881304065
2010-06-17,-0.002315704857014633
2010-06-18,0.0044783112103170064
2010-06-21,0.040100954601433876
2010-06-22,0.008952848010843593
2010-06-23,0.01875951956761115
2010-06-24,0.0010294578709104652
2010-06-25,0.011256997896959525
2010-06-28,-0.024848880558428488
2010-06-29,-0.043582479637092955
2010-06-30,-0.03616110331463644
2010-07-01,-0.06633319767445227
2010-07-02,-0.07523608075467797
2010-07-06,-0.032932696595492035
2010-07-07,0.010606848744848539
2010-07-08,0.009798085707455056
2010-07-09,0.022595993678771534
2010-07-12,-0.005567462924840606
2010-07-13,0.0045644295274353645
2010-07-14,0.006024274443862124
2010-07-15,-0.016185985516703964
2010-07-16,-0.04374914594420787
2010-07-19,-0.03946650590625033
2010-07-20,-0.029520134481868632
2010-07-21,-0.03973454486278813
2010-07-22,-0.0010040769316735905
2010-07-23,0.010745358890505903
2010-07-26,0.03781617263139714
2010-07-27,0.03354555820345193
2010-07-28,0.03022710886534719
2010-07-29,0.056705819474961124
2010-07-30,0.0660694134777949
2010-08-02,0.0928656175472762
2010-08-03,0.09353006135908833
2010-08-04,0.09365605244040304
2010-08-05,0.06158293291837364
2010-08-06,0.04765192564544156
2010-08-09,0.04553907988205105
2010-08-10,0.039476801651128504
2010-08-11,-0.0032880197855365252
2010-08-12,-0.009345894007981899
2010-08-13,-0.012569462508071033
2010-08-16,0.014889536721537727
2010-08-17,0.021210621086505982
2010-08-18,0.01200396773183175
2010-08-19,0.007536817997097029
2010-08-20,-0.017788794378110522
2010-08-23,-0.03025137853699349
2010-08-24,-0.05556712554971828
2010-08-25,-0.05160007512655678
2010-08-26,-0.05184934740522295
2010-08-27,-0.03159405203914699
2010-08-30,-0.046023707036280385
2010-08-31,-0.06835356132875095
2010-09-01,-0.03407991190429744
2010-09-02,-0.03147165214847193
2010-09-03,-0.01752062351352301
2010-09-07,-0.024772750844584218
2010-09-08,-0.023098343070169062
2010-09-09,-0.013076502529807271
2010-09-10,0.01974867350698608
2010-09-13,0.03695898015682487
2010-09-14,0.03928845982703634
2010-09-15,0.043559982874928974
2010-09-16,0.031084481492075874
2010-09-17,0.02963404523134041
2010-09-20,0.06235844179653985
2010-09-21,0.06359204624484112
2010-09-22,0.062487554157923134
2010-09-23,0.06929800358739296
2010-09-24,0.08583243569840314
2010-09-27,0.08775506846482092
2010-09-28,0.07587836214191875
2010-09-29,0.0887439752169085
2010-09-30,0.08576916713903006
2010-10-01,0.060492779531027524
2010-10-04,0.04369190112021512
2010-10-05,0.050735435594808725
2010-10-06,0.0619858786678833
2010-10-07,0.053779855582231195
2010-10-08,0.05476423793889134
2010-10-11,0.05067215928358195
2010-10-12,0.04269189515232615
2010-10-13,0.051059775644658766
2010-10-14,0.043341391005304146
2010-10-15,0.0456476249465799
2010-10-18,0.050190510083027
2010-10-19,0.021825224710513885
2010-10-20,0.03355917186882429
2010-10-21,0.04068787790588847
2010-10-22,0.05069242254487494
2010-10-25,0.03323360526621445
2010-10-26,0.038203553828671855
2010-10-27,0.03184129920972791
2010-10-28,0.03375621696919156
2010-10-29,0.037490310157154455
2010-11-01,0.03363103062915534
2010-11-02,0.04906229591007287
2010-11-03,0.03314034412974745
2010-11-04,0.052300917110018705
2010-11-05,0.057263885936187156
2010-11-08,0.049794833643838195
2010-11-09,0.041641078291658105
2010-11-10,0.042581150252505216
2010-11-11,0.03105949565100022
2010-11-12,0.023059151699634378
2010-11-15,0.019602853285938072
2010-11-16,-0.0010149022264408158
2010-11-17,0.012683165348999732
2010-11-18,0.017576154313580596
2010-11-19,0.018119806535401427
2010-11-22,0.015427725000961196
2010-11-23,-0.002108424314180971
2010-11-24,0.012389352974370322
2010-11-26,0.0035417987875568983
2010-11-29,0.006398163786453683
2010-11-30,0.0
2010-12-01,0.020707241744225748
2010-12-02,0.025535243019656966
2010-12-03,0.024214568495762596
2010-12-06,0.004081573007868295
2010-12-07,0.0008957775009640157
2010-12-08,0.006429121583310776
2010-12-09,0.01752516705290527
2010-12-10,0.01930460790649732
2010-12-13,0.023721946303881122
2010-12-14,0.03651368421831644
2010-12-15,0.033345899470881596
2010-12-16,0.0548333503548976
2010-12-17,0.055396025142171915
2010-12-20,0.043195388390695345
2010-12-21,0.046768836876931834
2010-12-22,0.05070564972184751
2010-12-23,0.06385649071767803
2010-12-27,0.049588727333301226
2010-12-28,0.06273534460166971
2010-12-29,0.06042468661256264
2010-12-30,0.06447425652690386
2010-12-31,0.04366783593432337
2011-01-03,0.04122532972295672
2011-01-04,0.03798510797932751
2011-01-05,0.044228100559615964
2011-01-06,0.04169721096707607
2011-01-07,0.03607567442978447
2011-01-10,0.03093046150047251
2011-01-11,0.028667484576573136
2011-01-12,0.037008844337496294
2011-01-13,0.03449159509035281
2011-01-14,0.04629282859729285
2011-01-18,0.042207484531056355
2011-01-19,0.03128383438453797
2011-01-20,0.027546762318300035
2011-01-21,0.02348768721478664
2011-01-24,0.02605327956098494
2011-01-25,0.028027198025188438
2011-01-26,0.03149270281307551
2011-01-27,0.032526131004905715
2011-01-28,0.014193671848298579
2011-01-31,0.023271257791613674
2011-02-01,0.03891472237382746
2011-02-02,0.026716243581682245
2011-02-03,0.029486765376286223
2011-02-04,0.027127353581470014
2011-02-07,0.03532164996492214
2011-02-08,0.04182230844506705
2011-02-09,0.04081591459829477
2011-02-10,0.037656002225195676
2011-02-11,0.034624301931322175
2011-02-14,0.0386602126914155
2011-02-15,0.028289302282559103
2011-02-16,0.03288428698377656
2011-02-17,0.04572234299562475
2011-02-18,0.049132061272828036
2011-02-22,0.026596625505203482
2011-02-23,0.014762491163662109
2011-02-24,0.013533535886290927
2011-02-25,0.020306040087712182
2011-02-28,0.02401838401702203
2011-03-01,0.02482268348622038
2011-03-02,0.01947058979285383
2011-03-03,0.020666283910171966
2011-03-04,0.015058978569298059
2011-03-07,0.004957960559736827
2011-03-08,0.010844898131234139
2011-03-09,0.0031772929911526382
2011-03-10,-0.020038070675443467
2011-03-11,-0.010870529512488849
2011-03-14,-0.017304292101510587
2011-03-15,-0.03478002006563577
2011-03-16,-0.055867585476326774
2011-03-17,-0.03956680383899172
2011-03-18,-0.04223150258511348
2011-03-21,-0.02983671985902778
2011-03-22,-0.035394640871168524
2011-03-23,-0.012263114632429566
2011-03-24,0.003418095841182371
2011-03-25,0.007156730275554838
2011-03-28,-0.00591974959188738
2011-03-29,-0.005400620965040615
2011-03-30,0.018290061030914954
2011-03-31,0.014797273432997467
2011-04-01,0.0019342090708668676
2011-04-04,0.010281057670975756
2011-04-05,0.01801233822184622
2011-04-06,0.012447743596754149
2011-04-07,0.011335026448067897
2011-04-08,0.02655791306147375
2011-04-11,0.016640768432967332
2011-04-12,0.01519430280526721
2011-04-13,0.026641993509559134
2011-04-14,0.04608812194083075
2011-04-15,0.036582176755994414
2011-04-18,0.021679632291214963
2011-04-19,0.012028515219232032
2011-04-20,0.02904262206093578
2011-04-21,0.03128096744257526
2011-04-25,0.020716101019856808
2011-04-26,0.026232987527649295
2011-04-27,0.03518094849490775
2011-04-28,0.03172271458478056
2011-04-29,0.027193464787506047
2011-05-02,0.027009450428232804
2011-05-03,0.019191230817199683
2011-05-04,0.011712492625526294
2011-05-05,0.002773283703865001
2011-05-06,0.004031906488584849
2011-05-09,0.010446487604730024
2011-05-10,0.022402064408646734
2011-05-11,0.014837329364653934
2011-05-12,0.02708858830919263
2011-05-13,0.019435338929191644
2011-05-16,0.012313696214515618
2011-05-17,0.008521297440996346
2011-05-18,0.02868995676299594
2011-05-19,0.025340467276534887
2011-05-20,0.0038246957672899177
2011-05-23,-0.01294027194029343
2011-05-24,-0.012726675878828222
2011-05-25,-0.01796586903354586
2011-05-26,-0.0198763551556103
2011-05-27,-0.0192869510799837
2011-05-31,-0.011277865412304265
2011-06-01,-0.03245449687193334
2011-06-02,-0.029913166429304205
2011-06-03,-0.033254732650006294
2011-06-06,-0.034802923580507815
2011-06-07,-0.039828826154573865
2011-06-08,-0.04789275557512078
2011-06-09,-0.0487894459871022
2011-06-10,-0.05221814980954775
2011-06-13,-0.05618336944516299
2011-06-14,-0.03584797804117458
2011-06-15,-0.04743179797658838
2011-06-16,-0.04507985224089774
2011-06-17,-0.05099677968610534
2011-06-20,-0.04827217210118811
2011-06-21,-0.026684950552776383
2011-06-22,-0.021059741062027505
2011-06-23,-0.023105824511235468
2011-06-24,-0.038116956344195256
2011-06-27,-0.03384237627889354
2011-06-28,-0.024701194839723512
2011-06-29,-0.026530886558662148
2011-06-30,0.005703721433760616
2011-07-01,0.021433565028009013
2011-07-05,0.030606320560570572
2011-07-06,0.042439104616142184
2011-07-07,0.05338060756526092
2011-07-08,0.050459954367495216
2011-07-11,0.02461172750418378
2011-07-12,0.03429158370192528
2011-07-13,0.03685049738933784
2011-07-14,0.017318106904332123
2011-07-15,0.04105140598804604
2011-07-18,0.030614863004002475
2011-07-19,0.043736111704993204
2011-07-20,0.0380303033905261
2011-07-21,0.03819522847924007
2011-07-22,0.04490776349899815
2011-07-25,0.04219869000426308
2011-07-26,0.05013754910097504
2011-07-27,0.020577974844280957
2011-07-28,0.004695413788230687
2011-07-29,-0.010690186393332685
2011-08-01,-0.024469460626285022
2011-08-02,-0.06501647460600106
2011-08-03,-0.058790686918489224
2011-08-04,-0.10795978308957171
2011-08-05,-0.11977942057196045
2011-08-08,-0.18000304111393697
2011-08-09,-0.11630673468650975
2011-08-10,-0.15716137622770848
2011-08-11,-0.11659823324714944
2011-08-12,-0.10296182129048918
2011-08-15,-0.08780548387943035
2011-08-16,-0.088146494442454
2011-08-17,-0.10357899828097208
2011-08-18,-0.14705169041620836
2011-08-19,-0.17729327846137635
2011-08-22,-0.17716299867837787
2011-08-23,-0.13919432600797083
2011-08-24,-0.12146481952117386
2011-08-25,-0.11613796817851973
2011-08-26,-0.0987950339685089
2011-08-29,-0.06360597992170286
2011-08-30,-0.056710527334963796
2011-08-31,-0.026403491071238214
2011-09-01,-0.042335467473488375
2011-09-02,-0.020243628010863282
2011-09-06,-0.026069694915757242
2011-09-07,0.06908787493156712
2011-09-08,0.013191454637270162
2011-09-09,0.03181539935234684
2011-09-12,-0.005641117727453248
2011-09-13,-0.0032221702785197627
2011-09-14,-0.01041734875402723
2011-09-15,0.015268638298414555
2011-09-16,0.02050140517709933
2011-09-19,0.054569713273723
2011-09-20,0.06987107870655931
2011-09-21,0.039171124453069125
2011-09-22,-0.026067670787276558
2011-09-23,-0.0340470226733627
2011-09-26,0.004815917445301489
2011-09-27,0.0015086143921017412
2011-09-28,-0.04745231704954587
2011-09-29,-0.04221354143731155
2011-09-30,-0.07194814060899792
2011-10-03,-0.09029068616964894
2011-10-04,-0.04272245084724395
2011-10-05,-0.017052213027296783
2011-10-06,-0.026939650821988712
2011-10-07,-0.02321220467267212
2011-10-10,0.036245530211437005
2011-10-11,0.030799448679525988
2011-10-12,0.030403949751687382
2011-10-13,0.014665156824174014
2011-10-14,0.01450452549527229
2011-10-17,-0.010672290526269921
2011-10-18,0.018691972187120157
2011-10-19,0.007956530469459922
2011-10-20,0.04222365726625248
2011-10-21,0.09389169413846854
2011-10-24,0.10007092818910773
2011-10-25,0.05693425706209427
2011-10-26,0.0559191939199028
2011-10-27,0.11079127571511511
2011-10-28,0.10268598016112636
2011-10-31,0.10359133526499087
2011-11-01,0.10417712306461656
2011-11-02,0.09867117300456735
2011-11-03,0.09838782584869622
2011-11-04,0.0743411659516569
2011-11-07,0.0872562094131815
2011-11-08,0.06710679602674093
2011-11-09,0.028495809916185465
2011-11-10,0.02913647936174653
2011-11-11,0.049773585582882106
2011-11-14,0.023304716846108874
2011-11-15,0.04751013724912527
2011-11-16,0.012162511520729107
2011-11-17,0.008058006339505227
2011-11-18,0.002626961535535746
2011-11-21,-0.03538544264320063
2011-11-22,-0.051507314657580315
2011-11-23,-0.0541853124359828
2011-11-25,-0.06618093149390553
2011-11-28,-0.07186785934697026
2011-11-29,-0.06879873485121736
2011-11-30,-0.004071942415461075
2011-12-01,0.024053084580167135
2011-12-02,0.006992314745100809
2011-12-05,-0.00023737617605834255
2011-12-06,0.006196744093490939
2011-12-07,0.0037154095302283857
2011-12-08,-0.031214081418678426
2011-12-09,0.02319443475175896
2011-12-12,-0.0008853145497150809
2011-12-13,-0.028915123588398144
2011-12-14,-0.030099356969733787
2011-12-15,-0.03142123471337266
2011-12-16,-0.013949425930167273
2011-12-19,-0.008694562407195492
2011-12-20,0.02218148602850784
2011-12-21,0.043319367118707604
2011-12-22,0.05607471443244429
2011-12-23,0.08728868563980792
2011-12-27,0.08996863708509174
2011-12-28,0.04820274794745093
2011-12-29,0.05564740392580273
2011-12-30,0.01039446062600868
2012-01-03,0.02636484708890735
2012-01-04,0.028812727995929047
2012-01-05,0.020638098005717392
2012-01-06,0.017740611682276152
2012-01-09,0.016450072330853938
2012-01-10,0.047263495706610134
2012-01-11,0.031004787282728236
2012-01-12,0.048106479197641806
2012-01-13,0.052302368905190834
2012-01-17,0.06687917764432319
2012-01-18,0.07426630309721957
2012-01-19,0.07804782969971258
2012-01-20,0.09251735881305946
2012-01-23,0.06012637051266125
2012-01-24,0.057051189160039525
2012-01-25,0.05656390275629975
2012-01-26,0.04251999328863077
2012-01-27,0.04127381971415602
2012-01-30,0.05106502793387888
2012-01-31,0.04040368284339955
2012-02-01,0.054050239834373764
2012-02-02,0.03982365143768634
2012-02-03,0.05217731591517868
2012-02-06,0.04884998773415601
2012-02-07,0.053956167338436514
2012-02-08,0.05449471355940056
2012-02-09,0.04711811721048283
2012-02-10,0.039161275162213245
2012-02-13,0.04417981255734019
2012-02-14,0.04811008162275517
2012-02-15,0.0395652839051565
2012-02-16,0.03958278410733012
2012-02-17,0.0369622316273664
2012-02-21,0.033681888850242925
2012-02-22,0.0330325404763605
2012-02-23,0.038573804417998514
2012-02-24,0.03243469485241278
2012-02-27,0.039255642722812525
2012-02-28,0.042623087207923946
2012-02-29,0.042109060250639846
2012-03-01,0.04765773441621835
2012-03-02,0.035885055279888396
2012-03-05,0.030214036098381893
2012-03-06,0.001560177738918493
2012-03-07,0.009180475467623708
2012-03-08,0.01655479718259042
2012-03-09,0.01745125686702442
2012-03-12,0.016267828185476636
2012-03-13,0.041548089119223405
2012-03-14,0.033061325844771734
2012-03-15,0.04009085324051869
2012-03-16,0.04614595193500566
2012-03-19,0.03904567376897301
2012-03-20,0.03348803039305318
2012-03-21,0.03140959236466936
2012-03-22,0.02740882131589287
2012-03-23,0.026235754737725627
2012-03-26,0.03797982742800816
2012-03-27,0.033189948538693226
2012-03-28,0.025306166035314288
2012-03-29,0.027529792464559142
2012-03-30,0.026489038523434465
2012-04-02,0.036831203957997674
2012-04-03,0.036820371111076965
2012-04-04,0.04159339547529231
2012-04-05,0.034141096922627026
2012-04-09,0.012946677962919623
2012-04-10,-0.00784026110874845
2012-04-11,0.00014800099904545096
2012-04-12,-0.004736587573618585
2012-04-13,-0.015623897895044944
2012-04-16,-0.022053728929687575
2012-04-17,-0.008733879349759032
2012-04-18,-0.016031198322294
2012-04-19,-0.019557715693817108
2012-04-20,-0.01625022585459684
2012-04-23,-0.01746427654813291
2012-04-24,-0.016898353306532263
2012-04-25,-0.017237070863279066
2012-04-26,-0.007180393774555004
2012-04-27,-0.0005693765772136833
2012-04-30,-0.002570435945018299
2012-05-01,-0.000497113447907694
2012-05-02,-0.010773875411486868
2012-05-03,-0.014331270627356677
2012-05-04,-0.02066114500311844
2012-05-07,-0.019430301221182056
2012-05-08,-0.012155912416693664
2012-05-09,-0.001178337949084237
2012-05-10,-0.0071787716751876025
2012-05-11,-0.02317836656122482
2012-05-14,-0.022342229362723714
2012-05-15,-0.02744323699401012
2012-05-16,-0.04597904922928126
2012-05-17,-0.05753582332376853
2012-05-18,-0.059689864847206904
2012-05-21,-0.04431648124163633
2012-05-22,-0.03413130228128705
2012-05-23,-0.03739561650265839
2012-05-24,-0.04903108129872615
2012-05-25,-0.05922549235932183
2012-05-29,-0.04882603623448064
2012-05-30,-0.05973125925148409
2012-05-31,-0.06813541327490573
2012-06-01,-0.09064612226470213
2012-06-04,-0.08345905029496196
2012-06-05,-0.05962555203208833
2012-06-06,-0.03813616737968298
2012-06-07,-0.033509943218735766
2012-06-08,-0.01964059045589424
2012-06-11,-0.03447977752639184
2012-06-12,-0.020035765904953293
2012-06-13,-0.015327942268794515
2012-06-14,0.0009740778748038561
2012-06-15,0.014982303897837144
2012-06-18,0.03186013456522223
2012-06-19,0.0500820865622931
2012-06-20,0.031417271158781256
2012-06-21,0.006981745605611637
2012-06-22,0.014124422715427723
2012-06-25,-0.004003624973890879
2012-06-26,0.004259327871730367
2012-06-27,0.001196306543926971
2012-06-28,0.012954800667936452
2012-06-29,0.03977942132530475
2012-07-02,0.06828674087316396
2012-07-03,0.0753256835311855
2012-07-05,0.0632598935982056
2012-07-06,0.03149131405414136
2012-07-09,0.029630006298502678
2012-07-10,0.012951790353225886
2012-07-11,0.025879081264710384
2012-07-12,0.009597250215079602
2012-07-13,0.032650697751099404
2012-07-16,0.0197460812579801
2012-07-17,0.01641408442583736
2012-07-18,0.021857692287883677
2012-07-19,0.014848985294659762
2012-07-20,0.0072808892051277815
2012-07-23,0.019811435046972935
2012-07-24,0.0035154374518118476
2012-07-25,0.019904420653887377
2012-07-26,0.03125378751728385
2012-07-27,0.04054306544015421
2012-07-30,0.04340065236206111
2012-07-31,0.01176011927452301
2012-08-01,0.007880155098457247
2012-08-02,-0.005619399235024953
2012-08-03,0.018541673903328185
2012-08-06,0.030026294669640206
2012-08-07,0.036282742847870496
2012-08-08,0.04625226108848828
2012-08-09,0.046956948588667495
2012-08-10,0.053447910082444046
2012-08-13,0.03631228267782788
2012-08-14,0.03881490458180594
2012-08-15,0.03310662083014582
2012-08-16,0.033078589703228786
2012-08-17,0.03179854287348408
2012-08-20,0.0410592494599769
2012-08-21,0.048194170587258965
2012-08-22,0.05724118074316242
2012-08-23,0.0488038417503014
2012-08-24,0.038466063050917966
2012-08-27,0.02041272145739898
2012-08-28,0.01942340402899458
2012-08-29,0.027220130146605487
2012-08-30,0.02085824047089296
2012-08-31,0.032544402040627925
2012-09-04,0.011983945592100654
2012-09-05,0.009197324012924706
2012-09-06,0.02428882288813167
2012-09-07,0.026965873545266784
2012-09-10,0.020414792217498017
2012-09-11,0.021563824119626474
2012-09-12,0.025391018815047284
2012-09-13,0.04036977101921267
2012-09-14,0.04365871846658477
2012-09-17,0.032905884876868505
2012-09-18,0.030750195017855437
2012-09-19,0.031225940203559514
2012-09-20,0.03432246937250764
2012-09-21,0.03348110944656044
2012-09-24,0.04018514508902607
2012-09-25,0.023461175081467216
2012-09-26,0.01761212325628093
2012-09-27,0.02797901170493841
2012-09-28,0.022558687007490634
2012-10-01,0.0324281341919151
2012-10-02,0.028709291503929448
2012-10-03,0.03370583326204456
2012-10-04,0.04169879491990298
2012-10-05,0.021674573685434132
2012-10-08,0.014359161250871532
2012-10-09,0.010120166220707771
2012-10-10,0.0009363743270200701
2012-10-11,-0.001835349964322111
2012-10-12,-0.02024032322742182
2012-10-15,-0.016371412417657986
2012-10-16,-0.0028875423699762
2012-10-17,0.0024555274118435765
2012-10-18,-0.0006933230688759687
2012-10-19,-0.01756570595250171
2012-10-22,-0.017007706385378612
2012-10-23,-0.029472281037579144
2012-10-24,-0.02160576053561774
2012-10-25,-0.013065543495137824
2012-10-26,-0.02300900208991028
2012-10-31,-0.018366031637228084
2012-11-01,-0.010586020988292609
2012-11-02,-0.020555717572618877
2012-11-05,-0.022584273778224875
2012-11-06,-0.021931272955175992
2012-11-07,-0.04492440428110973
2012-11-08,-0.053594450457797684
2012-11-09,-0.042788672182108994
2012-11-12,-0.03559214915874586
2012-11-13,-0.03962804844086395
2012-11-14,-0.04993504374726518
2012-11-15,-0.059922037640373224
2012-11-16,-0.06507923746792324
2012-11-19,-0.04956700319234339
2012-11-20,-0.04653277579673621
2012-11-21,-0.027861706286703303
2012-11-23,-0.014468824774426865
2012-11-26,-0.0026196337212481694
2012-11-27,-0.004904850646084467
2012-11-28,0.0002121850007357858
2012-11-29,0.005432547244721159
2012-11-30,0.005643702230684802
2012-12-03,-0.009708655266522061
2012-12-04,-0.0021926081312616218
2012-12-05,-0.002470497611456639
2012-12-06,-0.0068788708364800975
2012-12-07,0.019069792489933346
2012-12-10,0.03158803305659345
2012-12-11,0.03750426518811623
2012-12-12,0.03719628585405425
2012-12-13,0.03452303949878192
2012-12-14,0.04439107868022229
2012-12-17,0.05776822203381738
2012-12-18,0.06391049033039525
2012-12-19,0.03641620872040327
2012-12-20,0.0417208710899243
2012-12-21,0.030736314313314073
2012-12-24,0.014117095773080188
2012-12-26,0.012018004003743709
2012-12-27,0.015794240810479292
2012-12-28,-0.003093210008832625
2012-12-31,0.009105922158092507
2013-01-02,0.03420229699099233
2013-01-03,0.03687666517097262
2013-01-04,0.04267405106006337
2013-01-07,0.03816903577482721
2013-01-08,0.03190121895807957
2013-01-09,0.03141569324000463
2013-01-10,0.03891277506528356
2013-01-11,0.03205929049703629
2013-01-14,0.030890988927377256
2013-01-15,0.03772225512179148
2013-01-16,0.04130900474838164
2013-01-17,0.03606509257838756
2013-01-18,0.02722460801720737
2013-01-22,0.04006061782387682
2013-01-23,0.03593312171357049
2013-01-24,0.045319265585749474
2013-01-25,0.05401180489682787
2013-01-28,0.05703664679936865
2013-01-29,0.06230195118316105
2013-01-30,0.06924534924271028
2013-01-31,0.04992334884932066
2013-02-01,0.034850445681417395
2013-02-04,0.025808485376549544
2013-02-05,0.0314729022834729
2013-02-06,0.03493710526833606
2013-02-07,0.03649502776244079
2013-02-08,0.039505184405141815
2013-02-11,0.03138981859169083
2013-02-12,0.03310341982382555
2013-02-13,0.03463823614562723
2013-02-14,0.03487756350116264
2013-02-15,0.03383124813427471
2013-02-19,0.034858199233532866
2013-02-20,0.0200891996617104
2013-02-21,0.008613016130960029
2013-02-22,0.01673042825920957
2013-02-25,-0.0027478374214361273
2013-02-26,-0.0015322467085170839
2013-02-27,0.012186296536403334
2013-02-28,0.006285507961620762
2013-03-01,0.013502019927348789
2013-03-04,0.0212812976853184
2013-03-05,0.01996583578319254
2013-03-06,0.03262995379803884
2013-03-07,0.02439385995721738
2013-03-08,0.02792124606105101
2013-03-11,0.03303338187009329
2013-03-12,0.025238595696288932
2013-03-13,0.02684792489506266
2013-03-14,0.03051242152098943
2013-03-15,0.02833681126339662
2013-03-18,0.02188300651899429
2013-03-19,0.020739714682677594
2013-03-20,0.020234252020845226
2013-03-21,0.024196770110275212
2013-03-22,0.03829494913248825
2013-03-25,0.02438302976910692
2013-03-26,0.051564165135934203
2013-03-27,0.04474252992045237
2013-03-28,0.035291519717576804
2013-04-01,0.033303327743723785
2013-04-02,0.034932802108718075
2013-04-03,0.019430472488104422
2013-04-04,0.014562311824298157
2013-04-05,0.008701212928955517
2013-04-08,0.013634211202946977
2013-04-09,0.012830225951740203
2013-04-10,0.021215772228226334
2013-04-11,0.026734114922016966
2013-04-12,0.022869330514239266
2013-04-15,-0.00588777217890841
2013-04-16,0.010088461795788617
2013-04-17,0.0009029217088008406
2013-04-18,-0.0030449330478940217
2013-04-19,-0.0013499448392490466
2013-04-22,0.011657568734777841
2013-04-23,0.013913401444957523
2013-04-24,0.0187328878012965
2013-04-25,0.014807824539892054
2013-04-26,0.01304000345645595
2013-04-29,0.016647393274318
2013-04-30,0.022995046649848708
2013-05-01,0.0092668477291757
2013-05-02,0.028702819748459174
2013-05-03,0.03474114055733537
2013-05-06,0.0417804515105876
2013-05-07,0.04009212022520351
2013-05-08,0.04118181676038638
2013-05-09,0.026187164961203765
2013-05-10,0.026163965076387456
2013-05-13,0.02941211255355833
2013-05-14,0.063139432688806
2013-05-15,0.05385639996970397
2013-05-16,0.06386961495838249
2013-05-17,0.07977392493547875
2013-05-20,0.07105727866845207
2013-05-21,0.06806597471456963
2013-05-22,0.050364415915803616
2013-05-23,0.046833864395579836
2013-05-24,0.041941432191817674
2013-05-28,0.04968081146854164
2013-05-29,0.03648878737603439
2013-05-30,0.0377913724495287
2013-05-31,0.03214142082543528
2013-06-03,0.028388392255947893
2013-06-04,0.013480420277736466
2013-06-05,-0.003157910292557791
2013-06-06,0.0007992512284038665
2013-06-07,0.00889876050228397
2013-06-10,0.011719157062206284
2013-06-11,-0.0018990458998674193
2013-06-12,-0.011006120414498596
2013-06-13,-0.006192171790521768
2013-06-14,-0.01785651333535889
2013-06-17,-0.005458180180626397
2013-06-18,-0.00721445306931528
2013-06-19,-0.02106717376470224
2013-06-20,-0.0475947779453142
2013-06-21,-0.03694424220905988
2013-06-24,-0.04676347149531217
2013-06-25,-0.03634851049547729
2013-06-26,-0.03246808320821839
2013-06-27,-0.020099151654729874
2013-06-28,-0.02789035532476641
2013-07-01,-0.007591818637199115
2013-07-02,-0.0140131954970876
2013-07-03,-0.008760450280719274
2013-07-05,0.016070260160788465
2013-07-08,0.012746237281971579
2013-07-09,0.007277751101401583
2013-07-10,0.007640998824999197
2013-07-11,0.03153868518913968
2013-07-12,0.040268528886197474
2013-07-15,0.028987865530092555
2013-07-16,0.03152652297799144
2013-07-17,0.026398228715363074
2013-07-18,0.02398613461322845
2013-07-19,0.0396745274732364
2013-07-22,0.06671372303318894
2013-07-23,0.061382041108491735
2013-07-24,0.07042631382957762
2013-07-25,0.06328800640640231
2013-07-26,0.054500877381195585
2013-07-29,0.04556819727356054
2013-07-30,0.049674254329197455
2013-07-31,0.04454334476482899
2013-08-01,0.05696492364996484
2013-08-02,0.0582289249817265
2013-08-05,0.04603480674294962
2013-08-06,0.03464799067897654
2013-08-07,0.02423032157958397
2013-08-08,0.027524893821290006
2013-08-09,0.011106313132095409
2013-08-12,0.009506141600672011
2013-08-13,0.008644531630741864
2013-08-14,0.007256308213581936
2013-08-15,-0.00939242798750379
2013-08-16,-0.018166097815246238
2013-08-19,-0.026353232677817386
2013-08-20,-0.02339843120278662
2013-08-21,-0.02745109463344751
2013-08-22,-0.014705273092251767
2013-08-23,-0.013768467924701011
2013-08-26,-0.018561656722310603
2013-08-27,-0.03169691764463856
2013-08-28,-0.028152160331203265
2013-08-29,-0.02727864357992833
2013-08-30,-0.041943042030890165
2013-09-03,-0.03912943837905427
2013-09-04,-0.02942705335908161
2013-09-05,-0.022462591216474447
2013-09-06,-0.0187349419718339
2013-09-09,-0.012862073528042287
2013-09-10,-0.0026021680472896216
2013-09-11,0.0017136500389003597
2013-09-12,-0.00389836940665364
2013-09-13,0.003490148632439007
2013-09-16,0.02334595563523101
2013-09-17,0.031110082122173137
2013-09-18,0.04902958817198581
2013-09-19,0.042449091691174605
2013-09-20,0.04161131307083934
2013-09-23,0.027899953990183468
2013-09-24,0.022176528345353833
2013-09-25,0.02301058403914862
2013-09-26,0.043062859786912586
2013-09-27,0.03491115946879724
2013-09-30,0.027983753655228514
2013-10-01,0.03904109512554025
2013-10-02,0.033584130562898044
2013-10-03,0.016081361360288142
2013-10-04,0.022363512624928628
2013-10-07,0.013199030843696126
2013-10-08,-0.008046378443671228
2013-10-09,-0.014691109609632937
2013-10-10,0.003503594244288311
2013-10-11,0.01258640849578075
2013-10-14,0.01432554966677243
2013-10-15,0.0012745130227303492
2013-10-16,0.010691038953902669
2013-10-17,0.005844195485225599
2013-10-18,0.014253358646845491
2013-10-21,0.02132725689142345
2013-10-22,0.031739834225258313
2013-10-23,0.029295910981213136
2013-10-24,0.03550720035041832
2013-10-25,0.03622680140150967
2013-10-28,0.04242387075055051
2013-10-29,0.053085447731347775
2013-10-30,0.04022208528435381
2013-10-31,0.03832672864484882
2013-11-01,0.049977050325635916
2013-11-04,0.045941023919734765
2013-11-05,0.051452047219144426
2013-11-06,0.06825895311505766
2013-11-07,0.05481066204395778
2013-11-08,0.04688313334359716
2013-11-11,0.04062946368857246
2013-11-12,0.03461126493432565
2013-11-13,0.049883689587673044
2013-11-14,0.040991559239405964
2013-11-15,0.03867231676058132
2013-11-18,0.02843477927733316
2013-11-19,0.026201842101504585
2013-11-20,0.017294211760648635
2013-11-21,0.0301309632001457
2013-11-22,0.03180367938120535
2013-11-25,0.026251022605826176
2013-11-26,0.024937220354058147
2013-11-27,0.022050348712175774
2013-11-29,0.026366560002462926
2013-12-02,0.026606734167989175
2013-12-03,0.019890764541492183
2013-12-04,0.016267566922620463
2013-12-05,0.01503361053772598
2013-12-06,0.02105605657611541
2013-12-09,0.03631864726679
2013-12-10,0.019327819017604955
2013-12-11,0.007864155014092593
2013-12-12,0.0065898857412406905
2013-12-13,-0.0015147415192111949
2013-12-16,-0.0002789192051740853
2013-12-17,-0.007806153977921074
2013-12-18,0.012627910082598767
2013-12-19,0.013646983749733789
2013-12-20,0.02257985775071252
2013-12-23,0.019872176704184945
2013-12-24,0.017071250095437203
2013-12-26,0.02313811143635171
2013-12-27,0.02280732806638544
2013-12-30,0.020211746354305917
2013-12-31,0.025596428325478458
2014-01-02,0.01856674170473309
2014-01-03,0.022731922819986042
2014-01-06,0.01994101168377365
2014-01-07,0.030469339313539227
2014-01-08,0.01957245496285137
2014-01-09,0.01768705704674359
2014-01-10,0.02399596288329751
2014-01-13,0.021896226019346904
2014-01-14,0.036041370251668814
2014-01-15,0.041529655367819863
2014-01-16,0.03401597380784123
2014-01-17,0.03296333296341367
2014-01-21,0.018971035034061407
2014-01-22,0.020778630850635523
2014-01-23,0.0067516289791298
2014-01-24,-0.020143172828687914
2014-01-27,-0.027263872438614216
2014-01-28,-0.026397864141980094
2014-01-29,-0.03599474586285291
2014-01-30,-0.02528702958211953
2014-01-31,-0.035884981704474614
2014-02-03,-0.04901720737300665
2014-02-04,-0.04187276861038613
2014-02-05,-0.04022599940967674
2014-02-06,-0.03324793157961293
2014-02-07,-0.021146039794074617
2014-02-10,-0.01996529715845057
2014-02-11,-0.011799648645292399
2014-02-12,0.00208892963795826
2014-02-13,-0.003600109383243952
2014-02-14,-0.003472151050089426
2014-02-18,-0.000976416129260042
2014-02-19,-0.003381638408443315
2014-02-20,-0.0004341836879414593
2014-02-21,-0.0022267571998847314
2014-02-24,0.011532216399661108
2014-02-25,0.03271912096289321
2014-02-26,0.03770498263496184
2014-02-27,0.03700148318272157
2014-02-28,0.04917911716702042
2014-03-03,0.03157730354774653
2014-03-04,0.05141105194848365
2014-03-05,0.07507921905874537
2014-03-06,0.07038735934643205
2014-03-07,0.07206693484701794
2014-03-10,0.05843484350462716
2014-03-11,0.04116030427771613
2014-03-12,0.03959313580995895
2014-03-13,0.017431717747312687
2014-03-14,0.014125258654693374
2014-03-17,0.017978488951316995
2014-03-18,0.01958760651100147
2014-03-19,0.013049367733604654
2014-03-20,0.025515298243746102
2014-03-21,0.01574561147768264
2014-03-24,0.012743168887335595
2014-03-25,0.011946282647164765
2014-03-26,0.005107082711763276
2014-03-27,0.0029422854227472085
2014-03-28,0.002626522404620128
2014-03-31,0.008261040633831039
2014-04-01,0.02192719691301903
2014-04-02,0.011310478986326627
2014-04-03,0.00908019509444021
2014-04-04,-0.005100451339555577
2014-04-07,-0.016638077728394735
2014-04-08,-0.011992598179407675
2014-04-09,0.0036559728530817823
2014-04-10,-0.01784142753981309
2014-04-11,-0.015613981811003864
2014-04-14,-0.004954377201997881
2014-04-15,-0.007093133517807291
2014-04-16,-0.0037826411090847445
2014-04-17,0.002956141266445494
2014-04-21,0.0006149511128631215
2014-04-22,0.009035161406202212
2014-04-23,0.010834794088310121
2014-04-24,0.00812473654326521
2014-04-25,0.007110595659233188
2014-04-28,0.012383728719471469
2014-04-29,0.012110093090249454
2014-04-30,0.006927535243582772
2014-05-01,0.0004251323189023241
2014-05-02,-0.004351169193487791
2014-05-05,-0.0011139860554071766
2014-05-06,0.0020363741667407636
2014-05-07,0.01902127750522711
2014-05-08,0.013841970510084312
2014-05-09,0.004639290099960615
2014-05-12,0.035558250148102065
2014-05-13,0.045502673461348814
2014-05-14,0.03290629119615699
2014-05-15,0.017223044754252563
2014-05-16,0.010262310714413707
2014-05-19,0.012529318388029453
2014-05-20,0.0027233201373250576
2014-05-21,0.006578213603546083
2014-05-22,0.011351790076666398
2014-05-23,0.013327393577597957
2014-05-27,0.02768777833567833
2014-05-28,0.02379416724468409
2014-05-29,0.0243089943434117
2014-05-30,0.02294140582607216
2014-06-02,0.023976087090223218
2014-06-03,0.024892577404739567
2014-06-04,0.02500060247325612
2014-06-05,0.04024350303829984
2014-06-06,0.03914335083942379
2014-06-09,0.041231248753562794
2014-06-10,0.039842957616410234
2014-06-11,0.026670837772764164
2014-06-12,0.018670805960921417
2014-06-13,0.026463434885254707
2014-06-16,0.03610650025122934
2014-06-17,0.03541962068391746
2014-06-18,0.03906981339268693
2014-06-19,0.04651520630875278
2014-06-20,0.04015432761576884
2014-06-23,0.037418794226102746
2014-06-24,0.027375830884262167
2014-06-25,0.025757685033183944
2014-06-26,0.025772954627572123
2014-06-27,0.022556071231632568
2014-06-30,0.020434545974537553
2014-07-01,0.025964575047890993
2014-07-02,0.02749752263097897
2014-07-03,0.030382820993617544
2014-07-07,0.020394707323833524
2014-07-08,0.009172526456556892
2014-07-09,0.012623537304319515
2014-07-10,0.008556077903037442
2014-07-11,0.013413354783132643
2014-07-14,0.025540851728782888
2014-07-15,0.020622885269153728
2014-07-16,0.023493402075212458
2014-07-17,0.009287138119227075
2014-07-18,0.012141542467705109
2014-07-21,0.009147629833579841
2014-07-22,0.011467915720576325
2014-07-23,0.013991791727826601
2014-07-24,0.0200842976354178
2014-07-25,0.010881876753601857
2014-07-28,0.012002738760894114
2014-07-29,0.005754006339195507
2014-07-30,0.006417204482249128
2014-07-31,-0.020199728589555686
2014-08-01,-0.024274154948118975
2014-08-04,-0.02198577703431107
2014-08-05,-0.028241460992806045
2014-08-06,-0.021478876014209565
2014-08-07,-0.03138178183382937
2014-08-08,-0.015914866208496217
2014-08-11,-0.014395323417637548
2014-08-12,-0.020812269747295442
2014-08-13,-0.01219209965557763
2014-08-14,-0.011175207558848042
2014-08-15,5.0786539903987747e-05
2014-08-18,-0.0017721770650197467
2014-08-19,0.005306640743188957
2014-08-20,0.0036258975151897102
2014-08-21,0.004320220549681452
2014-08-22,0.00271457050807608
2014-08-25,0.012465117538533016
2014-08-26,0.012709797311807597
2014-08-27,0.016616951813407072
2014-08-28,0.015914930609171055
2014-08-29,0.03870467579199395
2014-09-02,0.041266302598948354
2014-09-03,0.03352328703425577
2014-09-04,0.04181898155046294
2014-09-05,0.04599175215104393
2014-09-08,0.048832001451766076
2014-09-09,0.030978908896930817
2014-09-10,0.03184045371496403
2014-09-11,0.03438355526215916
2014-09-12,0.021779170842402867
2014-09-15,0.016314769425887728
2014-09-16,0.024029210611190094
2014-09-17,0.017031030501493055
2014-09-18,0.017141386958785126
2014-09-19,0.013571937185187503
2014-09-22,0.002907521808513881
2014-09-23,-0.0012780461437847264
2014-09-24,0.0014616187006820606
2014-09-25,-0.01545460458386927
2014-09-26,-0.007141194720696943
2014-09-29,-0.008412825740966634
2014-09-30,-0.013892185523449245
2014-10-01,-0.027038681805828385
2014-10-02,-0.026335657863624008
2014-10-03,-0.0139390022254475
2014-10-06,-0.019595085883144604
2014-10-07,-0.03256297833714351
2014-10-08,-0.008873825714907089
2014-10-09,-0.03266130848672783
2014-10-10,-0.04529034512653696
2014-10-13,-0.05599528974845147
2014-10-14,-0.053696227006392976
2014-10-15,-0.0679946977302065
2014-10-16,-0.0701990916233906
2014-10-17,-0.06377370673089619
2014-10-20,-0.0532093528549676
2014-10-21,-0.02583922299126272
2014-10-22,-0.0272345918385165
2014-10-23,-0.023474057006277797
2014-10-24,0.0004582114672752544
2014-10-27,-0.008831220926677137
2014-10-28,0.004394654250303006
2014-10-29,0.005516819082187994
2014-10-30,0.025551992579391038
2014-10-31,0.03676810213895202
2014-11-03,0.02636427116663528
2014-11-04,0.02406002565702757
2014-11-05,0.04591335772177476
2014-11-06,0.03257014287395525
2014-11-07,0.053536802125438765
2014-11-10,0.06815943929836613
2014-11-11,0.08570329309035206
2014-11-12,0.08307898689659306
2014-11-13,0.09099512312469538
2014-11-14,0.09209810228971753
2014-11-17,0.08099324789791505
2014-11-18,0.07708764778992962
2014-11-19,0.05586356392392046
2014-11-20,0.06475232871871982
2014-11-21,0.05853109284246973
2014-11-24,0.053667835359400666
2014-11-25,0.05431931263172863
2014-11-26,0.0454702571898083
2014-11-28,0.04486225925363338
2014-12-01,0.031498122485486287
2014-12-02,0.026570458325003512
2014-12-03,0.029880577062667706
2014-12-04,0.03224918201999534
2014-12-05,0.02758841433825434
2014-12-08,0.016888243991826937
2014-12-09,0.015276191392914983
2014-12-10,-0.004027410216737312
2014-12-11,4.899773767532284e-05
2014-12-12,-0.0151661566265346
2014-12-15,-0.023186783559542432
2014-12-16,-0.03148332739296999
2014-12-17,-0.01270453468757914
2014-12-18,0.0059664333923489035
2014-12-19,0.011818805281259868
2014-12-22,0.01465550212564993
2014-12-23,0.010667484695873046
2014-12-24,0.007961952742809976
2014-12-26,0.011905011016921964
2014-12-29,0.01069187666132293
2014-12-30,0.007432841768126338
2014-12-31,0.004434536110224759
2015-01-02,-0.0025440034258888623
2015-01-05,-0.024624532091319724
2015-01-06,-0.03298124384268592
2015-01-07,-0.022232741630327565
2015-01-08,0.002061843748646295
2015-01-09,-0.00530673948580975
2015-01-12,0.0029901641417746246
2015-01-13,-0.004883339471500279
2015-01-14,0.005354690889897741
2015-01-15,0.003044971935929407
2015-01-16,0.02412597178264704
2015-01-20,0.006841347772374477
2015-01-21,-0.012551536894765385
2015-01-22,-0.002035889722067286
2015-01-23,-0.01212271109103725
2015-01-26,-0.011132830851867885
2015-01-27,-0.024507194612954804
2015-01-28,-0.04063408503186824
2015-01-29,-0.03277503344870696
2015-01-30,-0.040049814082703826
2015-02-02,-0.017769309439238656
2015-02-03,-0.002876147672601273
2015-02-04,0.011533478451213322
2015-02-05,0.031041724117191034
2015-02-06,0.015887717362552983
2015-02-09,-0.006187253577693072
2015-02-10,0.01245594273112315
2015-02-11,0.020899983528754395
2015-02-12,0.03328768641476012
2015-02-13,0.043451164552332715
2015-02-17,0.05422587689100544
2015-02-18,0.04129205899630697
2015-02-19,0.03844755108168852
2015-02-20,0.039394930062734146
2015-02-23,0.02449156001329413
2015-02-24,0.03282560825647588
2015-02-25,0.02963709412262483
2015-02-26,0.04173271914882368
2015-02-27,0.0512288256684079
2015-03-02,0.04832094466190013
2015-03-03,0.05686325462899938
2015-03-04,0.0403302292707227
2015-03-05,0.027066463850780747
2015-03-06,0.016717425458284998
2015-03-09,0.010808861061752491
2015-03-10,-0.002776753512434751
2015-03-11,-0.0006355402296681246
2015-03-12,0.0014012545562299935
2015-03-13,-0.005329687662270989
2015-03-16,-0.0016285806869132324
2015-03-17,-0.0087137030582765
2015-03-18,0.0016646213961452468
2015-03-19,-0.0030027335007303856
2015-03-20,0.006499308458640055
2015-03-23,-0.0014336933784224102
2015-03-24,-0.0069266566897443205
2015-03-25,-0.02452510342144822
2015-03-26,-0.02605932338154256
2015-03-27,-0.02259030834898456
2015-03-30,-0.007052699649942712
2015-03-31,-0.022124072952200775
2015-04-01,-0.021554099092161324
2015-04-02,-0.013738237090537469
2015-04-06,-0.008121536769135951
2015-04-07,0.003393203222005066
2015-04-08,0.0026284951598786847
2015-04-09,0.023397273712036308
2015-04-10,0.031183721734791267
2015-04-13,0.014016584673030416
2015-04-14,0.022079264225620697
2015-04-15,0.013284368611006627
2015-04-16,0.015976164374918052
2015-04-17,-0.007544117583835062
2015-04-20,0.006123320844212677
2015-04-21,-0.003857021165391679
2015-04-22,0.0029957143347052076
2015-04-23,0.011143692034244979
2015-04-24,0.028223595321020412
2015-04-27,0.026441635363915104
2015-04-28,0.02732801113970645
2015-04-29,0.011078899575552685
2015-04-30,0.009785884098746712
2015-05-01,0.024111454421277375
2015-05-04,0.02336360745718544
2015-05-05,0.005135373230779479
2015-05-06,0.003659511267790822
2015-05-07,0.004269983782548686
2015-05-08,0.012936575005015546
2015-05-11,0.0027102915857918773
2015-05-12,0.004247627648475542
2015-05-13,0.0025267486121869896
2015-05-14,0.008422751340585535
2015-05-15,0.00979156413579752
2015-05-18,0.024463711230042755
2015-05-19,0.015039863056492433
2015-05-20,0.015527915361738972
2015-05-21,0.013533538929691781
2015-05-22,0.008628814836736583
2015-05-26,-0.004498685172182504
2015-05-27,0.009114921401492237
2015-05-28,0.004812670930430424
2015-05-29,0.002703217740769221
2015-06-01,0.014808853639345483
2015-06-02,0.003032620307940706
2015-06-03,0.002835170085336961
2015-06-04,0.005870645293173983
2015-06-05,0.008281281775372547
2015-06-08,-0.0018690258406213987
2015-06-09,-0.015093048824194431
2015-06-10,0.0016130386773555985
2015-06-11,0.007827330014329599
2015-06-12,-4.7776962822290826e-05
2015-06-15,-0.014715533559209862
2015-06-16,-0.010362164620615918
2015-06-17,-0.011848561409034078
2015-06-18,-0.0011742475932116352
2015-06-19,-0.004919007896267754
2015-06-22,-0.0027168028901391455
2015-06-23,0.00038222974039642883
2015-06-24,0.0039027457610788787
2015-06-25,-0.008589741922650801
2015-06-26,-0.007651589037820709
2015-06-29,-0.022612467070841906
2015-06-30,-0.02255604755973719
2015-07-01,-0.013578950300927935
2015-07-02,-0.017141138719857875
2015-07-06,-0.011508796459830608
2015-07-07,-0.0035247551583105228
2015-07-08,-0.014276079996125079
2015-07-09,-0.01232506763874831
2015-07-10,-0.011733432773409404
2015-07-13,-0.003975361034408948
2015-07-14,0.008037569647662564
2015-07-15,0.012000047910434354
2015-07-16,0.014555590224055967
2015-07-17,0.013787077985883831
2015-07-20,0.003959042321974261
2015-07-21,0.004448850330526867
2015-07-22,-0.0024573048529792007
2015-07-23,-0.008810742438146717
2015-07-24,-0.011947466062758285
2015-07-27,-0.01473693734002369
2015-07-28,-0.002337679488060921
2015-07-29,0.025711298728569407
2015-07-30,0.02385685277711086
2015-07-31,0.014354272285546248
2015-08-03,0.011891721787204943
2015-08-04,0.012785642589988237
2015-08-05,0.00980640499278156
2015-08-06,0.018505005653595506
2015-08-07,0.014776012205519154
2015-08-10,0.014782864156456148
2015-08-11,-0.005257763652924882
2015-08-12,-0.008388935820952891
2015-08-13,-0.00930195280577156
2015-08-14,-0.01365875467465374
2015-08-17,-0.008934136862604351
2015-08-18,-0.012353221563558073
2015-08-19,-0.016330883726390903
2015-08-20,-0.035637086238356215
2015-08-21,-0.060556146319506975
2015-08-24,-0.0931492323254996
2015-08-25,-0.09915226950403248
2015-08-26,-0.07368565262011506
2015-08-27,-0.05610682033313165
2015-08-28,-0.05629347431571269
2015-08-31,-0.06288689397628126
2015-09-01,-0.08980999111975424
2015-09-02,-0.06905092554713034
2015-09-03,-0.07162446377821001
2015-09-04,-0.07865619165895833
2015-09-08,-0.051913967081619515
2015-09-09,-0.07789598359118463
2015-09-10,-0.06340501823460261
2015-09-11,-0.060068232604190544
2015-09-14,-0.06254080898653834
2015-09-15,-0.0537541393844591
2015-09-16,-0.05069642424228208
2015-09-17,-0.05004584177091845
2015-09-18,-0.058585335778235714
2015-09-21,-0.032328641510449695
2015-09-22,-0.014828672273690533
2015-09-23,0.02659049501007573
2015-09-24,0.03480586057022953
2015-09-25,-0.0031285352257559326
2015-09-28,-0.05298082498632218
2015-09-29,-0.05244556356953314
2015-09-30,-0.025846903185203062
2015-10-01,0.007060706317698226
2015-10-02,0.0030851071629406307
2015-10-05,0.020007106015548688
2015-10-06,0.03182783488821993
2015-10-07,0.01516471826841666
2015-10-08,0.037612604134324094
2015-10-09,0.032781773876944004
2015-10-12,0.02919116239915586
2015-10-13,0.02658651851022245
2015-10-14,0.009358891639423694
2015-10-15,0.015967109525427785
2015-10-16,0.022754226936177867
2015-10-19,0.03972247551022063
2015-10-20,0.03328866079172259
2015-10-21,0.04013086958719585
2015-10-22,0.05848345685171757
2015-10-23,0.07300763744652242
2015-10-26,0.07080613547398101
2015-10-27,0.09428973519995275
2015-10-28,0.10501493603978396
2015-10-29,0.08595392556780997
2015-10-30,0.0790293977693623
2015-11-02,0.07596333302795621
2015-11-03,0.061220091011749994
2015-11-04,0.06161434995035842
2015-11-05,0.05245853841363649
2015-11-06,0.04294862912148202
2015-11-09,0.03297721192621401
2015-11-10,0.034337908297318885
2015-11-11,0.03672097976786079
2015-11-12,0.027468197092380655
2015-11-13,0.0009387595366538415
2015-11-16,0.011494800602736867
2015-11-17,0.01027304907065212
2015-11-18,0.02729385760175031
2015-11-19,0.03265393993183919
2015-11-20,0.019538815536732982
2015-11-23,0.007489780903139734
2015-11-24,0.011288577022093647
2015-11-25,0.013079575921345898
2015-11-27,0.0029149474161554658
2015-11-30,-0.0006707015136560009
2015-12-01,0.013138605083285118
2015-12-02,-0.008880086076810628
2015-12-03,-0.02587679891439439
2015-12-04,-0.0035239547615113706
2015-12-07,-0.00860215860170092
2015-12-08,-0.014820707054618246
2015-12-09,-0.013255491552907245
2015-12-10,-0.012981903913234573
2015-12-11,-0.028614230523712102
2015-12-14,-0.009516239322357341
2015-12-15,0.012218773655108789
2015-12-16,0.011652377129835727
2015-12-17,-0.0029732345134095904
2015-12-18,-0.03669025403056362
2015-12-21,-0.02761247525968203
2015-12-22,-0.022216803140753597
2015-12-23,-0.008762009607896236
2015-12-24,-0.011752253742782309
2015-12-28,-0.013896506064823056
2015-12-29,-0.004426968022211784
2015-12-30,-0.007379857194876381
2015-12-31,-0.026923909102740225
2016-01-04,-0.030744493315501657
2016-01-05,-0.014952909444315331
2016-01-06,-0.04696266181040129
2016-01-07,-0.0651699787346645
2016-01-08,-0.0694649252921701
2016-01-11,-0.06066523870000776
2016-01-12,-0.05520685287609411
2016-01-13,-0.06089243907157281
2016-01-14,-0.049648616354691893
2016-01-15,-0.08179146265657139
2016-01-19,-0.09498742740455325
2016-01-20,-0.09253010067851895
2016-01-21,-0.06896818702778257
2016-01-22,-0.056875633814224225
2016-01-25,-0.08114040725260334
2016-01-26,-0.07989734581403306
2016-01-27,-0.08918826591015361
2016-01-28,-0.08170458219635211
2016-01-29,-0.06823536393380315
2016-02-01,-0.06148353647384593
2016-02-02,-0.06961662078381824
2016-02-03,-0.04956171646159547
2016-02-04,-0.0496848808180763
2016-02-05,-0.05622374593274107
2016-02-08,-0.04549218797528935
2016-02-09,-0.03440111254256665
2016-02-10,-0.03625370177160645
2016-02-11,-0.057383464718166216
2016-02-12,-0.011718842040124678
2016-02-16,-0.01126503176614436
2016-02-17,0.026637181234254386
2016-02-18,0.02120306422110654
2016-02-19,0.033632335620456845
2016-02-22,0.0424216671221768
2016-02-23,0.00940372245260511
2016-02-24,0.02920095706834465
2016-02-25,0.027689033249976878
2016-02-26,0.03632794364281001
2016-02-29,0.02325841150011766
2016-03-01,0.02240858769974956
2016-03-02,0.02725236498427917
2016-03-03,0.04935105859059574
2016-03-04,0.04662235806270845
2016-03-07,0.04585342959683412
2016-03-08,0.05410923520094568
2016-03-09,0.07258909501699622
2016-03-10,0.07333724426862023
2016-03-11,0.09020855674056111
2016-03-14,0.10201947215982511
2016-03-15,0.07998067171196839
2016-03-16,0.06901376071792391
2016-03-17,0.059135527697042556
2016-03-18,0.06716112695202145
2016-03-21,0.06904803764106253
2016-03-22,0.05413474596167203
2016-03-23,0.060223727742569594
2016-03-24,0.05521481560584358
2016-03-28,0.043766680708064026
2016-03-29,0.05527874595729759
2016-03-30,0.06752981796882909
2016-03-31,0.04186516228013811
2016-04-01,0.04417145294714332
2016-04-04,0.037016492058462205
2016-04-05,0.023730065240651365
2016-04-06,0.03379404255986012
2016-04-07,0.03273404608063285
2016-04-08,0.030499699203246897
2016-04-11,0.027347733822250177
2016-04-12,0.020609411488633975
2016-04-13,0.03194183646274872
2016-04-14,0.03362153014424929
2016-04-15,0.026744668657572815
2016-04-18,0.02742265548930335
2016-04-19,0.026650188305324066
2016-04-20,0.02618491036128788
2016-04-21,0.021329537758892396
2016-04-22,0.027950920504902305
2016-04-25,0.026669457061090147
2016-04-26,0.02756411814383272
2016-04-27,0.0204124111480755
2016-04-28,0.006917223304704636
2016-04-29,0.00393358555261278
2016-05-02,0.0050617992141866784
2016-05-03,-0.00043653879090370677
2016-05-04,0.0040079545492771405
2016-05-05,-0.007049292482410988
2016-05-06,0.008640954328829779
2016-05-09,0.006773949273508336
2016-05-10,0.021481207703809957
2016-05-11,0.002812612099396175
2016-05-12,-0.006946780260388196
2016-05-13,-0.01574744145938166
2016-05-16,-0.004824342057884162
2016-05-17,-0.021203871631660015
2016-05-18,-0.02405995982565042
2016-05-19,-0.02848401965034189
2016-05-20,-0.016793339333749
2016-05-23,-0.018157037012405057
2016-05-24,-0.003553489889757083
2016-05-25,0.001721464423658965
2016-05-26,-4.830106992957362e-05
2016-05-27,0.013359341078462775
2016-05-31,0.01686831554578027
2016-06-01,0.0109985809667586
2016-06-02,0.022779039427311916
2016-06-03,0.02538098335048759
2016-06-06,0.030651896696877772
2016-06-07,0.02855993490513295
2016-06-08,0.030988253374770104
2016-06-09,0.017264384690892746
2016-06-10,0.017140313450501776
2016-06-13,0.009108473484255137
2016-06-14,0.01589162375993317
2016-06-15,0.004680325122765081
2016-06-16,0.017037252875104752
2016-06-17,0.013012641162248552
2016-06-20,0.022903727482786632
2016-06-21,0.019440757953184635
2016-06-22,0.019171976727372607
2016-06-23,0.019231320784513978
2016-06-24,-0.024098608618002667
2016-06-27,-0.04245708792926317
2016-06-28,-0.028871820006443203
2016-06-29,-0.010083175264482712
2016-06-30,0.0014226830862464975
2016-07-01,0.0004817800772713377
2016-07-05,-0.0037455241587785815
2016-07-06,-0.002841377960042806
2016-07-07,-0.005021892827676364
2016-07-08,0.00650415965515826
2016-07-11,0.011391853884658477
2016-07-12,0.028151381264371788
2016-07-13,0.03575370259821465
2016-07-14,0.04329031119241662
2016-07-15,0.04334231602182512
2016-07-18,0.04304637207351595
2016-07-19,0.045760659763253844
2016-07-20,0.043495299340636374
2016-07-21,0.03687619596237798
2016-07-22,0.042984011560622586
2016-07-25,0.027326097965162652
2016-07-26,0.0643569879544982
2016-07-27,0.08136765580228437
2016-07-28,0.0646460641005253
2016-07-29,0.04937493871205356
2016-08-01,0.03499270687477614
2016-08-02,0.026466545240055196
2016-08-03,0.03660407555961391
2016-08-04,0.031687697406143155
2016-08-05,0.040453287545523346
2016-08-08,0.02507689840055603
2016-08-09,0.02215171999376321
2016-08-10,0.012437078721980344
2016-08-11,0.017206117641620437
2016-08-12,0.010769558328642343
2016-08-15,0.01499166798677235
2016-08-16,0.00713673852377005
2016-08-17,0.010033567631131671
2016-08-18,0.00812034057791012
2016-08-19,0.010441525967864724
2016-08-22,0.005920485814234329
2016-08-23,0.010651639242645382
2016-08-24,0.005062295694892914
2016-08-25,0.0054350017273215355
2016-08-26,0.0023958606608556763
2016-08-29,0.005694994067292212
2016-08-30,0.004874216962900519
2016-08-31,0.008453917179901729
2016-09-01,0.005581615926444001
2016-09-02,0.009016297620806355
2016-09-06,0.0038881329649599877
2016-09-07,0.004393362759960255
2016-09-08,0.0015113274057872643
2016-09-09,-0.020236584866368427
2016-09-12,-0.010620980979707614
2016-09-13,-0.024231787633970797
2016-09-14,-0.02748659454528621
2016-09-15,-0.012372227542669317
2016-09-16,-0.018124627126113214
2016-09-19,-0.02017836452154899
2016-09-20,-0.018668261663790042
2016-09-21,-0.007440078202103792
2016-09-22,-0.003169917468277105
2016-09-23,-0.0035359841567845227
2016-09-26,-0.010982514048367888
2016-09-27,-0.0029085108384718996
2016-09-28,-0.002869373535192439
2016-09-29,-0.010308023053196473
2016-09-30,5.8109288958888124e-05
2016-10-03,-0.002395004167066487
2016-10-04,-0.012004056935267144
2016-10-05,-0.010605673377875324
2016-10-06,-0.009819618144039114
2016-10-07,-0.01096894569382579
2016-10-10,0.018451795899800092
2016-10-11,-0.008503642109719635
2016-10-12,0.007287459504279363
2016-10-13,0.00438147033479085
2016-10-14,-0.005045305991767688
2016-10-17,-0.004650335475511149
2016-10-18,0.001404899898788852
2016-10-19,0.004021612549286883
2016-10-20,-0.009029462194258951
2016-10-21,-0.014843779763752058
2016-10-24,-0.005105504991634561
2016-10-25,-0.0003269916622194811
2016-10-26,-0.008525254766005796
2016-10-27,-0.016147283173331386
2016-10-28,-0.010018170439139386
2016-10-31,-0.017489069279893476
2016-11-01,-0.02235392039683135
2016-11-02,-0.023279818108252432
2016-11-03,-0.03228281157233938
2016-11-04,-0.03408042423063094
2016-11-07,-0.008827887489804617
2016-11-08,-0.009529015562127454
2016-11-09,0.013727101079189473
2016-11-10,0.014908532442749043
2016-11-11,0.015882118823112138
2016-11-14,0.016150791411327067
2016-11-15,0.027401127916914358
2016-11-16,0.019278349265795865
2016-11-17,0.021742488034546138
2016-11-18,0.021370947463917055
2016-11-21,0.028426866975099427
2016-11-22,0.026133921722379466
2016-11-23,0.03003440351369675
2016-11-25,0.03575235235317872
2016-11-28,0.03371722446396186
2016-11-29,0.038625287640167476
2016-11-30,0.036176232891147304
2016-12-01,0.03976546420895035
2016-12-02,0.04630323106384351
2016-12-05,0.05688155990499199
2016-12-06,0.06114611407328942
2016-12-07,0.05232485642584139
2016-12-08,0.05027681500383383
2016-12-09,0.04575311478787742
2016-12-12,0.04211184020263733
2016-12-13,0.051071560688353584
2016-12-14,0.04199776319267079
2016-12-15,0.038334121664763736
2016-12-16,0.03825631816588545
2016-12-19,0.035303794028585266
2016-12-20,0.041393948184582786
2016-12-21,0.031084267824062508
2016-12-22,0.02740397755137325
2016-12-23,0.02832377007027996
2016-12-27,0.027092849646679143
2016-12-28,0.023499879747526695
2016-12-29,0.021328883422907955
2016-12-30,0.02006904871794407
2017-01-03,0.03137252762179436
2017-01-04,0.03680325789266388
2017-01-05,0.03001721499949535
2017-01-06,0.030426459349656005
2017-01-09,0.014124058688816537
2017-01-10,0.01167833548901925
2017-01-11,0.008478012406057611
2017-01-12,0.007113600337091603
2017-01-13,0.0027543806617357693
2017-01-17,0.007513513008630848
2017-01-18,0.00561233023312724
2017-01-19,0.0038586993899578314
2017-01-20,0.005350810863196034
2017-01-23,-0.0011046450925293872
2017-01-24,0.008072997392391671
2017-01-25,0.018419996768524613
2017-01-26,0.01591073498597407
2017-01-27,0.011862341515612605
2017-01-30,0.01394006243569364
2017-01-31,0.014074498453605831
2017-02-01,0.01813205554607834
2017-02-02,0.011169631948744752
2017-02-03,0.012107399325838515
2017-02-06,0.011112875945508983
2017-02-07,0.007585511478833453
2017-02-08,0.01220144025497602
2017-02-09,0.018116233924529913
2017-02-10,0.019232784211015846
2017-02-13,0.02717369329577039
2017-02-14,0.028868084938195277
2017-02-15,0.03760441765595548
2017-02-16,0.034545021715367975
2017-02-17,0.03983161772928584
2017-02-21,0.04210189643266355
2017-02-22,0.043818976790686893
2017-02-23,0.038104587268701876
2017-02-24,0.030754684628069497
2017-02-27,0.03336230617477145
2017-02-28,0.032230216415235775
2017-03-01,0.05235160619951511
2017-03-02,0.046122447366521255
2017-03-03,0.04635578885881683
2017-03-06,0.042715159668093
2017-03-07,0.032854368518844206
2017-03-08,0.03278563162237624
2017-03-09,0.034009093078050986
2017-03-10,0.03619749162729947
2017-03-13,0.03078751151917511
2017-03-14,0.023014985721669077
2017-03-15,0.02620311398159167
2017-03-16,0.02024725182689907
2017-03-17,0.013282753527628205
2017-03-20,0.013037180134558136
2017-03-21,-0.0014606984066254831
2017-03-22,-0.0050480685617671685
2017-03-23,-0.005227142660969246
2017-03-24,-0.006630737444014803
2017-03-27,-0.00892563928010802
2017-03-28,-0.0032369781962820524
2017-03-29,0.0004002915598694228
2017-03-30,-0.010320961862807052
2017-03-31,-0.006333956571920345
2017-04-03,-0.00870385803460828
2017-04-04,-0.005084415929372537
2017-04-05,-0.005070306347652727
2017-04-06,-0.00040478389804234945
2017-04-07,-0.002692147444467471
2017-04-10,-0.005595031497890767
2017-04-11,-0.007290244570239245
2017-04-12,-0.007847624830481664
2017-04-13,-0.02297986360206993
2017-04-17,-0.012190457896222409
2017-04-18,-0.013421414173600398
2017-04-19,-0.014164156856020226
2017-04-20,0.006864512120510493
2017-04-21,0.0013224118578616271
2017-04-24,0.013327718804073543
2017-04-25,0.019856029026545298
2017-04-26,0.020254069656419373
2017-04-27,0.01384199423047116
2017-04-28,0.010726089056049767
2017-05-01,0.010063914804272758
2017-05-02,0.01277125099693481
2017-05-03,0.013296790514153115
2017-05-04,0.013832728158721223
2017-05-05,0.020739235145720177
2017-05-08,0.017765517774654828
2017-05-09,0.0178665330585468
2017-05-10,0.019065917098689596
2017-05-11,0.01821167820253925
2017-05-12,0.020930409360802982
2017-05-15,0.03295488073885357
2017-05-16,0.023218299202437512
2017-05-17,0.008303329114954397
2017-05-18,0.014164156856020143
2017-05-19,0.012541207826604193
2017-05-22,0.020797438496048665
2017-05-23,0.012070082651233799
2017-05-24,0.00859857674711333
2017-05-25,0.013995758536581478
2017-05-26,0.012950213254055543
2017-05-30,0.01426264458036754
2017-05-31,0.011497316637109138
2017-06-01,0.01904074871536157
2017-06-02,0.023579315831862225
2017-06-05,0.021668599913744598
2017-06-06,0.014537444612804233
2017-06-07,0.01655221593102815
2017-06-08,0.01796357581789412
2017-06-09,0.014650046654492415
2017-06-12,0.016489135935772153
2017-06-13,0.02304001394529848
2017-06-14,0.016263279919855197
2017-06-15,0.015252969539751084
2017-06-16,0.033374773917046956
2017-06-19,0.03764473688159061
2017-06-20,0.024395046355680763
2017-06-21,0.01908376194521607
2017-06-22,0.016420489286357427
2017-06-23,0.015283660081833829
2017-06-26,0.011173468005970117
2017-06-27,0.0032915202192971395
2017-06-28,0.013071321695454831
2017-06-29,0.004491921384461258
2017-06-30,-0.001565742741171608
2017-07-03,-0.003194882940254425
2017-07-05,-0.0001481470585132199
2017-07-06,-0.0061327345245329795
2017-07-07,-0.0015169434707822443
2017-07-10,-0.0009359283398170301
2017-07-11,-0.0001596349106719352
2017-07-12,0.00753246675525722
2017-07-13,0.004332977499893216
2017-07-14,0.010254853378157978
2017-07-17,0.012058416822893148
2017-07-18,0.01236978096136491
2017-07-19,0.009478392835517031
2017-07-20,0.016690394364358617
2017-07-21,0.016046882067335597
2017-07-24,0.016256383805113763
2017-07-25,0.017491167816264166
2017-07-26,0.016873491161973
2017-07-27,0.024032499480395802
2017-07-28,0.013947891876970375
2017-07-31,0.022208535410034466
2017-08-01,0.022572030434436063
2017-08-02,0.02136291370500905
2017-08-03,0.017112007608862046
2017-08-04,0.028118997535191242
2017-08-07,0.023512361393733784
2017-08-08,0.01997468909604905
2017-08-09,0.020677115602817098
2017-08-10,-0.0010252564424898332
2017-08-11,-0.0012280961313693138
2017-08-14,0.003982672831709104
2017-08-15,0.003983799470997429
2017-08-16,0.005196895528324436
2017-08-17,-0.01591620372713255
2017-08-18,-0.01792583702644595
2017-08-21,-0.016252902254726656
2017-08-22,-0.005606949678310518
2017-08-23,-0.011626576123670358
2017-08-24,-0.014000474418807259
2017-08-25,-0.010737023947740504
2017-08-28,-0.009521932345266219
2017-08-29,-0.007810726444029326
2017-08-30,-0.005310958391998216
2017-08-31,0.0002020990140610708
2017-09-01,0.0035567767478801096
2017-09-05,-0.005471553749889709
2017-09-06,-0.003921187105444264
2017-09-07,-0.0015783719654116305
2017-09-08,-0.0027134943604105854
2017-09-11,0.022111878782823505
2017-09-12,0.024000748922759333
2017-09-13,0.014616500791488221
2017-09-14,0.014418095633991858
2017-09-15,0.014020744688621337
2017-09-18,0.031859263755582276
2017-09-19,0.03442420890688837
2017-09-20,0.03400167163889679
2017-09-21,0.020915791088836268
2017-09-22,0.02470812598040825
2017-09-25,0.024994903952394013
2017-09-26,0.02326371879353082
2017-09-27,0.027109350554933603
2017-09-28,0.027164523887421518
2017-09-29,0.02594733099374312
2017-10-02,0.024278355074966253
2017-10-03,0.02500320904056923
2017-10-04,0.0333966864152283
2017-10-05,0.03589667298051392
2017-10-06,0.034878393894205176
2017-10-09,0.034401553998896724
2017-10-10,0.02642685659798038
2017-10-11,0.024631625316530018
2017-10-12,0.022660682808313553
2017-10-13,0.024197105366026688
2017-10-16,0.024184417640921767
2017-10-17,0.02276449325197485
2017-10-18,0.022742121283442798
2017-10-19,0.02265582767585662
2017-10-20,0.030486440349995245
2017-10-23,0.0263884291687992
2017-10-24,0.030190779456287564
2017-10-25,0.024626028404097184
2017-10-26,0.02203128467258766
2017-10-27,0.02897480955590689
2017-10-30,0.021733692167436817
2017-10-31,0.018961460046451682
2017-11-01,0.01814497535690798
2017-11-02,0.017347667110656505
2017-11-03,0.014772855155551774
2017-11-06,0.017459070930590383
2017-11-07,0.018415851814362033
2017-11-08,0.017480273417966485
2017-11-09,0.01227644536335104
2017-11-10,0.013457390490513602
2017-11-13,0.013170287661197731
2017-11-14,0.009512462764310729
2017-11-15,0.003789629624813505
2017-11-16,0.011276795313073275
2017-11-17,0.008059895259363459
2017-11-20,0.004617612588281672
2017-11-21,0.01503619066192255
2017-11-22,0.012395676346060433
2017-11-24,0.019665118322868158
2017-11-27,0.017873804244375492
2017-11-28,0.019824674619215072
2017-11-29,0.022948005823155985
2017-11-30,0.030108244103143063
2017-12-01,0.02670894387562938
2017-12-04,0.025109939618354005
2017-12-05,0.018173964348061213
2017-12-06,0.016817178717342406
2017-12-07,0.02066072167677001
2017-12-08,0.0244000285471151
2017-12-11,0.03104261985461015
2017-12-12,0.03311597692672766
2017-12-13,0.03207417934743837
2017-12-14,0.030304875222799878
2017-12-15,0.043615493543994376
2017-12-18,0.04147153705566122
2017-12-19,0.04056700974868672
2017-12-20,0.03833787613200671
2017-12-21,0.033874077011780156
2017-12-22,0.03449723181637532
2017-12-26,0.030993139274805286
2017-12-27,0.0319789749320619
2017-12-28,0.023940702489353385
2017-12-29,0.020771621600783566
2018-01-02,0.019186735518789508
2018-01-03,0.027569780082065416
2018-01-04,0.03298657430531226
2018-01-05,0.043231227221140395
2018-01-08,0.04486842964816259
2018-01-09,0.043981563103608796
2018-01-10,0.03701182815957812
2018-01-11,0.04127296240998937
2018-01-12,0.04600780169665923
2018-01-16,0.04269594759180728
2018-01-17,0.05627691740586708
2018-01-18,0.04630177827957259
2018-01-19,0.0445197917393068
2018-01-22,0.05646571976833253
2018-01-23,0.05911025383561614
2018-01-24,0.056664343403175964
2018-01-25,0.05734973538820986
2018-01-26,0.0700580485761837
2018-01-29,0.06291960514073458
2018-01-30,0.05055413139947017
2018-01-31,0.05482845219607588
2018-02-01,0.04656039028639161
2018-02-02,0.01824486868988799
2018-02-05,-0.028683363017593538
2018-02-06,-0.015814533118995038
2018-02-07,-0.023081025817833986
2018-02-08,-0.06357265553781408
2018-02-09,-0.04713169958094258
2018-02-12,-0.039823542950443984
2018-02-13,-0.04383737186618414
2018-02-14,-0.02700682696473013
2018-02-15,-0.023814209682864663
2018-02-16,-0.02183856667759133
2018-02-20,-0.032659024712914035
2018-02-21,-0.04574380048227959
2018-02-22,-0.04656919232853336
2018-02-23,-0.030367289032813348
2018-02-26,-0.01924545328276528
2018-02-27,-0.04332181937631185
2018-02-28,-0.046851601653205635
2018-03-01,-0.05118883744940402
2018-03-02,-0.04654390933172842
2018-03-05,-0.033915799421893676
2018-03-06,-0.00937391335400807
2018-03-07,0.03298159430375475
2018-03-08,0.018298580231027452
2018-03-09,0.040990556643393114
2018-03-12,0.0779652710848386
2018-03-13,0.056571670435977536
2018-03-14,0.03684957040306919
2018-03-15,0.03327473176880321
2018-03-16,0.02095229626266191
2018-03-19,-0.005349520225489138
2018-03-20,-0.003942970070027454
2018-03-21,0.00041664791268130285
2018-03-22,-0.01991180583232213
2018-03-23,-0.04275197316074732
2018-03-26,-0.03157396475307191
2018-03-27,-0.06027736803032135
2018-03-28,-0.05067161006974263
2018-03-29,-0.027792992127129185
2018-04-02,-0.03496666448712672
2018-04-03,-0.02737233537697481
2018-04-04,-0.028222419490563286
2018-04-05,-0.02289313640917469
2018-04-06,-0.04506429029533088
2018-04-09,-0.04497542601034975
2018-04-10,-0.046453091596014164
2018-04-11,-0.05045288833417103
2018-04-12,-0.035775671349945436
2018-04-13,-0.03356901135863884
2018-04-16,-0.024290510940330096
2018-04-17,-0.01473245212413432
2018-04-18,-0.0003695534249469756
2018-04-19,-0.007632441126433038
2018-04-20,-0.014226119568586439
2018-04-23,0.010938724209740002
2018-04-24,0.018924824782422685
2018-04-25,-0.005597896845115386
2018-04-26,0.02167414933914037
2018-04-27,0.025572029130065486
2018-04-30,0.005154619720008304
2018-05-01,0.028750885989776334
2018-05-02,0.009275275065915188
2018-05-03,-0.0035730728199939586
2018-05-04,0.001429410247030961
2018-05-07,0.027344813777920148
2018-05-08,0.022428426427816887
2018-05-09,0.016273009524817663
2018-05-10,0.030835729213077052
2018-05-11,0.025689271090065458
2018-05-14,0.02910301022908983
2018-05-15,0.01400422054447811
2018-05-16,0.007558563289866652
2018-05-17,0.005973596034907882
2018-05-18,0.009033666196755476
2018-05-21,0.025038840651300756
2018-05-22,0.02240501238991722
2018-05-23,0.03871169297821936
2018-05-24,0.03419190579051789
2018-05-25,0.021692263049437954
2018-05-29,0.009186149159828695
2018-05-30,0.03016302590242372
2018-05-31,0.022243373173588543
2018-06-01,0.038752785455316324
2018-06-04,0.045699425215362174
2018-06-05,0.03356360389165532
2018-06-06,0.03851169354341684
2018-06-07,0.038403379217378054
2018-06-08,0.03173594612066152
2018-06-11,0.023758086563922077
2018-06-12,0.022002655912210137
2018-06-13,0.018330457824726906
2018-06-14,0.0277560324022607
2018-06-15,0.022282817536156765
2018-06-18,0.021068835961104062
2018-06-19,0.019731945835589394
2018-06-20,0.013946469863798144
2018-06-21,0.010441681386741695
2018-06-22,0.00951579321357347
2018-06-25,-0.0021395989662853754
2018-06-26,0.002457454283724415
2018-06-27,0.005706379018502362
2018-06-28,-0.0018488287377665673
2018-06-29,0.005734301506984973
2018-07-02,-0.001899670914805516
2018-07-03,-0.010177401207462203
2018-07-05,-0.002779777797584795
2018-07-06,-0.0026831726956488854
2018-07-09,0.006389113315712024
2018-07-10,0.007029555469334094
2018-07-11,-0.001641213039375491
2018-07-12,0.006092247193849056
2018-07-13,0.010075512368742396
2018-07-16,0.006666449941398253
2018-07-17,0.011980127625969294
2018-07-18,0.01614041882426707
2018-07-19,0.016202017473088828
2018-07-20,0.013353857945232785
2018-07-23,0.021500446457545026
2018-07-24,0.02469764548309531
2018-07-25,0.04689063741678893
2018-07-26,0.04231705268210012
2018-07-27,0.04383677034102425
2018-07-30,0.032898302140338974
2018-07-31,0.03637661946780943
2018-08-01,0.03256906383558787
2018-08-02,0.04153928726303906
2018-08-03,0.037690001595654075
2018-08-06,0.03292784977497302
2018-08-07,0.02726096278986136
2018-08-08,0.02324807174345063
2018-08-09,0.0292228915591584
2018-08-10,0.013475160360036539
2018-08-13,0.008937692147323435
2018-08-14,0.01619233982632645
2018-08-15,0.004660501957024507
2018-08-16,0.010617322664085906
2018-08-17,0.017910289754599552
2018-08-20,0.021190845989896363
2018-08-21,0.021676215551349517
2018-08-22,0.016063105645880125
2018-08-23,0.006247643056442382
2018-08-24,0.014610113665784616
2018-08-27,0.02927352570920922
2018-08-28,0.03499441610729143
2018-08-29,0.035443380152910736
2018-08-30,0.03305843348024351
2018-08-31,0.027660218420856645
2018-09-04,0.0216610239976627
2018-09-05,0.015305553016268306
2018-09-06,0.008993923860290836
2018-09-07,0.007469038733770056
2018-09-10,0.010572751889063408
2018-09-11,0.02058711793566918
2018-09-12,0.024580036002572043
2018-09-13,0.02411694443694658
2018-09-14,0.031783996554687534
2018-09-17,0.018417298366759604
2018-09-18,0.02031397427186578
2018-09-19,0.019242200079940784
2018-09-20,0.024969785737345426
2018-09-21,0.024650087288185654
2018-09-24,0.022651638177223724
2018-09-25,0.015722867864097257
2018-09-26,0.004862059662252205
2018-09-27,0.007168606368380328
2018-09-28,0.0019054223675872266
2018-10-01,0.009430517730344553
2018-10-02,0.008812934803810896
2018-10-03,0.011085525889331737
2018-10-04,0.005933855718887924
2018-10-05,0.00333613092640824
2018-10-08,0.0052814322723764165
2018-10-09,0.0020840066231319213
2018-10-10,-0.03338289899894629
2018-10-11,-0.05589814637169762
2018-10-12,-0.048002760135956786
2018-10-15,-0.053807707508054956
2018-10-16,-0.026869053224605085
2018-10-17,-0.03210145642058093
2018-10-18,-0.047713263514043106
2018-10-19,-0.0563268554427604
2018-10-22,-0.05991187147050022
2018-10-23,-0.06168858958783433
2018-10-24,-0.09152714305014745
2018-10-25,-0.07074906366674016
2018-10-26,-0.09128309469486413
2018-10-29,-0.09694152575405926
2018-10-30,-0.08570009856509285
2018-10-31,-0.07449296237020847
2018-11-01,-0.06445647015580339
2018-11-02,-0.06255028874677128
2018-11-05,-0.05143627292489064
2018-11-06,-0.04512825049379004
2018-11-07,-0.02248470213124856
2018-11-08,0.007874340487005499
2018-11-09,0.020330394013420506
2018-11-12,-0.012324168523944402
2018-11-13,-0.00856417259450587
2018-11-14,-0.03705479481899401
2018-11-15,-0.026850791151883057
2018-11-16,-0.0097067655995955
2018-11-19,-0.02622336447676895
2018-11-20,-0.04040393875929006
2018-11-21,-0.031898411839923355
2018-11-23,-0.007832589783019933
2018-11-26,-0.009598619897798791
2018-11-27,0.011504038516282785
2018-11-28,0.039823663784352134
2018-11-29,0.022926923427994187
2018-11-30,0.01837945848966684
2018-12-03,0.020947793352110403
2018-12-04,-0.006049950308331956
2018-12-06,-0.013070269649761969
2018-12-07,-0.04288838450579108
2018-12-10,-0.0621762090268863
2018-12-11,-0.060132866615861716
2018-12-12,-0.045293216398339685
2018-12-13,-0.02677050022236166
2018-12-14,-0.0435349785640018
2018-12-17,-0.05648801751579489
2018-12-18,-0.06796788882294813
2018-12-19,-0.08565423898980433
2018-12-20,-0.08500659225497095
2018-12-21,-0.08702970107529347
2018-12-24,-0.11720943530964387
2018-12-26,-0.0612183264600944
2018-12-27,-0.06958612986632048
2018-12-28,-0.07423553899296056
2018-12-31,-0.08827900563428694
2019-01-02,-0.08505193939722948
2019-01-03,-0.11528101595966009
2019-01-04,-0.09548777182700723
2019-01-07,-0.05469589917059117
2019-01-08,-0.043825723771834045
2019-01-09,-0.01565286721285275
2019-01-10,-0.01402687593649029
2019-01-11,-0.013867898615525844
2019-01-14,-0.025010219410472358
2019-01-15,-0.013275484557110797
2019-01-16,0.007778969089547086
2019-01-17,0.03515025722544465
2019-01-18,0.049469552830101834
2019-01-22,0.05095590563093486
2019-01-23,0.06945797120407063
2019-01-24,0.09069187603356205
2019-01-25,0.12589577672382132
2019-01-28,0.06897680596072381
2019-01-29,0.060000735600530285
2019-01-30,0.07699821150416183
2019-01-31,0.07702185981125767
2019-02-01,0.07646343429050813
2019-02-04,0.10762677569073797
2019-02-05,0.07886232483403872
2019-02-06,0.06969013146580323
2019-02-07,0.05075949548113992
2019-02-08,0.04731783835057891
2019-02-11,0.04435084588725149
2019-02-12,0.056742317024394515
2019-02-13,0.06610362990190621
2019-02-14,0.05248704075987313
2019-02-15,0.060908511590242076
2019-02-19,0.0550798658536439
2019-02-20,0.04387054891392449
2019-02-21,0.05391104932644039
2019-02-22,0.05800204271887919
2019-02-25,0.05883061036070694
2019-02-26,0.04968911932047355
2019-02-27,0.05688828872775966
2019-02-28,0.05635270297283706
2019-03-01,0.046870059474565184
2019-03-04,0.03448173740563581
2019-03-05,0.03263925761711216
2019-03-06,0.019552885495401594
2019-03-07,0.00696953151310459
2019-03-08,0.006286412172402676
2019-03-11,0.030262186425272803
2019-03-12,0.03280523369492109
2019-03-13,0.038848255083703646
2019-03-14,0.025430824536507912
2019-03-15,0.027117093626466658
2019-03-18,0.032957432014079024
2019-03-19,0.02236736253887074
2019-03-20,0.01762344550480505
2019-03-21,0.026842023457700395
2019-03-22,0.010970040910404561
2019-03-25,0.00403655233951514
2019-03-26,0.010102973331704103
2019-03-27,0.005576116389451372
2019-03-28,0.00978876409908222
2019-03-29,0.0179384007135749
2019-04-01,0.023503854424380115
2019-04-02,0.027637395528088467
2019-04-03,0.03057094555957845
2019-04-04,0.03929606688604164
2019-04-05,0.052525340201954755
2019-04-08,0.0552892929782595
2019-04-09,0.035754481300849204
2019-04-10,0.03539545078189162
2019-04-11,0.028520802417423916
2019-04-12,0.035903767552731884
2019-04-15,0.030320127616834024
2019-04-16,0.027356274389333433
2019-04-17,0.02465772673978678
2019-04-18,0.029639402090313596
2019-04-22,0.01926982890621962
2019-04-23,0.047655417662861736
2019-04-24,0.04618575252281288
2019-04-25,0.03814317833814529
2019-04-26,0.048031787058638906
2019-04-29,0.04581571247365832
2019-04-30,0.04003950265695392
2019-05-01,0.02070521156552757
2019-05-02,0.018054877356491934
2019-05-03,0.02622250992528787
2019-05-06,0.01944904420818247
2019-05-07,-0.002220662775579331
2019-05-08,-0.004372767940934255
2019-05-09,-0.0022651566264173767
2019-05-10,-0.000659096427023646
2019-05-13,-0.025833426008338198
2019-05-14,-0.02357364822552579
2019-05-15,-0.017077299879673793
2019-05-16,-0.00851414635470013
2019-05-17,-0.012550121347525112
2019-05-20,-0.02115147160711226
2019-05-21,-0.013037875791635803
2019-05-22,-0.025065756536021343
2019-05-23,-0.03513785682483174
2019-05-24,-0.03225592949485394
2019-05-28,-0.04624577074357019
2019-05-29,-0.05454567879234084
2019-05-30,-0.052327947957031815
2019-05-31,-0.05835012521268936
2019-06-03,-0.05873536247013685
2019-06-04,-0.04700130682029067
2019-06-05,-0.0342525994869664
2019-06-06,-0.010930088072393752
2019-06-07,0.00041735178006504917
2019-06-10,0.008026400796255885
2019-06-11,0.002772982924197469
2019-06-12,0.026457853039878014
2019-06-13,0.021572489263016678
2019-06-14,0.014626022388404636
2019-06-17,0.005787641059608356
2019-06-18,0.022690192980127304
2019-06-19,0.03157913863340861
2019-06-20,0.03211275262812733
2019-06-21,0.03373478778504568
2019-06-24,0.04480337480610667
2019-06-25,0.03268131691926431
2019-06-26,0.04102702758725279
2019-06-27,0.05129969796669837
2019-06-28,0.05370503161784905
2019-07-01,0.07630971609428563
2019-07-02,0.08145677538381997
2019-07-03,0.06794563401989202
2019-07-05,0.05818218493971526
2019-07-08,0.04619081565211436
2019-07-09,0.037479176849746075
2019-07-10,0.037667271424213715
2019-07-11,0.040250789002477916
2019-07-12,0.04648477954909643
2019-07-15,0.042699696134918946
2019-07-16,0.040574905307728205
2019-07-17,0.03336630953077188
2019-07-18,0.02660412959267722
2019-07-19,0.01877893653614253
2019-07-22,0.011723606758655986
2019-07-23,0.020302513497971946
2019-07-24,0.026216395039599192
2019-07-25,0.03128405230012877
2019-07-26,0.0389599509441878
2019-07-29,0.03359769886281286
2019-07-30,0.02600714847523191
2019-07-31,0.005968420617778261
2019-08-01,-0.005378291063499387
2019-08-02,-0.02089950913816853
2019-08-05,-0.05029562451246457
2019-08-06,-0.030860166781536996
2019-08-07,-0.031515260188666155
2019-08-08,-0.01685195778256519
2019-08-09,-0.02602792568278652
2019-08-12,-0.04274345759141911
2019-08-13,-0.027643944415778183
2019-08-14,-0.05442709300984908
2019-08-15,-0.04496024194755315
2019-08-16,-0.033967325996564
2019-08-19,-0.01642110210801401
2019-08-20,-0.026566959918642084
2019-08-21,-0.025588533109532692
2019-08-22,-0.03058494189523648
2019-08-23,-0.05181995951758928
2019-08-26,-0.0474997194601271
2019-08-27,-0.049608363281322586
2019-08-28,-0.04013349335051878
2019-08-29,-0.016440505466489497
2019-08-30,-0.008138837691804221
2019-09-03,-0.006445349779916465
2019-09-04,0.03537592870433499
2019-09-05,0.03422330814268534
2019-09-06,0.03440469113459807
2019-09-09,0.01547781325022618
2019-09-10,0.022077880651393048
2019-09-11,0.04141199210740659
2019-09-12,0.029438008181534636
2019-09-13,0.05878728857631594
2019-09-16,0.05305580852111665
2019-09-17,0.04093705453590702
2019-09-18,0.02955926802108446
2019-09-19,0.03718504559468752
2019-09-20,0.02434578537896457
2019-09-23,0.024419251596793364
2019-09-24,0.04256495511208783
2019-09-25,0.03746422111085802
2019-09-26,0.039310322825928494
2019-09-27,0.026891715026978517
2019-09-30,0.018826800455138886
2019-10-01,0.007304468593526054
2019-10-02,-0.004653104046505784
2019-10-03,-0.0077806060434398895
2019-10-04,-0.007112531481386967
2019-10-07,-0.012207963922896619
2019-10-08,-0.028357852038399366
2019-10-09,-0.018671808397502827
2019-10-10,-0.019016868452654052
2019-10-11,-0.012160942332441829
2019-10-14,-0.012610858563735372
2019-10-15,0.00033330069511109387
2019-10-16,-0.003802118433490419
2019-10-17,-0.0014554997874179523
2019-10-18,-0.0057757875860126266
2019-10-21,0.005716781824302239
2019-10-22,0.0026791614252348224
2019-10-23,0.01346206836612041
2019-10-24,0.009197707993975403
2019-10-25,0.015369733201624427
2019-10-28,0.026391937662238282
2019-10-29,0.02146806365333502
2019-10-30,0.036496935412375954
2019-10-31,0.05165215058818885
2019-11-01,0.0527143646746445
2019-11-04,0.043282886133049946
2019-11-05,0.04649967583045797
2019-11-06,0.062374208339671916
2019-11-07,0.056433487637772825
2019-11-08,0.05215625465625111
2019-11-11,0.03993073928667841
2019-11-12,0.04315048521906826
2019-11-13,0.03362292904513407
2019-11-14,0.036684642599930074
2019-11-15,0.04095053128277586
2019-11-18,0.04607420864859792
2019-11-19,0.039029622762577876
2019-11-20,0.03857558103132506
2019-11-21,0.03406085435474447
2019-11-22,0.03464939863525046
2019-11-25,0.03828290693145786
2019-11-26,0.03492549020357972
2019-11-27,0.03966953954187899
2019-11-29,0.03289186202873455
2019-12-02,0.02702772832616695
2019-12-03,0.011077120731674196
2019-12-04,0.013218864215263922
2019-12-05,0.01612165927452869
2019-12-06,0.02498685229496827
2019-12-09,0.018326944438333097
2019-12-10,0.014747436820594954
2019-12-11,0.019493783335682736
2019-12-12,0.025970532464387016
2019-12-13,0.026245912414608497
2019-12-16,0.03163763036482546
2019-12-17,0.024646343621866296
2019-12-18,0.02397182425950878
2019-12-19,0.028350639281384028
2019-12-20,0.03645140123233898
2019-12-23,0.039587882281793586
2019-12-24,0.037397295099542545
2019-12-26,0.03498613576681965
2019-12-27,0.032475147667937666
2019-12-30,0.022499211977228924
2019-12-31,0.028641035092390698
2020-01-02,0.04648056405299196
2020-01-03,0.04560864827022147
2020-01-06,0.04326523890616382
2020-01-07,0.038653464924300635
2020-01-08,0.03487595502664559
2020-01-09,0.044783042305785614
2020-01-10,0.04301713383775
2020-01-13,0.04703615013827183
2020-01-14,0.03692807661654472
2020-01-15,0.038586374918258205
2020-01-16,0.04002393352404926
2020-01-17,0.0429125608011556
2020-01-21,0.04088959345372969
2020-01-22,0.036920206659525966
2020-01-23,0.03369146047037644
2020-01-24,0.02323202629359426
2020-01-27,0.007041991183013098
2020-01-28,0.012157568112031458
2020-01-29,0.011578879942951214
2020-01-30,0.02034761719405298
2020-01-31,-0.00040367986390126893
2020-02-03,-0.002311366442927849
2020-02-04,0.020416351032170287
2020-02-05,0.028090236866900438
2020-02-06,0.034265131380476516
2020-02-07,0.023605701303614036
2020-02-10,0.024285357239627912
2020-02-11,0.028898970661425667
2020-02-12,0.02846728840377538
2020-02-13,0.02892554472397365
2020-02-14,0.028269127474783884
2020-02-18,0.01740446626820555
2020-02-19,0.01906680373067658
2020-02-20,0.016910372273736752
2020-02-21,0.006437691954164738
2020-02-24,-0.02843617748883675
2020-02-25,-0.050274136603196046
2020-02-26,-0.03780016161273726
2020-02-27,-0.0941760712596332
2020-02-28,-0.0975598678759499
2020-03-02,-0.05840513030400894
2020-03-03,-0.0691308241482319
2020-03-04,-0.035357741420946685
2020-03-05,-0.08429124053147768
2020-03-06,-0.11244223764510994
2020-03-09,-0.1971140301118261
2020-03-10,-0.14131943255013996
2020-03-11,-0.19873356600592024
2020-03-12,-0.30103433742401614
2020-03-13,-0.22542830550505594
2020-03-16,-0.34024729424824285
2020-03-17,-0.2892631668101206
2020-03-18,-0.33864239014189673
2020-03-19,-0.3412896513987054
2020-03-20,-0.3812231778946594
2020-03-23,-0.3967723821878662
2020-03-24,-0.27631328810525524
2020-03-25,-0.230683497394414
2020-03-26,-0.17024955034199174
2020-03-27,-0.15453667907562949
2020-03-30,-0.11836700139272228
2020-03-31,-0.17577931321911522
2020-04-01,-0.1927779424614408
2020-04-02,-0.21113856063731665
2020-04-03,-0.1918911999617592
2020-04-06,-0.11021534912484182
2020-04-07,-0.027883872593699482
2020-04-08,-0.045317179078007155
2020-04-09,0.019762162037827016
2020-04-13,0.11115917937125745
2020-04-14,0.05819747490949573
2020-04-15,0.15260668154989007
2020-04-16,0.10483452959891716
2020-04-17,0.1834510462112974
2020-04-20,0.16355349173712191
2020-04-21,0.17677015301365018
2020-04-22,0.2246227192411497
2020-04-23,0.1378200195203584
2020-04-24,0.13680297132665786
2020-04-27,0.09436978327506904
2020-04-28,0.11999938908310942
2020-04-29,0.11388159722559309
2020-04-30,0.11954433611437046
2020-05-01,0.13876351409521778
2020-05-04,0.11870489072162403
2020-05-05,0.1424611848772364
2020-05-06,0.07065247495208442
2020-05-07,0.08162848701659405
2020-05-08,0.06502192031954944
2020-05-11,0.05012428614664904
2020-05-12,0.039163278699987994
2020-05-13,-0.007747076268904841
2020-05-14,0.025626425019661503
2020-05-15,0.025400462192345638
2020-05-18,0.028748240548590282
2020-05-19,0.03619914233111012
2020-05-20,0.08387811092938913
2020-05-21,0.05499863343039349
2020-05-22,0.056967501927787
2020-05-26,0.055370148853722
2020-05-27,0.05582408397366447
2020-05-28,0.058586233163117125
2020-05-29,0.03719068847181042
2020-06-01,0.050578818804349786
2020-06-02,0.08565493469054565
2020-06-03,0.0961209391679045
2020-06-04,0.08429384658608552
2020-06-05,0.116402513788815
2020-06-08,0.11642258050532787
2020-06-09,0.0925272587668946
2020-06-10,0.08672642383789018
2020-06-11,0.04748196411715873
2020-06-12,0.07723088353322528
2020-06-15,0.0746267813570459
2020-06-16,0.08910447142990328
2020-06-17,0.05493776666294058
2020-06-18,0.0656468569357886
2020-06-19,0.04307001976143125
2020-06-22,0.05639226445628418
2020-06-23,0.05908839320383743
2020-06-24,0.021004004877355875
2020-06-25,0.016897848234514755
2020-06-26,-0.0052938637434944615
2020-06-29,0.004850740938155517
2020-06-30,0.013545318936921055
2020-07-01,0.012279928915254505
2020-07-02,0.004551066305474617
2020-07-06,0.022500575511348778
2020-07-07,-0.01317310453071987
2020-07-08,-0.017568753340843977
2020-07-09,-0.015793423899447552
2020-07-10,-3.8715168451713744e-05
2020-07-13,0.050641997173686705
2020-07-14,0.051612947112475556
2020-07-15,0.051466192473830226
2020-07-16,0.029102393233874056
2020-07-17,0.03615975244184281
2020-07-20,0.043823711758225
2020-07-21,0.05168048395717938
2020-07-22,0.05096173905075849
2020-07-23,0.034364842272814715
2020-07-24,0.05374350249939439
2020-07-27,0.05034603598955677
2020-07-28,0.06802178188597295
2020-07-29,0.0656546419343705
2020-07-30,0.04935250003142577
2020-07-31,0.05024287388517415
2020-08-03,0.05167950384909321
2020-08-04,0.04021488234261558
2020-08-05,0.056773771518757864
2020-08-06,0.05581688064050059
2020-08-07,0.06224363759977103
2020-08-10,0.055069076988725076
2020-08-11,0.05547689332601626
2020-08-12,0.05644724117615562
2020-08-13,0.04549237270879231
2020-08-14,0.04882126120021219
2020-08-17,0.049097844664500165
2020-08-18,0.04320681388085371
2020-08-19,0.036909037577634494
2020-08-20,0.03434204938555857
2020-08-21,0.049886725766605876
2020-08-24,0.0664297731784077
2020-08-25,0.06265713421212225
2020-08-26,0.07899507862208234
2020-08-27,0.068956034325619
2020-08-28,0.07896864856413038
2020-08-31,0.06746842732469525
2020-09-01,0.06991472677285443
2020-09-02,0.08042032963306742
2020-09-03,0.03920802365206429
2020-09-04,0.024347575606605693
2020-09-08,-0.004073125382064482
2020-09-09,0.012497303239368597
2020-09-10,0.0032704694461313816
2020-09-11,-0.010067259078729983
2020-09-14,0.004827620393788463
2020-09-15,0.009837777342583582
2020-09-16,0.0026898566308710807
2020-09-17,-0.00830274772001722
2020-09-18,-0.015709597139702266
2020-09-21,-0.030010518949997983
2020-09-22,-0.023419072614673804
2020-09-23,-0.05696501119396786
2020-09-24,-0.057796172359061385
2020-09-25,-0.05173410065487507
2020-09-28,-0.03744558684857708
2020-09-29,-0.04934497604486786
2020-09-30,-0.03816279080318576
2020-10-01,-0.04113782771982474
2020-10-02,-0.06503790902116127
2020-10-05,-0.012439536480072547
2020-10-06,-0.018559854046073156
2020-10-07,0.026400375972600955
2020-10-08,0.015669059194163146
2020-10-09,0.04207558041025616
2020-10-12,0.05752654389012965
2020-10-13,0.03789364233012156
2020-10-14,0.026550722170572284
2020-10-15,0.029290300904983895
2020-10-16,0.03752033989115203
2020-10-19,0.03377964258582366
2020-10-20,0.04896921161864194
2020-10-21,0.03694185641225387
2020-10-22,0.06587611725329261
2020-10-23,0.06660360537860356
2020-10-26,0.03191330186904433
2020-10-27,0.011986905241374836
2020-10-28,-0.0173288980120542
2020-10-29,-0.014769872293734686
2020-10-30,-0.03164903383393813
2020-11-02,-0.0109630746453345
2020-11-03,-0.01103922827539669
2020-11-04,0.025382207778232697
2020-11-05,0.02744027094126185
2020-11-06,0.0183885748519554
2020-11-09,0.021985074138611213
2020-11-10,0.0045577561201339475
2020-11-11,0.018506481810960547
2020-11-12,0.015061477207824575
2020-11-13,0.03004771692287033
2020-11-16,0.04305752055199239
2020-11-17,0.0529847393721793
2020-11-18,0.03687912413939782
2020-11-19,0.042975288228689956
2020-11-20,0.03063369458974126
2020-11-23,0.03322052374587668
2020-11-24,0.06785845929724596
2020-11-25,0.06976910100843749
2020-11-27,0.10732696222638577
2020-11-30,0.09277792331985708
2020-12-01,0.11413557366559593
2020-12-02,0.10509097638890469
2020-12-03,0.08731657745673817
2020-12-04,0.073794072990916
2020-12-07,0.052421652378306774
2020-12-08,0.055571972914344764
2020-12-09,0.03407517194235155
2020-12-10,0.03521622356458764
2020-12-11,0.026641527674816062
2020-12-14,0.03190236629832078
2020-12-15,0.0315819197782629
2020-12-16,0.02074463914097341
2020-12-17,0.03171379025398094
2020-12-18,0.03982130299799671
2020-12-21,0.03203766098377083
2020-12-22,0.037222179355090396
2020-12-23,0.032144285421256115
2020-12-24,0.020041834219141495
2020-12-28,0.030138564875031075
2020-12-29,0.02544786432747851
2020-12-30,0.03131048818073044
2020-12-31,0.025500398478665826
2021-01-04,0.009691534096547664
2021-01-05,0.01682764479561583
2021-01-06,0.014207854547519176
2021-01-07,0.031013356562016127
2021-01-08,0.033772601080235005
2021-01-11,0.03601892420002268
2021-01-12,0.036556749592055376
2021-01-13,0.04041976719335501
2021-01-14,0.04139884587603336
2021-01-15,0.020650265001786246
2021-01-19,0.026903394127512744
2021-01-20,0.035071020782915775
2021-01-21,0.039982940382741805
2021-01-22,0.04001922066357375
2021-01-25,0.04564215547816029
2021-01-26,0.04318152241230805
2021-01-27,0.01455479084398984
2021-01-28,0.014564016423018557
2021-01-29,-0.0037490335798342606
2021-02-01,0.011333814564144819
2021-02-02,0.020306828532130096
2021-02-03,0.03480045763220312
2021-02-04,0.03923866815370455
2021-02-05,0.03720580916613034
2021-02-08,0.029653532866036506
2021-02-09,0.023305959925465077
2021-02-10,0.029633731122205558
2021-02-11,0.031036367867451772
2021-02-12,0.033274499179432336
2021-02-16,0.03591637699351234
2021-02-17,0.0434652194735094
2021-02-18,0.031379111033709245
2021-02-19,0.01586771115791445
2021-02-22,0.0072348926927094815
2021-02-23,0.011994363448289955
2021-02-24,0.019017122754886227
2021-02-25,-0.0038114975431585833
2021-02-26,0.015766561518983473
2021-03-01,0.031154539346297114
2021-03-02,0.04354328436860145
2021-03-03,0.013700458966408965
2021-03-04,-0.012792574518511488
2021-03-05,0.004650460476120375
2021-03-08,-0.011642491851587071
2021-03-09,-0.001393712292910519
2021-03-10,-0.002384299037261357
2021-03-11,0.008370005305682228
2021-03-12,0.010151312919770531
2021-03-15,0.014483549173043597
2021-03-16,0.008293598794940453
2021-03-17,0.01256428813714366
2021-03-18,-0.0023216968460305783
2021-03-19,9.102809867504692e-05
2021-03-22,0.009811926511231556
2021-03-23,0.009631444291269466
2021-03-24,0.0033216273569289514
2021-03-25,-0.0020277627500183263
2021-03-26,0.038349506551738514
2021-03-29,0.043010358637087014
2021-03-30,0.016402664927525287
2021-03-31,0.028281644190393695
2021-04-01,0.05235696414566462
2021-04-05,0.07906036818849019
2021-04-06,0.06024013769545837
2021-04-07,0.06638799875337707
2021-04-08,0.05694689055663779
2021-04-09,0.057985261842553065
2021-04-12,0.0482616861639126
2021-04-13,0.04987524665237351
2021-04-14,0.040508357289216146
2021-04-15,0.05245604456636403
2021-04-16,0.052388305302949086
2021-04-19,0.062119804510981806
2021-04-20,0.0566235412017041
2021-04-21,0.05808765309288899
2021-04-22,0.05681458803312065
2021-04-23,0.07269506245918007
2021-04-26,0.06917055823252863
2021-04-27,0.0529687913525198
2021-04-28,0.05318650845329413
2021-04-29,0.06219553650048581
2021-04-30,0.051558293137420656
2021-05-03,0.042971514262164036
2021-05-04,0.02253183081205918
2021-05-05,0.023435137912341843
2021-05-06,0.03023263781759636
2021-05-07,0.032748553317523736
2021-05-10,0.015553190889278624
2021-05-11,0.0062239723019036014
2021-05-12,-0.018209538574711
2021-05-13,-0.0028475282081859257
2021-05-14,0.0017053865572074147
2021-05-17,-0.004178837923702468
2021-05-18,-0.00790666533162554
2021-05-19,-0.0031836613477386885
2021-05-20,-0.0019005430418242506
2021-05-21,0.006455323585777127
2021-05-24,0.005813761693435685
2021-05-25,0.0015075265804318724
2021-05-26,0.0037054942932539616
2021-05-27,0.004517810900785529
2021-05-28,-4.7683772431756406e-05
2021-06-01,0.005663201403354622
2021-06-02,0.005080553516266615
2021-06-03,0.007550463197401143
2021-06-04,0.01634233445029364
2021-06-07,0.007417647169562721
2021-06-08,0.0003792180213937228
2021-06-09,0.008837810674460864
2021-06-10,0.022440074511503323
2021-06-11,0.04556542851183558
2021-06-14,0.03586071866790864
2021-06-15,0.01878648503754626
2021-06-16,0.015735170674544528
2021-06-17,0.024056614593321517
2021-06-18,0.013099720606006539
2021-06-21,0.016613445849987737
2021-06-22,0.022764495479841988
2021-06-23,0.011416049986430768
2021-06-24,0.019535389975618978
2021-06-25,0.02109847453204889
2021-06-28,0.022587567020652156
2021-06-29,0.021338291782333377
2021-06-30,0.023060865448962155
2021-07-01,0.027010432312191232
2021-07-02,0.0383434319999876
2021-07-06,0.027415912993533145
2021-07-07,0.031914589084105584
2021-07-08,0.023520145065813684
2021-07-09,0.035631090225644764
2021-07-12,0.03456933334137487
2021-07-13,0.029503242322811964
2021-07-14,0.028758111106723015
2021-07-15,0.027172612831257756
2021-07-16,0.024896926013127204
2021-07-19,0.010350536485603471
2021-07-20,0.038161424273484755
2021-07-21,0.03201071751849574
2021-07-22,0.02877095930845745
2021-07-23,0.040212197756928976
2021-07-26,0.03676573818663936
2021-07-27,0.028651982983792613
2021-07-28,0.026227949581362847
2021-07-29,0.02982895636755237
2021-07-30,0.024119394425131474
2021-08-02,0.016497920683849067
2021-08-03,0.016985918338730154
2021-08-04,0.013877988327868025
2021-08-05,0.016662894238517096
2021-08-06,0.02649514834566014
2021-08-09,0.015063442818138543
2021-08-10,0.01273067086261791
2021-08-11,0.018627586916403406
2021-08-12,0.020128870894655797
2021-08-13,0.025368445527856946
2021-08-16,0.03559496425776334
2021-08-17,0.04389613532062188
2021-08-18,0.018662162987212128
2021-08-19,0.012145489487777467
2021-08-20,0.017978948754031793
2021-08-23,0.016501745969224716
2021-08-24,0.01563619170813586
2021-08-25,0.02230028087437242
2021-08-26,0.01678962797741188
2021-08-27,0.02155215842468875
2021-08-30,0.030808284328309853
2021-08-31,0.03142576953077834
2021-09-01,0.023854650316768238
2021-09-02,0.031857585384876964
2021-09-03,0.025301870671515226
2021-09-07,0.02006900048076614
2021-09-08,0.019663890741195837
2021-09-09,0.014131202845518028
2021-09-10,0.0037334598721204854
2021-09-13,0.0032971732695727626
2021-09-14,-0.003932225166326377
2021-09-15,0.0020339016710886858
2021-09-16,0.007024165992199117
2021-09-17,0.008240646387219119
2021-09-20,-0.010121204042998162
2021-09-21,-0.018991820754530545
2021-09-22,-0.018042429467262453
2021-09-23,-0.007551963191352401
2021-09-24,-0.008002053654479226
2021-09-27,-0.00494639980966341
2021-09-28,-0.0342053906064313
2021-09-29,-0.036911510090379226
2021-09-30,-0.047726377584760796
2021-10-01,-0.03644380645899746
2021-10-04,-0.05249557029556214
2021-10-05,-0.04190142379196675
2021-10-06,-0.03417207419611032
2021-10-07,-0.024344547353495952
2021-10-08,-0.02188044524153505
2021-10-11,-0.021230747775642426
2021-10-12,-0.026251596665373005
2021-10-13,-0.017249012569381154
2021-10-14,-0.008886597779373319
2021-10-15,0.00028676973679139605
2021-10-18,0.013032225372692925
2021-10-19,0.03753217896742614
2021-10-20,0.04239721392697539
2021-10-21,0.03529454722682375
2021-10-22,0.022181036550199006
2021-10-25,0.025883654414180005
2021-10-26,0.02964819717408621
2021-10-27,0.045565891796684785
2021-10-28,0.05348672576320059
2021-10-29,0.06781138530958651
2021-11-01,0.05771622266580339
2021-11-02,0.0747311568745275
2021-11-03,0.07046629999789468
2021-11-04,0.0710204694513914
2021-11-05,0.06587543191249573
2021-11-08,0.06855428568752796
2021-11-09,0.07250955442263697
2021-11-10,0.06689672263505737
2021-11-11,0.06362893378935536
2021-11-12,0.054466970279998875
2021-11-15,0.047222253470848685
2021-11-16,0.04821591541667021
2021-11-17,0.03809854277860503
2021-11-18,0.03756926581422533
2021-11-19,0.03317458171130864
2021-11-22,0.03139215474142781
2021-11-23,0.02736857308273845
2021-11-24,0.02913542554869426
2021-11-26,0.011019864905869236
2021-11-29,0.013609301854878636
2021-11-30,-0.008067151594241068
2021-12-01,-0.020955579702745288
2021-12-02,-0.009790162584627745
2021-12-03,-0.024616175847705677
2021-12-06,-0.017544043838340347
2021-12-07,-0.0005338778464202819
2021-12-08,0.001257398467854589
2021-12-09,-0.0022063907614656474
2021-12-10,0.015240803582609735
2021-12-13,0.006019316092737213
2021-12-14,-0.008402980161765003
2021-12-15,0.006759196923123601
2021-12-16,-0.006048618947165749
2021-12-17,-0.01431639605995977
2021-12-20,-0.02839756327052667
2021-12-21,-0.009004622865737364
2021-12-22,0.0037636663765201373
2021-12-23,0.00864151614252006
2021-12-27,0.020027998295755158
2021-12-28,0.041766108054219694
2021-12-29,0.030852509689951763
2021-12-30,0.04773340509954203
2021-12-31,0.056379584477258035
2022-01-03,0.04695256177180556
2022-01-04,0.0553570015429983
2022-01-05,0.024194367173922943
2022-01-06,0.002780828185106023
2022-01-07,-0.0038251166320720565
2022-01-10,0.001704487457772932
2022-01-11,0.0014016068325670469
2022-01-12,0.012999653924545189
2022-01-13,0.006028944267871663
2022-01-14,-0.009066563772767725
2022-01-18,-0.018077210183470912
2022-01-19,-0.01781490250236374
2022-01-20,-0.018254353609427967
2022-01-21,-0.05568334397224001
2022-01-24,-0.061394706234632085
2022-01-25,-0.07988170162989432
2022-01-26,-0.09644639207273917
2022-01-27,-0.10057904634857548
2022-01-28,-0.07732548033208006
2022-01-31,-0.056706085663005244
2022-02-01,-0.047448608344748705
2022-02-02,-0.0435547198483565
2022-02-03,-0.06700546662060479
2022-02-04,-0.04292537370280783
2022-02-07,-0.04519977740575223
2022-02-08,-0.033044405076699486
2022-02-09,-0.017269377453263367
2022-02-10,-0.044465151107741845
2022-02-11,-0.06708110061365304
2022-02-14,-0.05648120580792967
2022-02-15,-0.04089189690751281
2022-02-16,-0.021903425879823375
2022-02-17,-0.03305855685770719
2022-02-18,-0.028424766010077436
2022-02-22,-0.019388580254792183
2022-02-23,-0.0415240383987378
2022-02-24,-0.014303032744354361
2022-02-25,0.010033095267667871
2022-02-28,0.012421240073277925
2022-03-01,-0.02745825927915019
2022-03-02,-0.027079979859221837
2022-03-03,-0.0388050996475796
2022-03-04,-0.05663009553211613
2022-03-07,-0.06276665043093772
2022-03-08,-0.07506846495812028
2022-03-09,-0.04539643793264266
2022-03-10,-0.0581164291182016
2022-03-11,-0.08544281758483548
2022-03-14,-0.0746490557708935
2022-03-15,-0.032981243968384026
2022-03-16,-0.00777459321928501
2022-03-17,-0.011339426331827716
2022-03-18,-0.0015665944157942967
2022-03-21,0.01973402735722661
2022-03-22,0.03786370462931304
2022-03-23,0.03569107936442137
2022-03-24,0.06855064450556009
2022-03-25,0.058485590912550914
2022-03-28,0.043749225172837344
2022-03-29,0.058606079631937355
2022-03-30,0.06775969736399565
2022-03-31,0.034019486078190796
2022-04-01,0.041840622979716316
2022-04-04,0.05852857621229612
2022-04-05,0.07573902239221607
2022-04-06,0.07330006417865977
2022-04-07,0.05186853945550708
2022-04-08,0.05371692060476658
2022-04-11,0.049273162392746116
2022-04-12,0.052896280977156346
2022-04-13,0.04253265344592859
2022-04-14,0.008070774647161475
2022-04-18,-0.003951578852347829
2022-04-19,0.0011692698740165908
2022-04-20,0.0007196550203323466
2022-04-21,-0.025980352905688845
2022-04-22,-0.040840685630154416
2022-04-25,-0.0500215995832281
2022-04-26,-0.08428200045186374
2022-04-27,-0.08856194491312917
2022-04-28,-0.07591122383768564
2022-04-29,-0.10737310498456983
2022-05-02,-0.08586078287804565
2022-05-03,-0.08411735500848885
2022-05-04,-0.06264903562505222
2022-05-05,-0.08612691782656298
2022-05-06,-0.0820641585708793
2022-05-09,-0.11963150486395145
2022-05-10,-0.11464603380643025
2022-05-11,-0.1134196458659042
2022-05-12,-0.11075202189081737
2022-05-13,-0.09851375751514216
2022-05-16,-0.0900497709844289
2022-05-17,-0.07009929836591976
2022-05-18,-0.1272595528370764
2022-05-19,-0.13266104731148726
2022-05-20,-0.11715839385545737
2022-05-23,-0.07079853994576779
2022-05-24,-0.0842425837396427
2022-05-25,-0.046057747252736085
2022-05-26,-0.029081312943750902
2022-05-27,-0.02977441324560605
2022-05-31,0.0022546615722548254
2022-06-01,-0.011868168955826345
2022-06-02,0.0024226875927586254
2022-06-03,-0.04412326035550109
2022-06-06,-0.004893330772315571
2022-06-07,0.01063994261730091
2022-06-08,0.03224939283040669
2022-06-09,0.005871157936193971
2022-06-10,-0.00753948073017838
2022-06-13,-0.04520278642221675
2022-06-14,-0.0718472815633414
2022-06-15,-0.053625697008335096
2022-06-16,-0.1076432745993169
2022-06-17,-0.06434344414443938
2022-06-21,-0.0333381872998932
2022-06-22,-0.035588944792930524
2022-06-23,-0.04437161876545315
2022-06-24,-0.005409353741912108
2022-06-27,-0.01803256386540844
2022-06-28,-0.058461452723839506
2022-06-29,-0.08352869290182954
2022-06-30,-0.0860596362987372
2022-07-01,-0.06741699867842021
2022-07-05,-0.08439478024654991
2022-07-06,-0.06447545336343978
2022-07-07,-0.052649683497478346
2022-07-08,-0.06301890629233957
2022-07-11,-0.0635765842094563
2022-07-12,-0.04839452116572442
2022-07-13,-0.024235785783690365
2022-07-14,0.012040507271171036
2022-07-15,0.03398336654429199
2022-07-18,0.011536404483136272
2022-07-19,0.07185290142274757
2022-07-20,0.0760525628989203
2022-07-21,0.06132229030400239
2022-07-22,0.05381548078763463
2022-07-25,0.04527521232063814
2022-07-26,0.0020742976443602276
2022-07-27,0.03153637337977394
2022-07-28,0.06464528328607821
2022-07-29,0.07993343818361255
2022-08-01,0.08512534579084348
2022-08-02,0.06798524632436297
2022-08-03,0.08163658341350769
2022-08-04,0.0775888900875096
2022-08-05,0.061031370359969056
2022-08-08,0.060692731619620854
2022-08-09,0.06820302711158441
2022-08-10,0.09787759575075936
2022-08-11,0.10314321574733962
2022-08-12,0.12236206920636027
2022-08-15,0.10754925457263116
2022-08-16,0.11779743065825232
2022-08-17,0.08401365982448943
2022-08-18,0.08056279478672818
2022-08-19,0.05690200192386935
2022-08-22,0.04518112670166228
2022-08-23,0.04154470377810192
2022-08-24,0.05664252122264876
2022-08-25,0.045026233561083026
2022-08-26,-0.0018735504168827762
2022-08-29,-0.022980980832604327
2022-08-30,-0.031053904365053942
2022-08-31,-0.03207312431284187
2022-09-01,-0.04447798986739587
2022-09-02,-0.05440263918107223
2022-09-06,-0.05649114559829566
2022-09-07,-0.037524342235218736
2022-09-08,-0.027030368405994903
2022-09-09,-0.03240085516384958
2022-09-12,-0.02171062303024241
2022-09-13,-0.08295406715519843
2022-09-14,-0.0832578033428982
2022-09-15,-0.09663297116284203
2022-09-16,-0.09716765299402536
2022-09-19,-0.09234491672815584
2022-09-20,-0.09036056994287268
2022-09-21,-0.0869160465595381
2022-09-22,-0.0929293403046257
2022-09-23,-0.1130222306487027
2022-09-26,-0.13698290095999247
2022-09-27,-0.1051036238172342
2022-09-28,-0.07898413517606792
2022-09-29,-0.08905590171484969
2022-09-30,-0.09700210277409296
2022-10-03,-0.07407628768501803
2022-10-04,-0.032959569573381226
2022-10-05,-0.0315102751430275
2022-10-06,-0.05968541690779382
2022-10-07,-0.09449049948873295
2022-10-10,-0.11757105751880247
2022-10-11,-0.13461430756074633
2022-10-12,-0.09346219445422606
2022-10-13,-0.07122162609619051
2022-10-14,-0.08285585942880547
2022-10-17,-0.049825481485481264
2022-10-18,-0.04586942993879319
2022-10-19,-0.04143632521855548
2022-10-20,-0.032259296605860334
2022-10-21,0.00018705058832988025
2022-10-24,0.029246041769403198
2022-10-25,0.055030483918123284
2022-10-26,0.050023851295798866
2022-10-27,0.025183993747554385
2022-10-28,0.06980656479157532
2022-10-31,0.07814161190823721
2022-11-01,0.047696996534659565
2022-11-02,-0.00823544011473012
2022-11-03,-0.016254975012568947
2022-11-04,0.008405306412424044
2022-11-07,0.04621531648931674
2022-11-08,0.05926131334479909
2022-11-09,0.044796791245861105
2022-11-10,0.10159813392771057
2022-11-11,0.08518104705018056
2022-11-14,0.09969045448263161
2022-11-15,0.0828112327552513
2022-11-16,0.06347211894860746
2022-11-17,0.06751928027613836
2022-11-18,0.08047004390087531
2022-11-21,0.05281626156699572
2022-11-22,0.054021643602933975
2022-11-23,0.044460804091394523
2022-11-25,0.05179978272236927
2022-11-28,0.0410682986418674
2022-11-29,0.015837137916895817
2022-11-30,0.05410118824190981
2022-12-01,0.057750721311491816
2022-12-02,0.08201260957240145
2022-12-05,0.07420996336819619
2022-12-06,0.04539957778268936
2022-12-07,0.034177132226907804
2022-12-08,0.03659917167724889
2022-12-09,0.049918718456913924
2022-12-12,0.010735570335862723
2022-12-13,0.008644946724564964
2022-12-14,0.010773994684846815
2022-12-15,-0.022485110986383415
2022-12-16,-0.02670320116803214
2022-12-19,-0.03215442836340975
2022-12-20,-0.03531716804790943
2022-12-21,-0.016832671679495394
2022-12-22,-0.04456905336433949
2022-12-23,-0.04511496166995289
2022-12-27,-0.048842464297914334
2022-12-28,-0.045262245204411036
2022-12-29,-0.02570322407584111
2022-12-30,-0.05935529148992532
2023-01-03,-0.06283803705541892
2023-01-04,-0.05399309357233668
2023-01-05,-0.047319264965520524
2023-01-06,-0.010126282432103702
2023-01-09,-0.008990778232806423
2023-01-10,-0.009805571739313004
2023-01-11,0.010260801638393971
2023-01-12,-0.00041916888437162187
2023-01-13,-0.004088670578670469
2023-01-17,0.0004918325399774255
2023-01-18,0.009343920404449408
2023-01-19,0.013913798116880973
2023-01-20,0.040887131382072624
2023-01-23,0.051447069373985896
2023-01-24,0.03553137845116123
2023-01-25,0.050275186901604284
2023-01-26,0.05546962556265523
2023-01-27,0.06171593555040661
2023-01-30,0.06159529023374549
2023-01-31,0.05835145846454621
2023-02-01,0.07156080318032636
2023-02-02,0.0902316200443567
2023-02-03,0.07185503704279231
2023-02-06,0.077204066414719
2023-02-07,0.06752473518445282
2023-02-08,0.057096886852409705
2023-02-09,0.04140140787771943
2023-02-10,0.031163921508142855
2023-02-13,0.03920032195632541
2023-02-14,0.03486819105346989
2023-02-15,0.03994387505078219
2023-02-16,0.04199320696446199
2023-02-17,0.0467983151306233
2023-02-21,0.00807601333207446
2023-02-22,-0.0052305918289712264
2023-02-23,0.0011487684916211614
2023-02-24,-0.009966022548077597
2023-02-27,-0.01749613462444763
2023-02-28,-0.023494108210671577
2023-03-01,-0.014711078525673724
2023-03-02,-0.021560200651360127
2023-03-03,-0.016221363689920984
2023-03-06,-0.029980902283049206
2023-03-07,-0.03474230626869941
2023-03-08,-0.026981440039908666
2023-03-09,-0.058597321758498626
2023-03-10,-0.06213696906487106
2023-03-13,-0.05485645555740672
2023-03-14,-0.040792280287355244
2023-03-15,-0.058737005186722924
2023-03-16,-0.04088366271330193
2023-03-17,-0.05588734294824698
2023-03-20,-0.03245304216330097
2023-03-21,-0.016906830333639836
2023-03-22,-0.013835521693989303
2023-03-23,-0.009756434935755865
2023-03-24,-0.008521164056200542
2023-03-27,0.0040866580416728535
2023-03-28,-0.001560541079877076
2023-03-29,0.016572475771092197
2023-03-30,0.026254048829717946
2023-03-31,0.03250307688772082
2023-04-03,0.02039569476041766
2023-04-04,0.014139897136231401
2023-04-05,0.026965601876902348
2023-04-06,0.029228026541374588
2023-04-10,0.04887580857570985
2023-04-11,0.0636791450559254
2023-04-12,0.06102115138486556
2023-04-13,0.05782140346205681
2023-04-14,0.06164958479752541
2023-04-17,0.04783846205359166
2023-04-18,0.06025196090215823
2023-04-19,0.05051321395052083
2023-04-20,0.031996143284581426
2023-04-21,0.04996635110011001
2023-04-24,0.04830920928993878
2023-04-25,0.02576738594491069
2023-04-26,0.019654872848839107
2023-04-27,0.041614392408035286
2023-04-28,0.035683280411237285
2023-05-01,0.028834586062524842
2023-05-02,0.003535549481324748
2023-05-03,-0.007155419538486411
2023-05-04,-0.008700193908173675
2023-05-05,0.01226483510658192
2023-05-08,0.008638135894691382
2023-05-09,0.003217523775747672
2023-05-10,0.0076101922179051575
2023-05-11,0.00994919508749279
2023-05-12,-0.004557271727139413
2023-05-15,0.00133264641046735
2023-05-16,-0.008954291098434205
2023-05-17,0.002459453973092787
2023-05-18,0.012215754273299744
2023-05-19,0.016231668196928277
2023-05-22,0.015860823675575515
2023-05-23,0.0035320376349380167
2023-05-24,0.012262097307989807
2023-05-25,0.025129148381964266
2023-05-26,0.018284258122494665
2023-05-30,0.01016609409501802
2023-05-31,0.005615922388218349
2023-06-01,0.02637494494777043
2023-06-02,0.047620103028899394
2023-06-05,0.052810135714915
2023-06-06,0.0366419210092255
2023-06-07,0.032911698359890496
2023-06-08,0.043336891427847184
2023-06-09,0.040468295327939774
2023-06-12,0.0512446383905682
2023-06-13,0.05912712417782542
2023-06-14,0.05687314678564683
2023-06-15,0.07589959134399486
2023-06-16,0.060421800082925275
2023-06-20,0.04563286841558061
2023-06-21,0.04195226798074122
2023-06-22,0.04514953450465511
2023-06-23,0.048846853489626856
2023-06-26,0.05202387055348847
2023-06-27,0.05430499348054831
2023-06-28,0.04194174225250131
2023-06-29,0.04549458449247052
2023-06-30,0.06278665058864077
2023-07-03,0.0544804746169994
2023-07-05,0.038634622625729614
2023-07-06,0.03269126419033478
2023-07-07,0.027988140681808982
2023-07-10,0.03397984407005381
2023-07-11,0.03429795728958419
2023-07-12,0.04051877583367017
2023-07-13,0.03939342016072097
2023-07-14,0.032199194888193304
2023-07-17,0.034475194215939406
2023-07-18,0.029556990082131702
2023-07-19,0.03519028407202451
2023-07-20,0.03373528233897255
2023-07-21,0.038871988307914634
2023-07-24,0.03972627040271745
2023-07-25,0.05004146494208489
2023-07-26,0.05428930044560528
2023-07-27,0.03673362049501301
2023-07-28,0.045971984762863155
2023-07-31,0.043940716970541416
2023-08-01,0.029343358916244375
2023-08-02,0.014185034084639806
2023-08-03,0.01280320091646479
2023-08-04,0.016131725834282473
2023-08-07,0.02735038310376968
2023-08-08,0.02046422113479118
2023-08-09,0.007408162745140647
2023-08-10,-0.0002466209279177145
2023-08-11,-0.008735408640578006
2023-08-14,-0.0026076711897380657
2023-08-15,-0.017791057843766746
2023-08-16,-0.03255932117121351
2023-08-17,-0.04242979526502326
2023-08-18,-0.03529177335686727
2023-08-21,-0.02880661461956438
2023-08-22,-0.03597623458080036
2023-08-23,-0.02762648446105511
2023-08-24,-0.04173618487039
2023-08-25,-0.028059073703106396
2023-08-28,-0.03148034216486239
2023-08-29,-0.01903165077664344
2023-08-30,-0.012055420360594525
2023-08-31,0.000488628656897406
2023-09-01,0.005222169828275216
2023-09-05,0.005423787387189852
2023-09-06,-0.010012057436147201
2023-09-07,-0.008728729802255215
2023-09-08,-0.0005160824600037109
2023-09-11,0.005680130100740609
2023-09-12,0.0007625694991650457
2023-09-13,-0.003576732382468865
2023-09-14,0.016725880590125728
2023-09-15,0.011969392749471664
2023-09-18,0.02020480311585754
2023-09-19,0.017647715816710846
2023-09-20,0.0019265004658640553
2023-09-21,-0.012027604306063784
2023-09-22,-0.025354952068280614
2023-09-25,-0.007202486394172238
2023-09-26,-0.029027733999024693
2023-09-27,-0.03495018114334219
2023-09-28,-0.04352052830780436
2023-09-29,-0.050060735857943225
2023-10-02,-0.04899429180564153
2023-10-03,-0.06433421178546542
2023-10-04,-0.05274719799011677
2023-10-05,-0.04637888316696914
2023-10-06,-0.031501059194163614
2023-10-09,-0.026624332253676154
2023-10-10,-0.02798805859543541
2023-10-11,-0.018399379960722464
2023-10-12,-0.02568004045608707
2023-10-13,-0.03925871054162488
2023-10-16,-0.01667053684848804
2023-10-17,-0.01730263414371739
2023-10-18,-0.02864159834912033
2023-10-19,-0.028230636723570353
2023-10-20,-0.023928702352739514
2023-10-23,-0.023411927348143877
2023-10-24,-0.020097429253655683
2023-10-25,-0.019753449984533874
2023-10-26,-0.03219924106858049
2023-10-27,-0.04252315023502243
2023-10-30,-0.028208486234122608
2023-10-31,-0.021549860451755918
2023-11-01,0.0025349501354503495
2023-11-02,0.01426225300815521
2023-11-03,0.02372121139281682
2023-11-06,0.014216044360063528
2023-11-07,0.010676347967864722
2023-11-08,0.006217115354726604
2023-11-09,-0.005700131054880938
2023-11-10,0.01589929857405419
2023-11-13,0.01993891299438895
2023-11-14,0.0286873247457386
2023-11-15,0.030848129396098673
2023-11-16,0.04548527882353573
2023-11-17,0.0555533743197453
2023-11-20,0.07558585766653754
2023-11-21,0.0751385067126794
2023-11-22,0.07148086533028317
2023-11-24,0.08655225547314387
2023-11-27,0.09679653305101234
2023-11-28,0.10232921425224883
2023-11-29,0.08974070640953423
2023-11-30,0.08740971037765785
2023-12-01,0.0826998874021662
2023-12-04,0.05845368776035512
2023-12-05,0.049174599794129234
2023-12-06,0.04283875699400786
2023-12-07,0.04759821630091287
2023-12-08,0.05115612829186771
2023-12-11,0.06286748459073192
2023-12-12,0.051940032961624506
2023-12-13,0.06658974858807926
2023-12-14,0.050578776469786715
2023-12-15,0.04681597167564223
2023-12-18,0.05120298632248965
2023-12-19,0.05602243921429447
2023-12-20,0.03440014633191471
2023-12-21,0.046019181285551325
2023-12-22,0.04417349572511402
2023-12-26,0.0477719310578959
2023-12-27,0.051380962753380985
2023-12-28,0.05076908700737172
2023-12-29,0.04857357996026695
2024-01-02,0.039031783777279394
2024-01-03,0.02493304953601702
2024-01-04,0.026970087587480783
2024-01-05,0.028535772207462298
2024-01-08,0.046748761555642455
2024-01-09,0.03762903349082363
2024-01-10,0.03897861083235718
2024-01-11,0.03465580858982696
2024-01-12,0.0307914143019634
2024-01-16,0.013417487602722482
2024-01-17,0.004639297482829929
2024-01-18,0.015140712469479862
2024-01-19,0.021920312661701396
2024-01-22,0.01797004080441983
2024-01-23,0.03483646165806861
2024-01-24,0.026491621950584954
2024-01-25,0.02990830601538149
2024-01-26,0.024423308084279085
2024-01-29,0.030505093238737402
2024-01-30,0.029353780983008438
2024-01-31,0.015801002706056822
2024-02-01,0.03441625172890346
2024-02-02,0.0530889680706975
2024-02-05,0.05266725653139951
2024-02-06,0.05419765466050143
2024-02-07,0.04832863500845487
2024-02-08,0.05028850289058057
2024-02-09,0.05041170255313037
2024-02-12,0.05041341215665119
2024-02-13,0.03585212309886217
2024-02-14,0.048576593419215545
2024-02-15,0.06102675039494443
2024-02-16,0.04718096094216424
2024-02-20,0.029271227910266255
2024-02-21,0.02806452688280497
2024-02-22,0.045636558115695065
2024-02-23,0.04523355738257678
2024-02-26,0.03613993991115035
2024-02-27,0.03926743643267091
2024-02-28,0.030056503409678446
2024-02-29,0.03441879477997482
2024-03-01,0.06021517073135677
2024-03-04,0.04613898885880592
2024-03-05,0.02562209536227365
2024-03-06,0.03432439102525753
2024-03-07,0.041302822031085186
2024-03-08,0.026976670998601775
2024-03-11,0.0256748538319611
2024-03-12,0.030611948679712533
2024-03-13,0.02948232509670412
2024-03-14,0.04137233671700212
2024-03-15,0.025435675146386415
2024-03-18,0.02448500886463021
2024-03-19,0.03501917853854213
2024-03-20,0.04974675746428848
2024-03-21,0.052140297056566524
2024-03-22,0.029758532092531736
2024-03-25,0.026302518977812904
2024-03-26,0.02812292984164468
2024-03-27,0.03463581068810029
2024-03-28,0.035767231894005415
2024-04-01,0.030437196942944385
2024-04-02,0.01471451775734032
2024-04-03,0.016885308835905704
2024-04-04,0.014648493642634638
2024-04-05,0.019986885971140966
2024-04-08,0.010668523063424059
2024-04-09,0.017844787887392476
2024-04-10,0.008641469875367815
2024-04-11,0.0054601433053369924
2024-04-12,-0.006870374156605823
2024-04-15,-0.017498747898774144
2024-04-16,-0.01243412471661805
2024-04-17,-0.024295262085446603
2024-04-18,-0.03189704255708018
2024-04-19,-0.04987055102564748
2024-04-22,-0.04400250979887107
2024-04-23,-0.03030841106286803
2024-04-24,-0.028016496137693088
2024-04-25,-0.02997377389389228
2024-04-26,-0.028913387800301324
2024-04-29,-0.0251868679505178
2024-04-30,-0.03941355939788564
2024-05-01,-0.03628773311390048
2024-05-02,-0.02807568209822122
2024-05-03,-0.003475389516951668
2024-05-06,-0.003594241985695982
2024-05-07,-0.003050404373784744
2024-05-08,-0.00410991703367232
2024-05-09,0.011698961861062188
2024-05-10,0.005467644404490647
2024-05-13,0.019501151479771352
2024-05-14,0.03668608997025335
2024-05-15,0.050818612472240336
2024-05-16,0.05469470837399253
2024-05-17,0.058191100822235844
2024-05-20,0.06810934484975736
2024-05-21,0.06139169699067342
2024-05-22,0.04671150494199997
2024-05-23,0.03985526351830798
2024-05-24,0.05025624204752071
2024-05-28,0.04152525545312039
2024-05-29,0.03096275327389539
2024-05-30,0.040275037275799674
2024-05-31,0.05259443965446415
2024-06-03,0.04409951507605052
2024-06-04,0.03289782578711491
2024-06-05,0.03443913626917542
2024-06-06,0.033317187585299106
2024-06-07,0.0320043754078553
2024-06-10,0.029344072657426723
2024-06-11,0.030462122001974772
2024-06-12,0.03850728895837768
2024-06-13,0.03594103647477844
2024-06-14,0.02424218768794636
2024-06-17,0.034229341971810524
2024-06-18,0.03533045584192626
2024-06-20,0.031458267007673846
2024-06-21,0.027667362013568203
2024-06-24,0.027295118182753805
2024-06-25,0.03846953291063565
2024-06-26,0.033122185538260115
2024-06-27,0.03399898812176263
2024-06-28,0.03708321190633758
2024-07-01,0.04579490607376584
2024-07-02,0.043435248388984105
2024-07-03,0.04707300470631252
2024-07-05,0.05170555831615378
2024-07-08,0.04104351121413202
2024-07-09,0.042034461870091466
2024-07-10,0.053097410983551786
2024-07-11,0.041352378748993925
2024-07-12,0.04523490119525657
2024-07-15,0.039801715374449285
2024-07-16,0.04370277477579087
2024-07-17,0.028974461549913125
2024-07-18,0.013332478921413435
2024-07-19,0.004131904490721258
2024-07-22,0.017109727760487824
2024-07-23,0.016881353977581743
2024-07-24,-0.0027860603330617712
2024-07-25,-0.011853411431218184
2024-07-26,-0.0019634410724302786
2024-07-29,-0.0029511163944635384
2024-07-30,-0.004087360873542116
2024-07-31,0.009980529930344342
2024-08-01,-0.01098903189442774
2024-08-02,-0.03423551164598601
2024-08-05,-0.06954169343618719
2024-08-06,-0.061517451537349596
2024-08-07,-0.0691960727851274
2024-08-08,-0.056188463640171556
2024-08-09,-0.04312840167434227
2024-08-12,-0.04889116207051441
2024-08-13,-0.0353253876478867
2024-08-14,-0.03808819979886447
2024-08-15,-0.0069731263972252515
2024-08-16,0.0029809486395996777
2024-08-19,0.01915976493477352
2024-08-20,0.007275185613261802
2024-08-21,0.012275712453581729
2024-08-22,0.02731950594294937
2024-08-23,0.04311255043739004
2024-08-26,0.02958857723370453
2024-08-27,0.030373352592102346
2024-08-28,0.029630302017603923
2024-08-29,0.013596041090395508
2024-08-30,0.037359004217209314
2024-09-03,0.03535908594990153
2024-09-04,0.0628666114719735
2024-09-05,0.05125386576339126
2024-09-06,0.040987198632386965
2024-09-09,0.02926690765207049
2024-09-10,0.02921306186449228
2024-09-11,0.03889465724432461
2024-09-12,0.030970655692514015
2024-09-13,0.033030158260464876
2024-09-16,0.017510963870029744
2024-09-17,0.015679977814849626
2024-09-18,0.003193891298310238
2024-09-19,0.02174163460476651
2024-09-20,0.01658095075792012
2024-09-23,0.026955977454260413
2024-09-24,0.019244077327750065
2024-09-25,0.019422704073367478
2024-09-26,0.022007345042785707
2024-09-27,0.0263779891851406
2024-09-30,0.03028780099915392
2024-10-01,0.011788288722587548
2024-10-02,0.03300397580154119
2024-10-03,0.03322287451217617
2024-10-04,0.044704444303763545
2024-10-07,0.05259626386783868
2024-10-08,0.050875375119168655
2024-10-09,0.05343174579822729
2024-10-10,0.04147336201652108
2024-10-11,0.03905576419434575
2024-10-14,0.041991481445594586
2024-10-15,0.03271591763279362
2024-10-16,0.03664439991328301
2024-10-17,0.03970032052300501
2024-10-18,0.026619004317758578
2024-10-21,0.026705578129452064
2024-10-22,0.023678639877137347
2024-10-23,0.011642180441393531
2024-10-24,0.01601035285290063
2024-10-25,0.011708009073047893
2024-10-28,0.01624629978134068
2024-10-29,0.013863947420025675
2024-10-30,0.01983314539947225
2024-10-31,-0.00038681075239396746
2024-11-01,0.005654608504877196
2024-11-04,-0.005547850110914733
2024-11-05,0.015552907763543258
2024-11-06,0.030701383178896126
2024-11-07,0.031501120468014183
2024-11-08,0.03757531358213825
2024-11-11,0.03255706865886047
2024-11-12,0.021301122504741105
2024-11-13,0.029586636279514435
2024-11-14,0.018798570206608817
2024-11-15,0.005821448106157139
2024-11-18,0.006071463607438315
2024-11-19,0.0113636245320117
2024-11-20,0.012233811258192381
2024-11-21,0.026767006988340756
2024-11-22,0.027701313090934186
2024-11-25,0.03143295204269179
2024-11-26,0.0335542946453758
2024-11-27,0.028902657258420863
2024-11-29,0.03812510951123204
2024-12-02,0.059714036183891574
2024-12-03,0.05596583291971694
2024-12-04,0.06431256928786695
2024-12-05,0.050646317049520696
2024-12-06,0.02797858596625353
2024-12-09,0.015113230995255793
2024-12-10,0.0076768804787259596
2024-12-11,0.014425548817809964
2024-12-12,0.012370708238184515
2024-12-13,0.011686518052596052
2024-12-16,0.022398398160875986
2024-12-17,0.031161078252123404
2024-12-18,-0.003184558879316397
2024-12-19,-0.0071404237647975715
2024-12-20,0.0044601665700799336
2024-12-23,0.0050766487393556405
2024-12-24,0.013035599633935593
2024-12-26,0.009716226052020214
2024-12-27,-0.006074289915001765
2024-12-30,-0.014516852040845218
2024-12-31,-0.024354386389738514
2025-01-02,-0.02860541710732032
2025-01-03,-0.01664283239240666
2025-01-06,-0.017089305359421186
2025-01-07,-0.026810742053868682
2025-01-08,-0.027244606119796323
2025-01-10,-0.03746680194936106
2025-01-13,-0.032803596140917254
2025-01-14,-0.03912944566606978
2025-01-15,-0.015937009681351047
2025-01-16,-0.01766360124162686
2025-01-17,-0.011934605722751901
2025-01-21,0.0013060047912221316
2025-01-22,0.03716815000362469
2025-01-23,0.042918585577617435
2025-01-24,0.02805560035654282
2025-01-27,0.007838870201197137
2025-01-28,0.005340969590717655
2025-01-29,0.0007811411985353271
2025-01-30,0.016716383904774708
2025-01-31,0.022857341133983126
2025-02-03,0.019749837168565175
2025-02-04,0.028895727896782165
2025-02-05,0.020516285030042047
2025-02-06,0.018241737099275356
2025-02-07,0.020414497919235552
2025-02-10,0.025722755738385405
2025-02-11,0.041868228515772404
2025-02-12,0.037092086502284134
2025-02-13,0.046219330284279936
2025-02-14,0.028143552154074804
2025-02-18,0.03300014874277477
2025-02-19,0.0253625366449957
2025-02-20,0.012081551228517297
2025-02-21,-0.010776122212261388
2025-02-24,-0.020780063379036862
2025-02-25,-0.022842183383608595
2025-02-26,-0.008091190589445263
2025-02-27,-0.032737523803241436
2025-02-28,-0.012759536818020448
2025-03-03,-0.03578742771627206
2025-03-04,-0.04235867035676157
2025-03-05,-0.024916126749236305
2025-03-06,-0.04951238715458504
2025-03-07,-0.04796968111710275
2025-03-10,-0.07843587643038441
2025-03-11,-0.07758783709242036
2025-03-12,-0.07906355060325157
2025-03-13,-0.0932439705618443
2025-03-14,-0.06957178490420148
2025-03-17,-0.07239237654432279
2025-03-18,-0.08321039505044461
2025-03-19,-0.07530995473939822
2025-03-20,-0.08055811260027984
2025-03-21,-0.07605910287968425
2025-03-24,-0.04105696961653742
2025-03-25,-0.03409552925702235
2025-03-26,-0.04111992855893574
2025-03-27,-0.044283941074401714
2025-03-28,-0.04853696282231669
2025-03-31,-0.057331610410405236
2025-04-01,-0.03683595904557709
2025-04-02,-0.018619958119301293
2025-04-03,-0.07984684226997987
2025-04-04,-0.12226308028691615
2025-04-07,-0.12963507590540393
2025-04-08,-0.11842503717897002
2025-04-09,-0.010214660880469947
2025-04-10,-0.06031534807126849
2025-04-11,-0.029209775992842583
2025-04-14,-0.04000037023916555
2025-04-15,-0.05048674513530486
2025-04-16,-0.062098489129320665
2025-04-17,-0.07150448594341262
2025-04-21,-0.0926991678287431
2025-04-22,-0.06734397818457905
2025-04-23,-0.06971741848690256
2025-04-24,-0.05128765378061681
2025-04-25,-0.032078299709412464
2025-04-28,-0.029037785472789634
2025-04-29,-0.0024144885421477544
2025-04-30,-0.008708095908511005
2025-05-01,-0.004466551252073562
2025-05-02,0.0039599884216449
2025-05-05,0.04874560950309205
2025-05-06,0.10067883631902996
2025-05-07,0.10665834698877782
2025-05-08,0.12938875490324783
2025-05-09,0.028250824555777525
2025-05-12,0.1055721720367518
2025-05-13,0.0944690068644006
2025-05-14,0.08609134957795644
2025-05-15,0.09376854151697306
2025-05-16,0.12256145576937329
2025-05-19,0.12222886617233336
2025-05-20,0.14295163718738993
2025-05-21,0.100272198323272
2025-05-22,0.08529012358231418
2025-05-23,0.05761028674929568
2025-05-27,0.07098849355589104
2025-05-28,0.06480515379744785
2025-05-29,0.06246518324119348
2025-05-30,0.06094926185315626
2025-06-02,0.05950432602292356
2025-06-03,0.05045568484979795
2025-06-04,0.055938216752378145
2025-06-05,0.05948718096509292
2025-06-06,0.06550695970767949
2025-06-09,0.059464099794331225
2025-06-10,0.06639300120476788
2025-06-11,0.031023727156209525
2025-06-12,0.028407847044209747
2025-06-13,0.01588767753170658
2025-06-16,0.020484446386574557
2025-06-17,0.005588697354714377
2025-06-18,0.004344626713940033
2025-06-20,0.005361224795293815
2025-06-23,0.032184419100784
2025-06-24,0.04277658673100673
2025-06-25,0.050185982848468536
2025-06-26,0.037402024029035474
2025-06-27,0.04816016424863887
2025-06-30,0.048990264644779055
2025-07-01,0.04978581994979781
2025-07-02,0.04869175585440541
2025-07-03,0.050855952181192335
2025-07-07,0.043644307976640276
2025-07-08,0.047940925850127436
2025-07-09,0.04370313641592141
2025-07-10,0.04561850168919468
2025-07-11,0.036443227572362256
2025-07-14,0.041205716583938554
2025-07-15,0.03295694522546992
2025-07-16,0.04753759137555393
2025-07-17,0.04416941054358046
2025-07-18,0.052018479944481257
2025-07-21,0.0540636100724953
2025-07-22,0.056557915616239504
2025-07-23,0.05520056358309601
2025-07-24,0.04454492151960319
2025-07-25,0.04820017072955882
2025-07-28,0.040155600871605114
2025-07-29,0.03255843771079654
2025-07-30,0.026528600771571355
2025-07-31,0.023093952829000446
2025-08-01,0.0020447430280091114
2025-08-04,0.009279509920439072
2025-08-05,0.011676765992438018
2025-08-06,0.01985512535495629
2025-08-07,0.013038431798109899
2025-08-08,0.017989518295666487
2025-08-11,0.019531539872356472
2025-08-12,0.028214890104772863
2025-08-13,0.035914613565246584
2025-08-14,0.032670055057792975
2025-08-15,0.024224979375111838
2025-08-18,0.024740101183226705
2025-08-19,0.017405726278862527
2025-08-20,0.014601995413563827
2025-08-21,0.00211064528634446
2025-08-22,0.01701961816823717
2025-08-25,0.00839348738273344
2025-08-26,0.012822817549341737
2025-08-27,0.017739872282453984
2025-08-28,0.022535198643787564
2025-08-29,0.02031184844012263
2025-09-02,0.029400137881073096
2025-09-03,0.01971970924156943
2025-09-04,0.03312529440032704
2025-09-05,0.022594166114618428
2025-09-08,0.025885955491108278
2025-09-09,0.02042768932960053
2025-09-10,0.02529387068553109
2025-09-11,0.022979953858193552
2025-09-12,0.01922798309558671
2025-09-15,0.02444484994485591
2025-09-16,0.025411050337483147
2025-09-17,0.024385402021676446
2025-09-18,0.03448696038553225
2025-09-19,0.04208822996928152
2025-09-22,0.050827973126181314
2025-09-23,0.030129560917463785
2025-09-24,0.03135363058337373
2025-09-25,0.022551162965269538
2025-09-26,0.02598803679235903
2025-09-29,0.025259259810446737
2025-09-30,0.03500067991879006
2025-10-01,0.04584034492900738
2025-10-02,0.0415864670756732
2025-10-03,0.033248878886075736
2025-10-06,0.039729327802744685
2025-10-07,0.03356113139043675
2025-10-08,0.0371974125837383
2025-10-09,0.03140951595819584
2025-10-10,-0.004266112351787304
2025-10-13,0.01129610148196229
2025-10-14,0.0047637764286801885
2025-10-15,0.010571400841425393
2025-10-16,0.0049810524203098994
2025-10-17,0.005979740137810977
2025-10-20,0.011385853057381825
2025-10-21,0.0066510051026397905
2025-10-22,0.006896972810698643
2025-10-23,0.01599605700391251
2025-10-24,0.028759586005940148
2025-10-27,0.03477545235144993
2025-10-28,0.03462150563110879
2025-10-29,0.03134189814117339
2025-10-30,0.0168810496769958
2025-10-31,0.0190049130119179
2025-11-03,0.02089460879403541
2025-11-04,0.0053904417736980615
2025-11-05,0.012564222380302924
2025-11-06,-0.004168428964187417
2025-11-07,-0.00028319286235914545
2025-11-10,0.042600541954891484
2025-11-11,0.029659530650643015
2025-11-12,0.03143817615676564
2025-11-13,0.010275141738154086
2025-11-14,0.016945098433186624
2025-11-17,0.0019246533729900877
2025-11-18,-0.016855027057974526
2025-11-19,-0.012984274235197381
2025-11-20,-0.02313159257663663
2025-11-21,-0.019132034136477963
2025-11-24,-0.01266014953884733
2025-11-25,-0.015026871499641992
2025-11-26,-0.01079949507642248
2025-11-28,-0.005836114241814256
2025-12-01,0.0006470884653261357
2025-12-02,-0.0007773277119251061
2025-12-03,0.0008045301946445359
2025-12-04,0.013459672553182072
2025-12-05,0.01189800898543285
2025-12-08,0.019676517135366486
2025-12-09,0.01782897617266299
2025-12-10,0.008955409945234026
2025-12-11,0.008993121333590972
2025-12-12,-0.0023734016182613595
2025-12-15,0.012847902667365062
2025-12-16,0.010275465015020184
2025-12-17,0.00857105147116801
2025-12-18,0.024526933331759985
2025-12-19,0.02969379549945189
2025-12-22,0.05126405739020918
2025-12-23,0.045912162371800146
2025-12-24,0.034812369235266406
2025-12-26,0.025349009441410657
2025-12-29,0.014899161937955785
2025-12-30,0.008233751824998971
2025-12-31,0.005373070669110445
2026-01-02,0.005353936385748851
2026-01-05,0.008535183411562246
2026-01-06,0.01373396303103101
2026-01-07,0.008607665029637545
2026-01-08,0.011514926608194762
2026-01-09,0.018970014483218025
2026-01-12,0.01392886513910718
2026-01-13,0.009603143435008451
2026-01-14,0.015486065662232058
2026-01-15,0.019717519117460742
2026-01-16,0.021615331047552165
2026-01-20,0.01211309810887977
2026-01-21,0.016065123082103443
2026-01-22,0.012252140392874141
2026-01-23,0.006404288121796089
2026-01-26,0.006909542873798673
2026-01-27,0.007374443490864654
2026-01-28,0.007375188694755155
2026-01-29,0.008958827806223845
2026-01-30,0.007193637674916995
2026-02-02,0.01958923348412411
2026-02-03,0.009266525633546586
2026-02-04,-0.0022271991006201455
2026-02-05,-0.020724624739067304
2026-02-06,0.0015069438255192289
2026-02-09,0.006418725967573096
2026-02-10,-0.002813488081628346
2026-02-11,-0.004613795532994018
2026-02-12,-0.018181770361596798
2026-02-13,-0.012550176050704345
2026-02-17,-0.013657522984776845
2026-02-18,-0.007794186287819546
2026-02-19,0.010131736286229603
2026-02-20,0.0058625873746894815
2026-02-23,-0.00961085673402586
2026-02-24,-0.0027314061538172797
2026-02-25,0.0006062421932389649
2026-02-26,-0.008940066230747893
2026-02-27,-0.013652900889828457
2026-03-02,-0.011098129742781305
2026-03-03,-0.016964507279420355
2026-03-04,-0.01489301687830683
2026-03-05,-0.011992819019606422
2026-03-06,-0.020330919139957503
2026-03-09,0.0009588164241045448
2026-03-10,-0.019652608862243147
2026-03-11,-0.025718804472788376
2026-03-12,-0.03837958139731535
2026-03-13,-0.04382468450725051
2026-03-16,-0.018129802469660807
2026-03-17,-0.016206938913832562
2026-03-18,-0.031871017838538886
2026-03-19,-0.039363511302062455
2026-03-20,-0.05116211906408907
2026-03-23,-0.0479226822092853
2026-03-24,-0.04102137098240313
2026-03-25,-0.042706247438775935
2026-03-26,-0.06912932846268402
2026-03-27,-0.08075830963022379
2026-03-30,-0.07929386424336804
2026-03-31,-0.05120881540356223
